# callgrind format
version: 1
creator: callgrind-3.22.0
pid: 132740
cmd:  /tmp/botlish-post-structural-fn-1/target/release/botlish-native bench 2 /mnt/c/Users/MarkusWagner/dev/botlish/audit/post-structural-fn-dynamic-census/out/counterfactual/exact-noregion-0/program.nir
part: 1


desc: I1 cache: 32768 B, 64 B, 8-way associative
desc: D1 cache: 32768 B, 64 B, 8-way associative
desc: LL cache: 12582912 B, 64 B, 24-way associative

desc: Timerange: Basic block 0 - 17438777
desc: Trigger: Program termination

positions: instr
events: Ir Dr Dw I1mr D1mr D1mw ILmr DLmr DLmw Bc Bcm Bi Bim
summary: 9680415 2064341 1574567 193 13346 1425 0 0 7 1437679 52389 121005 6


ob=/tmp/botlish-post-structural-fn-1/target/release/botlish-native
fl=/tmp/botlish-post-structural-fn-1/native-audit/src/runtime/ops.rs
fn=rt_char_codepoint
0x1e67c0 4 0 4 1
0x1e67c1 4
fi=/tmp/botlish-post-structural-fn-1/native-audit/src/runtime/value.rs
0x1e67c4 4
0x1e67c8 4
0x1e67d2 4
0x1e67d5 4
fe=/tmp/botlish-post-structural-fn-1/native-audit/src/runtime/ops.rs
0x1e67d8 4 4
0x1e67d9 4 4

fn=rt_str_utf8_bytes
0x1ec6f0 3 0 3
0x1ec6f1 3
0x1ec6f4 3 0 3
0x1ec6f6 3 0 3
0x1ec6f8 3 0 3
0x1ec6fa 3 0 3
0x1ec6fc 3 0 3
0x1ec6fd 3
0x1ec701 3
0x1ec70b 3 3
fi=/rustc/48a229ceaefd4985c50990b14116b6d856af0985/library/core/src/num/uint_macros.rs
0x1ec70f 3
0x1ec717 3
0x1ec71b 3
0x1ec71e 3
0x1ec721 3
0x1ec72b 3
0x1ec72e 3
fi=/rustc/48a229ceaefd4985c50990b14116b6d856af0985/library/core/src/intrinsics/mod.rs
0x1ec731 3
0x1ec733 3 0 0 0 0 0 0 0 0 3
fi=/rustc/48a229ceaefd4985c50990b14116b6d856af0985/library/alloc/src/raw_vec/mod.rs
0x1ec746 3
0x1ec749 3 3
0x1ec74d 3
0x1ec750 3 0 0 0 0 0 0 0 0 3
0x1ec752 3 0 3
0x1ec756 3 3 3 0 0 0 0 0 0 0 0 3
cfi=???
cfn=__rustc::__rust_no_alloc_shim_is_unstable_v2
calls=6 0x1a9190 
0x1ec756 12 6 3
0x1ec75c 3
fi=/rustc/48a229ceaefd4985c50990b14116b6d856af0985/library/alloc/src/alloc.rs
0x1ec762 3
0x1ec767 3
0x1ec76a 3 3 3 0 0 0 0 0 0 0 0 3
cfi=???
cfn=__rustc::__rust_alloc
calls=6 0x1a9150 
0x1ec76a 165 42 24 0 0 0 0 0 0 24 2 3
fi=/rustc/48a229ceaefd4985c50990b14116b6d856af0985/library/alloc/src/raw_vec/mod.rs
0x1ec770 3
0x1ec773 3 0 0 0 0 0 0 0 0 3
0x1ec775 3
0x1ec778 3 3
fi=/rustc/48a229ceaefd4985c50990b14116b6d856af0985/library/core/src/ptr/non_null.rs
0x1ec77c 3
fi=/rustc/48a229ceaefd4985c50990b14116b6d856af0985/library/core/src/slice/iter/macros.rs
0x1ec77f 3 0 0 1 0 0 0 0 0 3 2
0x1ec796 3
0x1ec79a 3
0x1ec79e 3 0 0 0 0 0 0 0 0 3
fi=/rustc/48a229ceaefd4985c50990b14116b6d856af0985/library/alloc/src/vec/set_len_on_drop.rs
0x1ec7ba 3
0x1ec7bd 3
fi=/rustc/48a229ceaefd4985c50990b14116b6d856af0985/library/core/src/slice/iter/macros.rs
0x1ec7c0 3 0 0 1
0x1ec7c3 3
0x1ec7c6 3
0x1ec7c9 3
0x1ec7cd 3 0 0 0 0 0 0 0 0 3
0x1ec7cf 3
fi=/rustc/48a229ceaefd4985c50990b14116b6d856af0985/library/core/src/option.rs
0x1ec7d0 3 3
fi=/tmp/botlish-post-structural-fn-1/native-audit/src/runtime/value.rs
0x1ec7d4 3
fi=/rustc/48a229ceaefd4985c50990b14116b6d856af0985/library/core/src/ptr/non_null.rs
0x1ec7dc 3
fi=/rustc/48a229ceaefd4985c50990b14116b6d856af0985/library/core/src/ptr/mod.rs
0x1ec7df 3 0 3
fi=/rustc/48a229ceaefd4985c50990b14116b6d856af0985/library/alloc/src/vec/set_len_on_drop.rs
0x1ec7e3 3
fi=/rustc/48a229ceaefd4985c50990b14116b6d856af0985/library/core/src/slice/iter/macros.rs
0x1ec7e6 3
0x1ec7e9 3 0 0 0 0 0 0 0 0 3
0x1ec7eb 3
0x1ec7ee 3
0x1ec7f2 3 0 0 0 0 0 0 0 0 3
fi=/rustc/48a229ceaefd4985c50990b14116b6d856af0985/library/alloc/src/vec/spec_from_iter_nested.rs
0x1ec8da 3 0 3 1
0x1ec8de 3 0 3
0x1ec8e2 3 0 3
0x1ec8e6 3
fe=/tmp/botlish-post-structural-fn-1/native-audit/src/runtime/ops.rs
0x1ec8ea 3
0x1ec8ed 3 3 3 0 0 0 0 0 0 0 0 3
cfi=/tmp/botlish-post-structural-fn-1/native-audit/src/runtime/vm.rs
cfn=<botlish_native::runtime::vm::Vm>::new_list
calls=6 0x2017b0 
0x1ec8ed 752 188 121 0 0 1 0 0 0 123 9 9
fi=/tmp/botlish-post-structural-fn-1/native-audit/src/runtime/metrics.rs
0x1ec8f3 3 3
0x1ec8fb 3 0 0 0 0 0 0 0 0 3
fe=/tmp/botlish-post-structural-fn-1/native-audit/src/runtime/ops.rs
0x1ec904 3
0x1ec908 3 3
0x1ec909 3 3
0x1ec90b 3 3
0x1ec90d 3 3
0x1ec90f 3 3
0x1ec911 3 3
0x1ec912 3 3

fn=rt_is_tcl_alpha
0x1ea4e0 1200 0 1200 1
0x1ea4e1 1200
0x1ea4e4 1200
0x1ea4e8 1200
0x1ea4eb 1200
0x1ea4ee 1200
0x1ea4f5 1200
0x1ea4f9 1200 0 1200
cfn=botlish_native::runtime::ops::one_scalar
calls=2400 0x1e1800 
0x1ea4f9 46800 12000 8400 0 0 0 0 0 0 6000
0x1ea4fe 1200 1200 0 1
0x1ea502 1200 0 0 0 0 0 0 0 0 1200
0x1ea50e 1200 1200
fi=/home/markus/.cargo/registry/src/index.crates.io-1949cf8c6b5b557f/unicode-general-category-1.1.0/src/category.rs
0x1ea511 1200
0x1ea514 1200
0x1ea517 1200
0x1ea51e 1200 1200
0x1ea522 1200
0x1ea525 1200
0x1ea52c 1200 0 0 0 0 0 0 0 0 1200
0x1ea52e 1200
0x1ea535 1200 1200 0 0 1
0x1ea539 1200
0x1ea53e 1200
fe=/tmp/botlish-post-structural-fn-1/native-audit/src/runtime/ops.rs
0x1ea541 1200 0 0 0 0 0 0 0 0 1200
0x1ea543 1200
0x1ea548 1200 1200 1200
0x1ea54b 1200 0 0 0 0 0 0 0 0 1200
0x1ea54d 1200
0x1ea552 1200
0x1ea556 1200 1200
0x1ea557 1200 1200

fn=botlish_native::runtime::ops::equal
0x1e30a0 6020 0 6020
0x1e30a1 6020
0x1e30a4 6020 0 6020
0x1e30a6 6020 0 6020
0x1e30a8 6020 0 6020
0x1e30aa 6020 0 6020
0x1e30ac 6020 0 6020
0x1e30ad 6020
0x1e30b1 6020
0x1e30b6 6020
0x1e30bd 6020 0 0 1
0x1e30c4 6020
0x1e30cb 6020 0 6020
fi=/tmp/botlish-post-structural-fn-1/native-audit/src/runtime/value.rs
0x1e30cf 6020
0x1e30d3 6020 0 0 0 0 0 0 0 0 6020 2
0x1e30d9 10
0x1e30dc 10 0 10
0x1e30e0 10
0x1e30e3 10 0 0 0 0 0 0 0 0 10 4
0x1e30dc 6010 0 6010
0x1e30e0 6010
0x1e30e3 6010 0 0 0 0 0 0 0 0 6010
0x1e30e5 6010
0x1e30e8 6010
0x1e30ec 6010 0 0 0 0 0 0 0 0 6010
0x1e30ee 6010
0x1e30f2 6010 0 0 0 0 0 0 0 0 6010
0x1e30f4 6010
0x1e30f8 6010 0 0 0 0 0 0 0 0 6010 800
0x1e30ff 6010 0 0 1
0x1e3102 6010
0x1e3106 6010
0x1e3109 6010
0x1e310d 6010 0 0 0 0 0 0 0 0 6010
0x1e310f 6010
0x1e3112 6010 0 0 0 0 0 0 0 0 6010
0x1e3118 6010
0x1e311b 6010 0 0 0 0 0 0 0 0 6010
0x1e3121 6010 6010 0 0 4
0x1e3125 6010
0x1e3128 6010
0x1e312c 6010 0 0 0 0 0 0 0 0 6010
0x1e3132 6010 6010 0 0 1
0x1e3136 6010
0x1e3139 6010 0 0 0 0 0 0 0 0 0 0 6010
0x1e3140 10
fe=/tmp/botlish-post-structural-fn-1/native-audit/src/runtime/ops.rs
0x1e3143 10
0x1e3147 10
0x1e314b 10 0 0 0 0 0 0 0 0 10
0x1e3143 6010 0 0 1
0x1e3147 6010
0x1e314b 6010 0 0 0 0 0 0 0 0 6010 801
0x1e3151 6020
0x1e3155 6020
0x1e3159 6020 0 0 0 0 0 0 0 0 6020 1
fi=/tmp/botlish-post-structural-fn-1/native-audit/src/runtime/value.rs
0x1e315f 6020
fe=/tmp/botlish-post-structural-fn-1/native-audit/src/runtime/ops.rs
0x1e3162 6020 0 0 0 0 0 0 0 0 6020
0x1e3168 6020
0x1e316b 6020
0x1e316f 6020 6020 0 0 1
0x1e3173 6020
0x1e3176 6020 0 0 0 0 0 0 0 0 0 0 6020 2
fi=/tmp/botlish-post-structural-fn-1/native-audit/src/runtime/value.rs
0x1e31a0 6010
0x1e31a3 6010
0x1e31a7 6010 0 0 0 0 0 0 0 0 6010
0x1e31ad 6010
0x1e31b1 6010 0 0 0 0 0 0 0 0 6010
0x1e31b7 6010
0x1e31bb 6010 0 0 0 0 0 0 0 0 6010
0x1e31c5 6010
0x1e31c8 6010
0x1e31cc 6010
0x1e31cf 6010
0x1e31d3 6010 0 0 0 0 0 0 0 0 6010
0x1e31d9 6010
0x1e31dc 6010 0 0 0 0 0 0 0 0 6010
0x1e31e2 6010
0x1e31e5 6010 0 0 0 0 0 0 0 0 6010
0x1e31eb 6010 6010 0 0 1
0x1e31ef 6010
0x1e31f2 6010
0x1e31f6 6010 0 0 0 0 0 0 0 0 6010
0x1e31fc 6010
0x1e3200 6010 6010 6010 0 0 1
0x1e3204 6010 0 0 0 0 0 0 0 0 6010
0x1e320a 6010 6010 0 0 1
0x1e320f 6010
0x1e322c 6010
0x1e322f 6010
fe=/tmp/botlish-post-structural-fn-1/native-audit/src/runtime/ops.rs
0x1e3237 6010
0x1e323b 6010
0x1e3240 10 0 0 1
0x1e3243 10 0 0 0 0 0 0 0 0 10
0x1e3249 10
0x1e324b 10
0x1e324d 10
0x1e324f 10 0 0 0 0 0 0 0 0 10
fi=/rustc/48a229ceaefd4985c50990b14116b6d856af0985/library/alloc/src/boxed.rs
0x1e3337 6010 6010 0 0 1
fi=/rustc/48a229ceaefd4985c50990b14116b6d856af0985/library/core/src/slice/cmp.rs
0x1e333b 6010 6010 0 0 1
0x1e333f 6010 0 0 0 0 0 0 0 0 6010
fi=/rustc/48a229ceaefd4985c50990b14116b6d856af0985/library/alloc/src/boxed.rs
0x1e3341 6010 6010
0x1e3345 6010 6010
fi=/rustc/48a229ceaefd4985c50990b14116b6d856af0985/library/core/src/slice/cmp.rs
0x1e3349 6010
0x1e334c 6010
0x1e334f 6010 6010 6010 0 1 1 0 0 0 0 0 6010
cob=/usr/lib/x86_64-linux-gnu/libc.so.6
cfi=./string/../sysdeps/x86_64/multiarch/memcmp-avx2-movbe.S
cfn=__memcmp_avx2_movbe
calls=12020 0x188620 
0x1e334f 60100 18030 0 2 5 0 0 0 0 18030 3
0x1e3355 6010
0x1e3357 6010
0x1e335c 10
fe=/tmp/botlish-post-structural-fn-1/native-audit/src/runtime/ops.rs
0x1e335f 10
0x1e3362 10
0x1e3366 10 10
0x1e3367 10 10
0x1e3369 10 10
0x1e336b 10 10
0x1e336d 10 10
0x1e336f 10 10
0x1e3370 10 10
0x1e335f 6010
0x1e3362 6010
0x1e3366 6010 6010
0x1e3367 6010 6010
0x1e3369 6010 6010
0x1e336b 6010 6010
0x1e336d 6010 6010
0x1e336f 6010 6010
0x1e3370 6010 6010

fn=rt_list_append
0x1ea580 4 0 4
0x1ea581 4
0x1ea584 4 0 4
0x1ea586 4 0 4
0x1ea588 4 0 4
0x1ea58a 4 0 4
0x1ea58c 4 0 4
0x1ea58d 4
fi=/tmp/botlish-post-structural-fn-1/native-audit/src/runtime/value.rs
0x1ea591 4 4
fe=/tmp/botlish-post-structural-fn-1/native-audit/src/runtime/ops.rs
0x1ea595 4
fi=/rustc/48a229ceaefd4985c50990b14116b6d856af0985/library/core/src/num/uint_macros.rs
0x1ea599 4
0x1ea5a1 4
0x1ea5a4 4
0x1ea5a8 4
0x1ea5ab 4
0x1ea5b5 4
0x1ea5b8 4
fi=/rustc/48a229ceaefd4985c50990b14116b6d856af0985/library/core/src/intrinsics/mod.rs
0x1ea5bb 4
0x1ea5bd 4 0 0 0 0 0 0 0 0 4
fi=/rustc/48a229ceaefd4985c50990b14116b6d856af0985/library/alloc/src/raw_vec/mod.rs
0x1ea5d0 4 0 4 1
0x1ea5d4 4 0 4
0x1ea5d8 4 4
0x1ea5dc 4 0 4
0x1ea5e0 4
0x1ea5e3 4 0 0 0 0 0 0 0 0 4
0x1ea5e5 4 4 4 0 0 0 0 0 0 0 0 4
cfi=???
cfn=__rustc::__rust_no_alloc_shim_is_unstable_v2
calls=8 0x1a9190 
0x1ea5e5 16 8 4
0x1ea5eb 4
fi=/rustc/48a229ceaefd4985c50990b14116b6d856af0985/library/alloc/src/alloc.rs
0x1ea5f1 4
0x1ea5f6 4
0x1ea5f9 4 4 4 0 0 0 0 0 0 0 0 4
cfi=???
cfn=__rustc::__rust_alloc
calls=8 0x1a9150 
0x1ea5f9 630 139 75 4 2 0 0 0 0 113 10 4
fi=/rustc/48a229ceaefd4985c50990b14116b6d856af0985/library/alloc/src/raw_vec/mod.rs
0x1ea5ff 4 0 0 1
0x1ea602 4 0 0 0 0 0 0 0 0 4
0x1ea604 4
0x1ea607 4
fi=/rustc/48a229ceaefd4985c50990b14116b6d856af0985/library/alloc/src/vec/mod.rs
0x1ea611 4 0 4
0x1ea615 4 0 4
0x1ea619 4 0 4
fi=/rustc/48a229ceaefd4985c50990b14116b6d856af0985/library/alloc/src/raw_vec/mod.rs
0x1ea621 4
0x1ea624 4 0 0 0 0 0 0 0 0 4
0x1ea62a 4
fi=/rustc/48a229ceaefd4985c50990b14116b6d856af0985/library/alloc/src/vec/mod.rs
0x1ea62d 4
0x1ea630 4 0 0 0 0 0 0 0 0 4
fi=/rustc/48a229ceaefd4985c50990b14116b6d856af0985/library/core/src/ptr/mut_ptr.rs
0x1ea632 3
0x1ea63a 3
fi=/rustc/48a229ceaefd4985c50990b14116b6d856af0985/library/core/src/ptr/mod.rs
0x1ea63d 3
0x1ea645 3 3
0x1ea649 3 3 3 0 0 0 0 0 0 0 0 3
cob=/usr/lib/x86_64-linux-gnu/libc.so.6
cfi=./string/../sysdeps/x86_64/multiarch/memmove-vec-unaligned-erms.S
cfn=__memcpy_avx_unaligned_erms
calls=6 0x188d80 
0x1ea649 35 9 6 0 0 0 0 0 0 7 3
fi=/rustc/48a229ceaefd4985c50990b14116b6d856af0985/library/alloc/src/vec/mod.rs
0x1ea64f 4 0 0 1
0x1ea652 4 0 4
0x1ea656 4
0x1ea659 4 0 0 0 0 0 0 0 0 4 2
fi=/rustc/48a229ceaefd4985c50990b14116b6d856af0985/library/alloc/src/raw_vec/mod.rs
0x1ea669 4 4
fi=/rustc/48a229ceaefd4985c50990b14116b6d856af0985/library/core/src/ptr/mod.rs
0x1ea66d 4 0 4
fi=/rustc/48a229ceaefd4985c50990b14116b6d856af0985/library/alloc/src/vec/mod.rs
0x1ea672 4
0x1ea675 4 0 4
fe=/tmp/botlish-post-structural-fn-1/native-audit/src/runtime/ops.rs
0x1ea679 4 0 4
0x1ea67d 4 4 0 1
0x1ea681 4 0 4
0x1ea685 4
0x1ea689 4 4
0x1ea68d 4
0x1ea690 4 4 4 0 0 0 0 0 0 0 0 4
cfi=/tmp/botlish-post-structural-fn-1/native-audit/src/runtime/vm.rs
cfn=<botlish_native::runtime::vm::Vm>::new_list
calls=8 0x2017b0 
0x1ea690 468 140 104 0 1 1 0 0 0 56 2 12
fi=/tmp/botlish-post-structural-fn-1/native-audit/src/runtime/metrics.rs
0x1ea696 4 4
0x1ea69d 4 0 0 0 0 0 0 0 0 4
fe=/tmp/botlish-post-structural-fn-1/native-audit/src/runtime/ops.rs
0x1ea6a6 4
0x1ea6aa 4 4
0x1ea6ab 4 4
0x1ea6ad 4 4
0x1ea6af 4 4
0x1ea6b1 4 4
0x1ea6b3 4 4
0x1ea6b4 4 4

fn=rt_int_mod
0x1e75d0 1 0 1 1
0x1e75d1 1
0x1e75d4 1 0 1
0x1e75d6 1 0 1
0x1e75d8 1 0 1
0x1e75da 1 0 1
0x1e75dc 1 0 1
0x1e75dd 1
0x1e75e4 1
0x1e75e7 1
0x1e75ea 1 0 1
fi=/tmp/botlish-post-structural-fn-1/native-audit/src/runtime/value.rs
0x1e75f1 1
0x1e75f5 1 0 0 0 0 0 0 0 0 1 1
0x1e7640 1 0 0 1
0x1e7643 1
0x1e7646 1 0 0 0 0 0 0 0 0 1
0x1e7675 1
fe=/tmp/botlish-post-structural-fn-1/native-audit/src/runtime/ops.rs
0x1e7678 1 0 0 0 0 0 0 0 0 1
0x1e767e 1 0 0 1
0x1e7681 1
0x1e7684 1
0x1e7688 1 0 0 0 0 0 0 0 0 1 1
0x1e7abf 1 0 0 1
0x1e7ac2 1
0x1e7ac4 1
0x1e7ac6 1
0x1e7ac9 1
0x1e7acc 1
0x1e7ad0 1
0x1e7ad3 1
0x1e7ad7 1
0x1e7ada 1
0x1e7add 1
fi=/rustc/48a229ceaefd4985c50990b14116b6d856af0985/library/core/src/ops/range.rs
0x1e7ae7 1
fi=/tmp/botlish-post-structural-fn-1/native-audit/src/runtime/vm.rs
0x1e7aea 1 0 0 0 0 0 0 0 0 1
fi=/tmp/botlish-post-structural-fn-1/native-audit/src/runtime/value.rs
0x1e7aec 1
0x1e7af4 1
fe=/tmp/botlish-post-structural-fn-1/native-audit/src/runtime/ops.rs
0x1e84d0 1 0 0 1
0x1e84d7 1 1
0x1e84d8 1 1
0x1e84da 1 1
0x1e84dc 1 1
0x1e84de 1 1
0x1e84e0 1 1
0x1e84e1 1 1

fn=rt_is_tcl_alnum
0x1ea440 7600 0 7600
0x1ea441 7600
0x1ea444 7600
0x1ea448 7600
0x1ea44b 7600
0x1ea44e 7600
0x1ea455 7600
0x1ea459 7600 0 7600
cfn=botlish_native::runtime::ops::one_scalar
calls=15200 0x1e1800 
0x1ea459 198400 62800 53200 3 0 0 0 0 0 24800 2400
0x1ea45e 7600 7600
0x1ea462 7600 0 0 0 0 0 0 0 0 7600
0x1ea468 1200
0x1ea46c 1200 1200
0x1ea46d 1200 1200
0x1ea46e 7600 7600
fi=/home/markus/.cargo/registry/src/index.crates.io-1949cf8c6b5b557f/unicode-general-category-1.1.0/src/category.rs
0x1ea471 7600
0x1ea474 7600
0x1ea477 7600
0x1ea47e 7600 7600 0 0 2
0x1ea482 7600
0x1ea485 7600
0x1ea48c 7600 0 0 0 0 0 0 0 0 7600 1
0x1ea48e 7600
0x1ea495 7600 7600 0 0 5
0x1ea499 7600
0x1ea49e 7600
fe=/tmp/botlish-post-structural-fn-1/native-audit/src/runtime/ops.rs
0x1ea4a1 7600 0 0 0 0 0 0 0 0 7600
0x1ea4a3 7600
0x1ea4a8 7600 7600 7600
0x1ea4ab 7600 0 0 0 0 0 0 0 0 7600 1200
0x1ea4ad 6400
0x1ea4b2 6400
0x1ea4b6 6400 6400
0x1ea4b7 6400 6400

fn=rt_set_contains
0x1eb7e0 1201 0 1201 1
0x1eb7e1 1201
0x1eb7e4 1201 0 1201
0x1eb7e6 1201 0 1201
0x1eb7e8 1201 0 1201
0x1eb7ea 1201 0 1201
0x1eb7ec 1201 0 1201
0x1eb7ed 1201 0 1201
0x1eb7ee 1201
0x1eb7f1 1201
fi=/tmp/botlish-post-structural-fn-1/native-audit/src/runtime/value.rs
0x1eb7f4 1201 1201
0x1eb7f8 1201 1201
fe=/tmp/botlish-post-structural-fn-1/native-audit/src/runtime/ops.rs
0x1eb7fc 1201
0x1eb800 1201 0 0 1
0x1eb802 1201
fi=/rustc/48a229ceaefd4985c50990b14116b6d856af0985/library/core/src/ptr/non_null.rs
0x1eb810 1201
fi=/rustc/48a229ceaefd4985c50990b14116b6d856af0985/library/core/src/slice/iter/macros.rs
0x1eb813 1201 0 0 0 0 0 0 0 0 1201
fi=/rustc/48a229ceaefd4985c50990b14116b6d856af0985/library/core/src/ptr/non_null.rs
0x1eb810 5204
fi=/rustc/48a229ceaefd4985c50990b14116b6d856af0985/library/core/src/slice/iter/macros.rs
0x1eb813 5204 0 0 0 0 0 0 0 0 5204 401
fe=/tmp/botlish-post-structural-fn-1/native-audit/src/runtime/ops.rs
0x1eb815 6004 6004
0x1eb81a 6004
0x1eb81d 6004
0x1eb820 6004 0 6004
cfn=botlish_native::runtime::ops::equal
calls=12008 0x1e30a0 
0x1eb820 672196 126032 60032 2 0 0 0 0 0 144028 1605 18004 1
0x1eb825 6004
0x1eb829 6004
0x1eb82b 6004 0 0 0 0 0 0 0 0 6004 800
0x1eb82d 800
0x1eb830 800
0x1eb833 800 0 0 0 0 0 0 0 0 800
0x1eb839 401
fi=/rustc/48a229ceaefd4985c50990b14116b6d856af0985/library/core/src/slice/iter/macros.rs
0x1eb83e 401
0x1eb840 800
fe=/tmp/botlish-post-structural-fn-1/native-audit/src/runtime/ops.rs
0x1eb845 800
0x1eb849 800 800
0x1eb84a 800 800
0x1eb84c 800 800
0x1eb84e 800 800
0x1eb850 800 800
0x1eb852 800 800
0x1eb853 800 800
0x1eb845 401
0x1eb849 401 401
0x1eb84a 401 401
0x1eb84c 401 401
0x1eb84e 401 401
0x1eb850 401 401
0x1eb852 401 401
0x1eb853 401 401

fn=rt_set_from_list
0x1eb860 2 0 2
0x1eb861 2
0x1eb864 2 0 2
0x1eb866 2 0 2
0x1eb868 2 0 2
0x1eb86a 2 0 2
0x1eb86c 2 0 2
0x1eb86d 2
fi=/tmp/botlish-post-structural-fn-1/native-audit/src/runtime/value.rs
0x1eb871 2 2
fi=/rustc/48a229ceaefd4985c50990b14116b6d856af0985/library/core/src/num/uint_macros.rs
0x1eb875 2
0x1eb87d 2
0x1eb880 2 0 0 1
0x1eb884 2
0x1eb887 2
0x1eb891 2
0x1eb894 2
fi=/rustc/48a229ceaefd4985c50990b14116b6d856af0985/library/core/src/intrinsics/mod.rs
0x1eb897 2
0x1eb899 2 0 0 0 0 0 0 0 0 2
fi=/rustc/48a229ceaefd4985c50990b14116b6d856af0985/library/alloc/src/raw_vec/mod.rs
0x1eb8ac 2
0x1eb8af 2 2
0x1eb8b3 2
0x1eb8b6 2 0 0 0 0 0 0 0 0 2 1
0x1eb8b8 2 2 2 0 0 0 0 0 0 0 0 2 1
cfi=???
cfn=__rustc::__rust_no_alloc_shim_is_unstable_v2
calls=4 0x1a9190 
0x1eb8b8 8 4 2
0x1eb8be 2 0 0 1
fi=/rustc/48a229ceaefd4985c50990b14116b6d856af0985/library/alloc/src/alloc.rs
0x1eb8c4 2
0x1eb8c9 2
0x1eb8cc 2 2 2 0 0 0 0 0 0 0 0 2
cfi=???
cfn=__rustc::__rust_alloc
calls=4 0x1a9150 
0x1eb8cc 116 28 16 0 1 0 0 0 0 16 2 2
fi=/rustc/48a229ceaefd4985c50990b14116b6d856af0985/library/alloc/src/raw_vec/mod.rs
0x1eb8d2 2
0x1eb8d5 2 0 0 0 0 0 0 0 0 2
0x1eb8d7 2
0x1eb8da 2
fi=/rustc/48a229ceaefd4985c50990b14116b6d856af0985/library/alloc/src/vec/mod.rs
0x1eb8e3 2 0 2
0x1eb8e7 2 0 2
0x1eb8eb 2 0 2
fi=/rustc/48a229ceaefd4985c50990b14116b6d856af0985/library/core/src/ptr/non_null.rs
0x1eb8f3 2
fi=/rustc/48a229ceaefd4985c50990b14116b6d856af0985/library/core/src/slice/iter/macros.rs
0x1eb8f6 2 0 0 0 0 0 0 0 0 2
0x1eb8fc 2
0x1eb8ff 2 0 2 1
fe=/tmp/botlish-post-structural-fn-1/native-audit/src/runtime/ops.rs
0x1eb903 2 2
fi=/rustc/48a229ceaefd4985c50990b14116b6d856af0985/library/core/src/ptr/non_null.rs
0x1eb907 2
0x1eb90b 2 0 2
fi=/rustc/48a229ceaefd4985c50990b14116b6d856af0985/library/alloc/src/raw_vec/mod.rs
0x1eb90f 2 2
fi=/rustc/48a229ceaefd4985c50990b14116b6d856af0985/library/alloc/src/vec/mod.rs
0x1eb913 2 2
fe=/tmp/botlish-post-structural-fn-1/native-audit/src/runtime/ops.rs
0x1eb917 2
0x1eb91b 2
0x1eb91e 2
fi=/rustc/48a229ceaefd4985c50990b14116b6d856af0985/library/core/src/ptr/non_null.rs
0x1eb920 2
fi=/rustc/48a229ceaefd4985c50990b14116b6d856af0985/library/core/src/slice/iter/macros.rs
0x1eb923 2 0 0 0 0 0 0 0 0 2 2
fe=/tmp/botlish-post-structural-fn-1/native-audit/src/runtime/ops.rs
0x1eb903 7 7
fi=/rustc/48a229ceaefd4985c50990b14116b6d856af0985/library/core/src/ptr/non_null.rs
0x1eb907 7
0x1eb90b 7 0 7
fi=/rustc/48a229ceaefd4985c50990b14116b6d856af0985/library/alloc/src/raw_vec/mod.rs
0x1eb90f 7 7
fi=/rustc/48a229ceaefd4985c50990b14116b6d856af0985/library/alloc/src/vec/mod.rs
0x1eb913 7 7
fe=/tmp/botlish-post-structural-fn-1/native-audit/src/runtime/ops.rs
0x1eb917 7
0x1eb91b 7
0x1eb91e 7
fi=/rustc/48a229ceaefd4985c50990b14116b6d856af0985/library/core/src/ptr/non_null.rs
0x1eb920 7
fi=/rustc/48a229ceaefd4985c50990b14116b6d856af0985/library/core/src/slice/iter/macros.rs
0x1eb923 7 0 0 0 0 0 0 0 0 7
fi=/rustc/48a229ceaefd4985c50990b14116b6d856af0985/library/core/src/ptr/non_null.rs
0x1eb920 16
fi=/rustc/48a229ceaefd4985c50990b14116b6d856af0985/library/core/src/slice/iter/macros.rs
0x1eb923 16 0 0 0 0 0 0 0 0 16 10
fe=/tmp/botlish-post-structural-fn-1/native-audit/src/runtime/ops.rs
0x1eb925 16 16
0x1eb929 16
0x1eb92c 16
0x1eb92f 16 0 16
cfn=botlish_native::runtime::ops::equal
calls=32 0x1e30a0 
0x1eb92f 1414 258 148 4 16 2 0 0 0 282 6 36 1
0x1eb934 16
0x1eb938 16
0x1eb93a 16 0 0 0 0 0 0 0 0 16
fi=/rustc/48a229ceaefd4985c50990b14116b6d856af0985/library/alloc/src/vec/mod.rs
0x1eb960 9 9 0 1
0x1eb964 9 9
0x1eb968 9 0 0 0 0 0 0 0 0 9 1
fi=/rustc/48a229ceaefd4985c50990b14116b6d856af0985/library/alloc/src/raw_vec/mod.rs
0x1eb974 9 9
fi=/rustc/48a229ceaefd4985c50990b14116b6d856af0985/library/core/src/ptr/mod.rs
0x1eb978 9 0 9 0 0 1
fi=/rustc/48a229ceaefd4985c50990b14116b6d856af0985/library/alloc/src/vec/mod.rs
0x1eb97c 9
0x1eb97f 9 0 9 1
0x1eb983 9 9
0x1eb987 9 9
fi=/rustc/48a229ceaefd4985c50990b14116b6d856af0985/library/core/src/ptr/non_null.rs
0x1eb98b 9
fi=/rustc/48a229ceaefd4985c50990b14116b6d856af0985/library/core/src/slice/iter/macros.rs
0x1eb98e 9 0 0 0 0 0 0 0 0 9 5
fi=/rustc/48a229ceaefd4985c50990b14116b6d856af0985/library/alloc/src/vec/mod.rs
0x1eb994 2 2
0x1eb998 2
fe=/tmp/botlish-post-structural-fn-1/native-audit/src/runtime/ops.rs
0x1eb9bd 2 2 0 1
0x1eb9c1 2 0 2
0x1eb9c5 2 2
0x1eb9c9 2 0 2
0x1eb9cd 2
0x1eb9d1 2
0x1eb9d4 2 2 2 0 1 0 0 0 0 0 0 2
cfi=/tmp/botlish-post-structural-fn-1/native-audit/src/runtime/vm.rs
cfn=<botlish_native::runtime::vm::Vm>::new_set
calls=4 0x2014d0 
0x1eb9d4 234 70 52 3 1 0 0 0 0 28 3 6
fi=/tmp/botlish-post-structural-fn-1/native-audit/src/runtime/metrics.rs
0x1eb9da 2 2
0x1eb9e1 2 0 0 0 0 0 0 0 0 2
fe=/tmp/botlish-post-structural-fn-1/native-audit/src/runtime/ops.rs
0x1eb9ea 2
0x1eb9ee 2 2
0x1eb9ef 2 2
0x1eb9f1 2 2
0x1eb9f3 2 2
0x1eb9f5 2 2
0x1eb9f7 2 2
0x1eb9f8 2 2

fn=rt_substr
0x1ec920 10803 0 10803
0x1ec921 10803
0x1ec924 10803 0 10803
0x1ec926 10803 0 10803
0x1ec928 10803 0 10803
0x1ec92a 10803 0 10803
0x1ec92c 10803 0 10803
0x1ec92d 10803
0x1ec934 10803
0x1ec937 10803 10803
0x1ec93b 10803 0 10803 0 0 1
fi=/tmp/botlish-post-structural-fn-1/native-audit/src/runtime/value.rs
0x1ec942 10803
0x1ec945 10803 0 10803
0x1ec949 10803 0 0 0 0 0 0 0 0 10803
0x1ec993 10803
0x1ec996 10803
0x1ec999 10803 0 0 0 0 0 0 0 0 10803
fe=/tmp/botlish-post-structural-fn-1/native-audit/src/runtime/ops.rs
0x1ec9a9 10803
0x1ec9ac 10803 0 0 0 0 0 0 0 0 10803
0x1ec9b2 10803
0x1ec9b5 10803
0x1ec9b8 10803
0x1ec9bb 10803
0x1ec9be 10803
0x1ec9c2 10803
0x1ec9c5 10803
0x1ec9c9 10803
0x1ec9cc 10803 0 0 0 0 0 0 0 0 10803
0x1ec9d2 10803 10803
0x1ec9d6 10803 0 0 0 0 0 0 0 0 10803 4
0x1ec9dc 4803 4803
0x1ec9e0 4803 4803 0 0 1
0x1ec9e4 4803
0x1ec9eb 4803
fi=/rustc/48a229ceaefd4985c50990b14116b6d856af0985/library/core/src/str/traits.rs
0x1ec9ee 4803 0 0 0 0 0 0 0 0 4803
0x1ec9f4 4803
0x1ec9f7 4803 0 0 0 0 0 0 0 0 4803
0x1ec9f9 4803
0x1ec9fc 4803 0 0 0 0 0 0 0 0 4803 401
fi=/rustc/48a229ceaefd4985c50990b14116b6d856af0985/library/core/src/num/mod.rs
0x1ec9fe 4402 4402
fi=/rustc/48a229ceaefd4985c50990b14116b6d856af0985/library/core/src/str/traits.rs
0x1eca03 4402 0 0 0 0 0 0 0 0 4402
0x1eca09 4803
0x1eca0c 4803 0 0 0 0 0 0 0 0 4803 401
fi=/rustc/48a229ceaefd4985c50990b14116b6d856af0985/library/core/src/num/mod.rs
0x1eca0e 4402 4402 0 0 2
0x1eca13 4402 0 0 0 0 0 0 0 0 4402
0x1eca19 4803
fi=/rustc/48a229ceaefd4985c50990b14116b6d856af0985/library/alloc/src/raw_vec/mod.rs
0x1eca1f 4803
0x1eca22 4803 0 0 0 0 0 0 0 0 4803
0x1eca24 4803
0x1eca27 4803 4803 4803 0 0 0 0 0 0 0 0 4803
cfi=???
cfn=__rustc::__rust_no_alloc_shim_is_unstable_v2
calls=9606 0x1a9190 
0x1eca27 19212 9606 4803
0x1eca2d 4803
fi=/rustc/48a229ceaefd4985c50990b14116b6d856af0985/library/alloc/src/alloc.rs
0x1eca33 4803
0x1eca38 4803
0x1eca3b 4803 4803 4803 0 0 0 0 0 0 0 0 4803
cfi=???
cfn=__rustc::__rust_alloc
calls=9606 0x1a9150 
0x1eca3b 504754 117369 64341 7 4884 7 0 0 5 87322 1829 4803
fi=/rustc/48a229ceaefd4985c50990b14116b6d856af0985/library/alloc/src/raw_vec/mod.rs
0x1eca41 4803
0x1eca44 4803 0 0 0 0 0 0 0 0 4803
fe=/tmp/botlish-post-structural-fn-1/native-audit/src/runtime/ops.rs
0x1eca4a 4803
0x1eca4d 4803
fi=/rustc/48a229ceaefd4985c50990b14116b6d856af0985/library/core/src/ptr/mod.rs
0x1eca50 4803
0x1eca53 4803
0x1eca56 4803
0x1eca59 4803 4803 4803 0 0 0 0 0 0 0 0 4803
cob=/usr/lib/x86_64-linux-gnu/libc.so.6
cfi=./string/../sysdeps/x86_64/multiarch/memmove-vec-unaligned-erms.S
cfn=__memcpy_avx_unaligned_erms
calls=9606 0x188d80 
0x1eca59 76848 9606 4803 0 0 0 0 0 0 28818 1
0x1eca5f 4803 4803
fi=/rustc/48a229ceaefd4985c50990b14116b6d856af0985/library/alloc/src/string.rs
0x1eca63 4803 0 4803
0x1eca6a 4803 0 4803
0x1eca71 4803 0 4803
0x1eca78 4803
fe=/tmp/botlish-post-structural-fn-1/native-audit/src/runtime/ops.rs
0x1eca7f 4803
0x1eca82 4803
0x1eca85 4803
0x1eca8a 4803 4803 4803 0 1 0 0 0 0 0 0 4803 1
cfi=/tmp/botlish-post-structural-fn-1/native-audit/src/runtime/vm.rs
cfn=<botlish_native::runtime::vm::Vm>::new_str_known
calls=9606 0x2008a0 
0x1eca8a 989785 275526 227516 0 1150 622 0 0 0 120629 1206 14409
fi=/tmp/botlish-post-structural-fn-1/native-audit/src/runtime/metrics.rs
0x1eca90 4803 4803
0x1eca98 4803 0 0 0 0 0 0 0 0 4803
fe=/tmp/botlish-post-structural-fn-1/native-audit/src/runtime/ops.rs
0x1ecda5 10803
0x1ecdac 10803 10803
0x1ecdad 10803 10803
0x1ecdaf 10803 10803
0x1ecdb1 10803 10803
0x1ecdb3 10803 10803
0x1ecdb5 10803 10803
0x1ecdb6 10803 10803
0x1ecdb7 6000 6000
0x1ecdbb 6000
0x1ecdbe 6000 6000 0 1
fi=/rustc/48a229ceaefd4985c50990b14116b6d856af0985/library/core/src/ptr/mut_ptr.rs
0x1ecdc2 6000
0x1ecdc6 6000
fi=/rustc/48a229ceaefd4985c50990b14116b6d856af0985/library/core/src/iter/traits/iterator.rs
0x1ecdc8 6000
0x1ecdcb 6000 0 0 0 0 0 0 0 0 6000 400
0x1ecdcd 5600
0x1ecdd0 5600
0x1ecde0 20400
fi=/rustc/48a229ceaefd4985c50990b14116b6d856af0985/library/core/src/str/iter.rs
0x1ecde4 20400
0x1ecde7 20400
0x1ecdea 20400
0x1ecded 20400
fi=/rustc/48a229ceaefd4985c50990b14116b6d856af0985/library/core/src/iter/traits/iterator.rs
0x1ecdf0 20400
0x1ecdf3 20400 0 0 0 0 0 0 0 0 20400 2800
fi=/rustc/48a229ceaefd4985c50990b14116b6d856af0985/library/core/src/str/iter.rs
0x1ecde4 10000
0x1ecde7 10000
0x1ecdea 10000
0x1ecded 10000
fi=/rustc/48a229ceaefd4985c50990b14116b6d856af0985/library/core/src/iter/traits/iterator.rs
0x1ecdf0 10000
0x1ecdf3 10000 0 0 0 0 0 0 0 0 10000 4799
fi=/rustc/48a229ceaefd4985c50990b14116b6d856af0985/library/core/src/ptr/non_null.rs
0x1ecdf5 30400
fi=/rustc/48a229ceaefd4985c50990b14116b6d856af0985/library/core/src/slice/iter/macros.rs
0x1ecdf8 30400 0 0 0 0 0 0 0 0 30400 800
fi=/rustc/48a229ceaefd4985c50990b14116b6d856af0985/library/core/src/str/validations.rs
0x1ecdfa 30400 30400
0x1ecdfe 30400
0x1ece01 30400 0 0 0 0 0 0 0 0 30400 11600
0x1ece03 10000
0x1ece07 10000 0 0 0 0 0 0 0 0 10000 2800
0x1ece09 5600
0x1ece0d 5600
0x1ece10 5600
0x1ece14 5600
0x1ece18 5600
0x1ece1a 4400
0x1ece1e 4400
0x1ece20 400 0 0 1
0x1ece23 400
fi=/rustc/48a229ceaefd4985c50990b14116b6d856af0985/library/core/src/ptr/non_null.rs
0x1ece26 400
fi=/rustc/48a229ceaefd4985c50990b14116b6d856af0985/library/core/src/slice/iter/macros.rs
0x1ece29 400 0 0 0 0 0 0 0 0 400
fi=/rustc/48a229ceaefd4985c50990b14116b6d856af0985/library/core/src/str/validations.rs
0x1ece23 5600
fi=/rustc/48a229ceaefd4985c50990b14116b6d856af0985/library/core/src/ptr/non_null.rs
0x1ece26 5600
fi=/rustc/48a229ceaefd4985c50990b14116b6d856af0985/library/core/src/slice/iter/macros.rs
0x1ece29 5600 0 0 0 0 0 0 0 0 5600
fi=/rustc/48a229ceaefd4985c50990b14116b6d856af0985/library/core/src/str/validations.rs
0x1ece2b 6000 6000 0 0 1
0x1ece2f 6000
0x1ece31 6000 0 0 0 0 0 0 0 0 6000 1600
0x1ece33 3600
0x1ece36 3600
0x1ece39 3600
0x1ece36 2400
0x1ece39 2400
fi=/tmp/botlish-post-structural-fn-1/native-audit/src/runtime/metrics.rs
0x1ece3e 6000 6000 0 1
0x1ece46 6000 0 0 0 0 0 0 0 0 6000
fi=/rustc/48a229ceaefd4985c50990b14116b6d856af0985/library/core/src/str/mod.rs
0x1ece57 6000
0x1ece5a 6000 0 0 0 0 0 0 0 0 6000 400
0x1ece5c 5600
0x1ece5f 5600 0 0 0 0 0 0 0 0 5600
fi=/rustc/48a229ceaefd4985c50990b14116b6d856af0985/library/core/src/num/mod.rs
0x1ece61 5600 5600
fi=/rustc/48a229ceaefd4985c50990b14116b6d856af0985/library/core/src/str/traits.rs
0x1ece66 5600 0 0 0 0 0 0 0 0 5600
fi=/rustc/48a229ceaefd4985c50990b14116b6d856af0985/library/core/src/ptr/const_ptr.rs
0x1ece82 6000 0 0 1
fi=/rustc/48a229ceaefd4985c50990b14116b6d856af0985/library/core/src/ptr/mut_ptr.rs
0x1ece85 6000
fi=/rustc/48a229ceaefd4985c50990b14116b6d856af0985/library/core/src/iter/adapters/take.rs
0x1ece88 6000 0 6000
0x1ece8f 6000 0 6000
0x1ece96 6000 0 6000
0x1ece9d 6000
0x1ecea1 6000
fi=/rustc/48a229ceaefd4985c50990b14116b6d856af0985/library/core/src/iter/traits/iterator.rs
0x1ecea8 6000 0 6000
cfi=/rustc/48a229ceaefd4985c50990b14116b6d856af0985/library/alloc/src/string.rs
cfn=<alloc::string::String as core::iter::traits::collect::FromIterator<char>>::from_iter::<core::iter::adapters::take::Take<core::str::iter::Chars>>
calls=12000 0x206de0 
0x1ecea8 1675700 369050 285050 9 5778 0 0 0 0 203950 5454 18000
fi=/rustc/48a229ceaefd4985c50990b14116b6d856af0985/library/alloc/src/vec/mod.rs
0x1ecead 6000 6000
0x1eceb1 6000
fe=/tmp/botlish-post-structural-fn-1/native-audit/src/runtime/ops.rs
0x1eceb5 6000
0x1eceb8 6000 6000 6000 0 0 0 0 0 0 0 0 6000 1
cfi=/tmp/botlish-post-structural-fn-1/native-audit/src/runtime/vm.rs
cfn=<botlish_native::runtime::vm::Vm>::new_str
calls=12000 0x201660 
0x1eceb8 2756750 643850 467850 7 1452 751 0 0 0 390350 9664 39600
fi=/tmp/botlish-post-structural-fn-1/native-audit/src/runtime/metrics.rs
0x1ecebe 6000 6000 0 1
0x1ecec6 6000 0 0 0 0 0 0 0 0 6000
fe=/tmp/botlish-post-structural-fn-1/native-audit/src/runtime/ops.rs

fn=rt_list_new
0x1ea9a0 5 0 5 1
0x1ea9a1 5
0x1ea9a4 5 0 5
0x1ea9a6 5 0 5
0x1ea9a8 5 0 5
0x1ea9aa 5 0 5
0x1ea9ac 5 0 5
0x1ea9ad 5
fi=/rustc/48a229ceaefd4985c50990b14116b6d856af0985/library/core/src/num/uint_macros.rs
0x1ea9b1 5
0x1ea9b9 5
0x1ea9bc 5
0x1ea9c0 5 0 0 1
0x1ea9c3 5
0x1ea9cd 5
0x1ea9d0 5
fi=/rustc/48a229ceaefd4985c50990b14116b6d856af0985/library/core/src/intrinsics/mod.rs
0x1ea9d3 5
0x1ea9d5 5 0 0 0 0 0 0 0 0 5 3
fi=/rustc/48a229ceaefd4985c50990b14116b6d856af0985/library/alloc/src/raw_vec/mod.rs
0x1ea9e8 5
0x1ea9eb 5
0x1ea9ee 5
0x1ea9f1 5 0 0 0 0 0 0 0 0 5 3
0x1ea9f3 4
0x1ea9f6 4 4 4 0 1 1 0 0 0 0 0 4
cfi=???
cfn=__rustc::__rust_no_alloc_shim_is_unstable_v2
calls=8 0x1a9190 
0x1ea9f6 16 8 4
0x1ea9fc 4
fi=/rustc/48a229ceaefd4985c50990b14116b6d856af0985/library/alloc/src/alloc.rs
0x1eaa02 4
0x1eaa07 4
0x1eaa0a 4 4 4 0 0 0 0 0 0 0 0 4
cfi=???
cfn=__rustc::__rust_alloc
calls=8 0x1a9150 
0x1eaa0a 400 87 45 0 5 1 0 0 1 61 7 4
fi=/rustc/48a229ceaefd4985c50990b14116b6d856af0985/library/alloc/src/raw_vec/mod.rs
0x1eaa10 4
0x1eaa13 4 0 0 0 0 0 0 0 0 4 2
0x1eaa15 4
0x1eaa18 4
0x1eaa1b 4
0x1eaa1d 1
0x1eaa22 1
fi=/rustc/48a229ceaefd4985c50990b14116b6d856af0985/library/alloc/src/vec/mod.rs
0x1eaa24 1 0 1
0x1eaa28 1 0 1
0x1eaa2c 1 0 1
fi=/rustc/48a229ceaefd4985c50990b14116b6d856af0985/library/alloc/src/slice.rs
0x1eaa34 1
0x1eaa37 1 0 0 0 0 0 0 0 0 1
fi=/rustc/48a229ceaefd4985c50990b14116b6d856af0985/library/alloc/src/vec/mod.rs
0x1eaa24 4 0 4
0x1eaa28 4 0 4
0x1eaa2c 4 0 4
fi=/rustc/48a229ceaefd4985c50990b14116b6d856af0985/library/alloc/src/slice.rs
0x1eaa34 4
0x1eaa37 4 0 0 0 0 0 0 0 0 4
fi=/rustc/48a229ceaefd4985c50990b14116b6d856af0985/library/core/src/ptr/mod.rs
0x1eaa39 4
0x1eaa3c 4
0x1eaa3f 4
0x1eaa42 4 4 4 0 0 0 0 0 0 0 0 4
cob=/usr/lib/x86_64-linux-gnu/libc.so.6
cfi=./string/../sysdeps/x86_64/multiarch/memmove-vec-unaligned-erms.S
cfn=__memcpy_avx_unaligned_erms
calls=8 0x188d80 
0x1eaa42 57 15 10 0 1 4 0 0 0 11 7
fi=/rustc/48a229ceaefd4985c50990b14116b6d856af0985/library/alloc/src/vec/mod.rs
0x1eaa48 4 0 4
0x1eaa4c 4
fe=/tmp/botlish-post-structural-fn-1/native-audit/src/runtime/ops.rs
0x1eaa50 4
0x1eaa53 4 4 4 0 2 0 0 0 0 0 0 4
cfi=/tmp/botlish-post-structural-fn-1/native-audit/src/runtime/vm.rs
cfn=<botlish_native::runtime::vm::Vm>::new_list
calls=8 0x2017b0 
0x1eaa53 636 171 117 0 4 4 0 0 1 85 8 12
fi=/rustc/48a229ceaefd4985c50990b14116b6d856af0985/library/alloc/src/vec/mod.rs
0x1eaa4c 1
fe=/tmp/botlish-post-structural-fn-1/native-audit/src/runtime/ops.rs
0x1eaa50 1
0x1eaa53 1 1 1 0 0 0 0 0 0 0 0 1
cfi=/tmp/botlish-post-structural-fn-1/native-audit/src/runtime/vm.rs
cfn=<botlish_native::runtime::vm::Vm>::new_list
calls=2 0x2017b0 
0x1eaa53 117 35 26 0 1 1 0 0 0 14 1 3
fi=/tmp/botlish-post-structural-fn-1/native-audit/src/runtime/metrics.rs
0x1eaa59 5 5
0x1eaa61 5 0 0 0 0 0 0 0 0 5
fe=/tmp/botlish-post-structural-fn-1/native-audit/src/runtime/ops.rs
0x1eaa6a 5
0x1eaa6e 5 5
0x1eaa6f 5 5
0x1eaa71 5 5
0x1eaa73 5 5
0x1eaa75 5 5
0x1eaa77 5 5
0x1eaa78 5 5

fn=rt_str_len
0x1ea930 810 0 810
0x1ea931 810
0x1ea934 810
0x1ea938 810 810 0 0 3
0x1ea93c 810
fi=/rustc/48a229ceaefd4985c50990b14116b6d856af0985/library/core/src/ops/range.rs
0x1ea946 810
fi=/tmp/botlish-post-structural-fn-1/native-audit/src/runtime/vm.rs
0x1ea949 810 0 0 0 0 0 0 0 0 810 2
fi=/tmp/botlish-post-structural-fn-1/native-audit/src/runtime/value.rs
0x1ea94b 810
fe=/tmp/botlish-post-structural-fn-1/native-audit/src/runtime/ops.rs
0x1ea953 810
0x1ea957 810 810
0x1ea958 810 810

fn=botlish_native::runtime::ops::one_scalar
0x1e1800 8800 0 8800 1
0x1e1801 8800
0x1e1804 8800 0 8800
0x1e1806 8800 0 8800
0x1e1807 8800
0x1e180b 8800
0x1e180e 8800 0 8800
0x1e1812 8800 0 8800
0x1e181a 8800 8800
0x1e181f 8800 0 0 0 0 0 0 0 0 8800
fi=/rustc/48a229ceaefd4985c50990b14116b6d856af0985/library/core/src/ptr/non_null.rs
0x1e1821 8800 8800
fi=/rustc/48a229ceaefd4985c50990b14116b6d856af0985/library/core/src/slice/iter/macros.rs
0x1e1826 8800 0 0 0 0 0 0 0 0 8800
fe=/tmp/botlish-post-structural-fn-1/native-audit/src/runtime/ops.rs
0x1e182c 8800 8800
fi=/rustc/48a229ceaefd4985c50990b14116b6d856af0985/library/core/src/str/validations.rs
0x1e1830 8800 8800
0x1e1833 8800
0x1e1835 8800 0 0 0 0 0 0 0 0 8800 2000
0x1e183b 2400
0x1e183d 2400
0x1e1840 2400 2400 0 1
0x1e1844 2400
0x1e1847 2400
0x1e1849 2400 0 0 0 0 0 0 0 0 2400 400
0x1e184f 2000 2000
0x1e1853 2000
0x1e1856 2000
0x1e1859 2000
0x1e185b 2000
0x1e185d 2000 0 0 0 0 0 0 0 0 2000
0x1e194b 400
0x1e194e 400
0x1e1950 400
0x1e1952 400
0x1e1954 2000
0x1e1957 2000
0x1e1959 2000
fe=/tmp/botlish-post-structural-fn-1/native-audit/src/runtime/ops.rs
0x1e195b 2000 0 2000
0x1e195e 2000
0x1e1960 2000 0 2000
0x1e1962 2000
0x1e1966 2000 2000
0x1e1967 2000 2000
0x1e1969 2000 2000
0x1e196a 2000 2000
0x1e195b 6800 0 6800 1
0x1e195e 6800
0x1e1960 6800 0 6800
0x1e1962 6800
0x1e1966 6800 6800
0x1e1967 6800 6800
0x1e1969 6800 6800
0x1e196a 6800 6800

fn=rt_str_eq
0x1ebe80 2000 0 0 1
fi=/rustc/48a229ceaefd4985c50990b14116b6d856af0985/library/alloc/src/boxed.rs
0x1ebe83 2000 2000
0x1ebe87 2000
fi=/rustc/48a229ceaefd4985c50990b14116b6d856af0985/library/core/src/slice/cmp.rs
0x1ebe8c 2000 2000 0 0 1
0x1ebe90 2000 0 0 0 0 0 0 0 0 2000 800
0x1ebe92 800 0 800
0x1ebe93 800
fi=/rustc/48a229ceaefd4985c50990b14116b6d856af0985/library/alloc/src/boxed.rs
0x1ebe96 800 800 0 0 1
0x1ebe9a 800 800
fi=/rustc/48a229ceaefd4985c50990b14116b6d856af0985/library/core/src/slice/cmp.rs
0x1ebe9e 800
0x1ebea1 800 800 800 0 0 0 0 0 0 0 0 800
cob=/usr/lib/x86_64-linux-gnu/libc.so.6
cfi=./string/../sysdeps/x86_64/multiarch/memcmp-avx2-movbe.S
cfn=__memcmp_avx2_movbe
calls=1600 0x188620 
0x1ebea1 8000 2400 0 0 1 0 0 0 0 2400
0x1ebea7 800
0x1ebea9 800
0x1ebeab 800
fi=/tmp/botlish-post-structural-fn-1/native-audit/src/runtime/value.rs
0x1ebeae 800
0x1ebeb6 800 800
fe=/tmp/botlish-post-structural-fn-1/native-audit/src/runtime/ops.rs
0x1ebeb7 800 800
0x1ebeb7 1200 1200

fl=/tmp/botlish-post-structural-fn-1/native-audit/src/runtime/construct.rs
fn=rt_construct
0x1f1170 6 0 6 1
0x1f1171 6
0x1f1174 6 0 6
0x1f1176 6 0 6
0x1f1178 6 0 6
0x1f117a 6 0 6
0x1f117c 6 0 6
0x1f117d 6 0 0 1
0x1f1184 6
0x1f1187 6 0 6
0x1f118b 6
0x1f118f 6 0 6
0x1f1193 6 0 6
0x1f1197 6 0 6
0x1f119b 6 0 0 0 0 0 0 0 0 6 1
0x1f119d 6 0 6
0x1f11a8 6 0 6 0 0 1
0x1f11b3 6 0 6
0x1f11be 6 0 6
0x1f11c9 6
0x1f11cc 6 0 0 0 0 0 0 0 0 6
0x1f11d2 6
0x1f11d9 6 0 6
0x1f11e0 6
0x1f11e3 6
0x1f11e6 6
0x1f11e8 6
0x1f11eb 6
0x1f11ee 6
0x1f11f0 6
0x1f11f3 6
0x1f17a8 7 0 0 1
0x1f17ac 7
0x1f17b3 7 0 7
0x1f17bb 7 0 7
0x1f17c0 7 0 7 1
0x1f17c9 7 0 7 0 0 1
0x1f17ce 7 0 7
0x1f17d3 7 0 7
0x1f17d8 7 0 7
0x1f17dd 7 0 7
0x1f17e4 7
0x1f17e9 7
0x1f17ec 7
0x1f17ee 7
0x1f17f1 7
0x1f17f4 7
0x1f17f6 7 7
0x1f17fa 7 7
0x1f17fe 7 7
0x1f1802 7
0x1f1805 7
0x1f1808 7 0 0 0 0 0 0 0 0 7 3
0x1f1802 5
0x1f1805 5
0x1f1808 5 0 0 0 0 0 0 0 0 5 5
0x1f180e 12 12 0 1
0x1f1812 12
0x1f1815 12 0 0 0 0 0 0 0 0 12 1
0x1f18d0 12 0 0 1
0x1f18d3 12
0x1f18d7 12
0x1f18da 12 0 0 0 0 0 0 0 0 12 2
0x1f18e0 12 12
0x1f18e4 12
fi=/tmp/botlish-post-structural-fn-1/native-audit/src/runtime/value.rs
0x1f18e6 12
0x1f18e9 12 0 0 0 0 0 0 0 0 12
0x1f18ef 12
0x1f18f2 12
0x1f18f5 12 0 0 0 0 0 0 0 0 12 1
0x1f18fb 12 12 0 0 3
0x1f1900 12 0 0 1
fe=/tmp/botlish-post-structural-fn-1/native-audit/src/runtime/construct.rs
0x1f1903 12 0 0 0 0 0 0 0 0 12 5
0x1f1905 7 7 0 0 1
0x1f1909 7 7
0x1f190d 7 7
0x1f1911 7 7
0x1f1916 7
0x1f1919 7
0x1f191c 7 7
0x1f1923 7
0x1f1927 7
0x1f192a 7
0x1f192c 7 0 0 0 0 0 0 0 0 7
0x1f1960 5 0 0 1
0x1f1963 5 0 0 0 0 0 0 0 0 5 1
0x1f1969 5 5
0x1f196e 5 0 0 0 0 0 0 0 0 5
0x1f1974 5
fi=/rustc/48a229ceaefd4985c50990b14116b6d856af0985/library/alloc/src/vec/mod.rs
0x1f1977 5 5
fe=/tmp/botlish-post-structural-fn-1/native-audit/src/runtime/construct.rs
0x1f197b 5 5
0x1f197f 5 5 0 1
fi=/rustc/48a229ceaefd4985c50990b14116b6d856af0985/library/core/src/num/uint_macros.rs
0x1f1983 5
0x1f1986 5
0x1f1989 5 0 0 0 0 0 0 0 0 5
0x1f198f 5
0x1f1992 5 0 0 0 0 0 0 0 0 5
0x1f1998 5 0 5
fi=/rustc/48a229ceaefd4985c50990b14116b6d856af0985/library/core/src/slice/index.rs
0x1f199c 5 5
fe=/tmp/botlish-post-structural-fn-1/native-audit/src/runtime/construct.rs
0x1f19a0 5 5
0x1f19a4 5 5
0x1f19a9 5
0x1f19ac 5
0x1f19af 5 5
0x1f19b6 5
0x1f19ba 5
0x1f19bd 5
0x1f19bf 5 0 0 1 0 0 0 0 0 5
0x1f19c5 5
0x1f19c9 5
0x1f19d0 5 0 5
0x1f19d8 5 0 5
0x1f19e1 5 0 5
0x1f19e6 5 0 5
0x1f19eb 5 0 5
0x1f19f0 5 0 5
0x1f19f5 5 0 5
0x1f19fa 5 0 5 1
0x1f1a01 5
0x1f1a06 5
0x1f1a09 5
0x1f1a0b 5 5
0x1f1a0f 5
0x1f1a12 5 5
0x1f1a16 5
0x1f1a19 5
fi=/rustc/48a229ceaefd4985c50990b14116b6d856af0985/library/alloc/src/alloc.rs
0x1f24bf 6 0 0 1
0x1f24c6 6
fe=/tmp/botlish-post-structural-fn-1/native-audit/src/runtime/construct.rs
0x1f24cd 6
0x1f24d2 6 6 6 0 0 2 0 0 0 0 0 6
cob=/usr/lib/x86_64-linux-gnu/libc.so.6
cfi=./string/../sysdeps/x86_64/multiarch/memmove-vec-unaligned-erms.S
cfn=__memcpy_avx_unaligned_erms
calls=12 0x188d80 
0x1f24d2 534 144 126 1 1 10 0 0 0 66 6
0x1f24d8 6 6
fi=/rustc/48a229ceaefd4985c50990b14116b6d856af0985/library/alloc/src/vec/mod.rs
0x1f24df 6 6
0x1f24e6 6
0x1f24e9 6
fe=/tmp/botlish-post-structural-fn-1/native-audit/src/runtime/construct.rs
0x1f24ec 6
0x1f24ef 6 0 0 0 0 0 0 0 0 6
0x1f24f1 6
0x1f24f8 6 6
fi=/rustc/48a229ceaefd4985c50990b14116b6d856af0985/library/core/src/ptr/mut_ptr.rs
0x1f24ff 6 0 0 1
0x1f2502 6
fi=/rustc/48a229ceaefd4985c50990b14116b6d856af0985/library/core/src/ptr/non_null.rs
0x1f2506 6
0x1f2509 6 0 6
0x1f250d 6 0 6
fi=/rustc/48a229ceaefd4985c50990b14116b6d856af0985/library/core/src/slice/iter/macros.rs
0x1f2511 6 0 0 0 0 0 0 0 0 6
fe=/tmp/botlish-post-structural-fn-1/native-audit/src/runtime/construct.rs
0x1f2517 6
0x1f251b 6 0 6
0x1f251f 6 0 0 0 0 0 0 0 0 6 1
0x1f2525 5
0x1f2528 5
0x1f252c 5
0x1f252f 5
0x1f2539 5
0x1f253c 5
0x1f253f 5
0x1f2542 5
0x1f2545 5
0x1f2548 5
0x1f254a 5
0x1f254c 5
0x1f2550 3
fi=/rustc/48a229ceaefd4985c50990b14116b6d856af0985/library/core/src/option.rs
0x1f2554 3 3
fe=/tmp/botlish-post-structural-fn-1/native-audit/src/runtime/construct.rs
0x1f2558 3
0x1f255b 3
0x1f255f 3 3
0x1f2563 3 3
0x1f2567 3 3
0x1f256c 3
0x1f2573 3 3
0x1f2577 3 3
0x1f257b 3 3
0x1f257f 3
0x1f2583 3
0x1f2586 3
fi=/rustc/48a229ceaefd4985c50990b14116b6d856af0985/library/core/src/slice/iter/macros.rs
0x1f2589 3
0x1f258c 3 0 0 0 0 0 0 0 0 3 2
fe=/tmp/botlish-post-structural-fn-1/native-audit/src/runtime/construct.rs
0x1f255f 2 2
0x1f2563 2 2
0x1f2567 2 2
0x1f256c 2
0x1f2573 2 2
0x1f2577 2 2
0x1f257b 2 2
0x1f257f 2
0x1f2583 2
0x1f2586 2
fi=/rustc/48a229ceaefd4985c50990b14116b6d856af0985/library/core/src/slice/iter/macros.rs
0x1f2589 2
0x1f258c 2 0 0 0 0 0 0 0 0 2 2
fi=/rustc/48a229ceaefd4985c50990b14116b6d856af0985/library/core/src/macros/mod.rs
0x1f258e 5
fe=/tmp/botlish-post-structural-fn-1/native-audit/src/runtime/construct.rs
0x1f2592 5 0 0 0 0 0 0 0 0 5
0x1f25b0 5 5
0x1f25b5 5
0x1f25b9 5
0x1f25bd 5 0 0 1
0x1f25c2 5
0x1f25c5 5 0 0 0 0 0 0 0 0 5 3
0x1f25c7 3
0x1f25e2 5
0x1f25e6 5 5
0x1f25ea 5 0 0 0 0 0 0 0 0 5 2
0x1f25f0 4
0x1f2633 1 1 0 1
0x1f2637 1 0 1
0x1f263e 1 1 0 1
0x1f2645 1 0 1
0x1f264c 1 1
0x1f2653 1 0 1
0x1f265a 1
0x1f265d 1
0x1f2664 1 1
0x1f2668 1
0x1f266b 1 1 1 0 0 0 0 0 0 0 0 1
cfi=/tmp/botlish-post-structural-fn-1/native-audit/src/runtime/vm.rs
cfn=<botlish_native::runtime::vm::Vm>::new_str_known
calls=2 0x2008a0 
0x1f266b 156 47 42 0 0 0 0 0 0 15 2 3
0x1f2671 1 0 1
fi=/rustc/48a229ceaefd4985c50990b14116b6d856af0985/library/core/src/ptr/non_null.rs
0x1f2675 1
0x1f2678 1 1
0x1f267c 1 1
fi=/rustc/48a229ceaefd4985c50990b14116b6d856af0985/library/core/src/slice/iter/macros.rs
0x1f2680 1 0 0 1 0 0 0 0 0 1 1
0x1f2686 1
0x1f2688 1 1
0x1f268f 1
fe=/tmp/botlish-post-structural-fn-1/native-audit/src/runtime/construct.rs
0x1f26a0 1 0 1
0x1f26a8 1 0 1
0x1f26b0 1
0x1f26b4 1 0 1
0x1f26ba 1 0 1
0x1f26c2 1 1
0x1f26c6 1 0 1
fi=/rustc/48a229ceaefd4985c50990b14116b6d856af0985/library/core/src/ptr/non_null.rs
0x1f26cd 1
0x1f26d1 1
fi=/rustc/48a229ceaefd4985c50990b14116b6d856af0985/library/core/src/slice/iter/macros.rs
0x1f26d4 1 0 0 0 0 0 0 0 0 1
fe=/tmp/botlish-post-structural-fn-1/native-audit/src/runtime/construct.rs
0x1f26da 1 1
0x1f26df 1 0 0 0 0 0 0 0 0 1
0x1f26e1 1 1
0x1f26e6 1 0 1
fi=/rustc/48a229ceaefd4985c50990b14116b6d856af0985/library/alloc/src/raw_vec/mod.rs
0x1f26eb 1 1
0x1f26ef 1
0x1f26f2 1 0 0 0 0 0 0 0 0 1 1
0x1f26f4 1 1
fi=/rustc/48a229ceaefd4985c50990b14116b6d856af0985/library/alloc/src/alloc.rs
0x1f26f8 1
0x1f26fd 1 0 1 0 0 0 0 0 0 0 0 1
cfi=???
cfn=__rustc::__rust_dealloc
calls=2 0x1a9160 
0x1f26fd 98 29 15 0 0 0 0 0 0 12 3 1
0x1f2700 1 1
0x1f2704 1
fi=/rustc/48a229ceaefd4985c50990b14116b6d856af0985/library/alloc/src/raw_vec/mod.rs
0x1f297d 1 0 0 1
0x1f2980 1
0x1f2983 1
0x1f2986 1
0x1f2988 1
0x1f298b 1
fe=/tmp/botlish-post-structural-fn-1/native-audit/src/runtime/construct.rs
0x1f298d 1 1
0x1f2991 1 1
0x1f2995 1 1
0x1f2999 1
0x1f299c 1
0x1f29a1 1 0 0 0 0 0 0 0 0 1 1
0x1f298d 1 1
0x1f2991 1 1
0x1f2995 1 1
0x1f2999 1
0x1f299c 1
0x1f29a1 1 0 0 0 0 0 0 0 0 1
fi=/rustc/48a229ceaefd4985c50990b14116b6d856af0985/library/core/src/option.rs
0x1f29a3 2 2
fe=/tmp/botlish-post-structural-fn-1/native-audit/src/runtime/construct.rs
0x1f29a7 2
0x1f29aa 2
0x1f29ae 2
0x1f29b1 2
0x1f29b5 2 0 0 0 0 0 0 0 0 2
0x1f29ae 4 0 0 1
0x1f29b1 4
0x1f29b5 4 0 0 0 0 0 0 0 0 4
0x1f2a64 6 6 0 1
0x1f2a68 6 0 6 0 0 1
0x1f2a6f 6 6
0x1f2a73 6 0 0 0 0 0 0 0 0 6 1
0x1f2a79 1
0x1f2a7d 1 0 0 1 0 0 0 0 0 1
0x1f2a83 1 1
0x1f2a87 1 0 0 0 0 0 0 0 0 1
fi=/rustc/48a229ceaefd4985c50990b14116b6d856af0985/library/alloc/src/raw_vec/mod.rs
0x1f2af5 1 1
fi=/tmp/botlish-post-structural-fn-1/native-audit/src/runtime/metrics.rs
0x1f2af9 1 1
0x1f2b00 1 0 0 0 0 0 0 0 0 1 1
fe=/tmp/botlish-post-structural-fn-1/native-audit/src/runtime/construct.rs
0x1f2b09 1 0 1
0x1f2b10 1 0 1
0x1f2b17 1
0x1f2b1c 5
0x1f2b1e 5 0 0 0 0 0 0 0 0 5
0x1f2b20 3
0x1f2b23 3 0 0 0 0 0 0 0 0 3
0x1f2b29 3
0x1f2b2c 3
fi=/rustc/48a229ceaefd4985c50990b14116b6d856af0985/library/core/src/option.rs
0x1f2b30 3 3
0x1f2b36 3 0 0 0 0 0 0 0 0 3
fi=/rustc/48a229ceaefd4985c50990b14116b6d856af0985/library/core/src/ptr/non_null.rs
0x1f2b3c 3
fi=/rustc/48a229ceaefd4985c50990b14116b6d856af0985/library/core/src/slice/iter/macros.rs
0x1f2b3f 3 0 0 0 0 0 0 0 0 3 2
0x1f2b45 1
0x1f2b47 1
0x1f2b4a 1
0x1f2b4e 1 0 0 0 0 0 0 0 0 1
0x1f2b54 1
0x1f2b56 1
0x1f2b59 1
fe=/tmp/botlish-post-structural-fn-1/native-audit/src/runtime/construct.rs
0x1f2b5e 2
fi=/rustc/48a229ceaefd4985c50990b14116b6d856af0985/library/core/src/cmp.rs
0x1f2b66 2
0x1f2b6a 2
0x1f2b6f 2
0x1f2b73 2
0x1f2b76 2 0 0 0 0 0 0 0 0 2
0x1f2b7c 2 0 2
0x1f2b80 2 2 2 0 0 0 0 0 0 0 0 2
cfi=???
cfn=__rustc::__rust_no_alloc_shim_is_unstable_v2
calls=4 0x1a9190 
0x1f2b80 8 4 2
fi=/rustc/48a229ceaefd4985c50990b14116b6d856af0985/library/alloc/src/alloc.rs
0x1f2b86 2
0x1f2b8b 2 0 2
0x1f2b8f 2
0x1f2b92 2 2 2 0 1 0 0 0 0 0 0 2
cfi=???
cfn=__rustc::__rust_alloc_zeroed
calls=4 0x1a9180 
0x1f2b92 737 158 83 9 0 5 0 0 0 136 9 2
0x1f2b98 2 0 2
fi=/rustc/48a229ceaefd4985c50990b14116b6d856af0985/library/alloc/src/raw_vec/mod.rs
0x1f2b9c 2
0x1f2b9f 2 0 0 0 0 0 0 0 0 2
0x1f2ba5 2 0 2
fi=/rustc/48a229ceaefd4985c50990b14116b6d856af0985/library/core/src/ptr/non_null.rs
0x1f2ba9 2
0x1f2bac 2 2
fi=/rustc/48a229ceaefd4985c50990b14116b6d856af0985/library/core/src/slice/iter/macros.rs
0x1f2bb0 2 0 0 0 0 0 0 0 0 2
0x1f2bb2 2
0x1f2bb7 2
0x1f2bb9 2
fe=/tmp/botlish-post-structural-fn-1/native-audit/src/runtime/construct.rs
0x1f2bc0 2 2
0x1f2bc5 2
0x1f2bc8 2
fi=/rustc/48a229ceaefd4985c50990b14116b6d856af0985/library/core/src/num/uint_macros.rs
0x1f2bcb 2 0 0 0 0 0 0 0 0 2
fe=/tmp/botlish-post-structural-fn-1/native-audit/src/runtime/construct.rs
0x1f2bc0 2 2
0x1f2bc5 2
0x1f2bc8 2
fi=/rustc/48a229ceaefd4985c50990b14116b6d856af0985/library/core/src/num/uint_macros.rs
0x1f2bcb 2 0 0 0 0 0 0 0 0 2
0x1f2bd1 4 4
0x1f2bd5 4 0 0 0 0 0 0 0 0 4 1
fi=/rustc/48a229ceaefd4985c50990b14116b6d856af0985/library/core/src/slice/index.rs
0x1f2bdb 4 4
fe=/tmp/botlish-post-structural-fn-1/native-audit/src/runtime/construct.rs
0x1f2bdf 4 4
fi=/rustc/48a229ceaefd4985c50990b14116b6d856af0985/library/core/src/ptr/mod.rs
0x1f2be4 4 4 4 0 0 0 0 0 0 0 0 4
cob=/usr/lib/x86_64-linux-gnu/libc.so.6
cfi=./string/../sysdeps/x86_64/multiarch/memmove-vec-unaligned-erms.S
cfn=__memcpy_avx_unaligned_erms
calls=8 0x188d80 
0x1f2be4 61 7 3 0 1 0 0 0 0 23 3
fi=/rustc/48a229ceaefd4985c50990b14116b6d856af0985/library/core/src/ptr/non_null.rs
0x1f2bea 4
0x1f2bee 4
0x1f2bf1 4 4
fi=/rustc/48a229ceaefd4985c50990b14116b6d856af0985/library/core/src/slice/iter/macros.rs
0x1f2bf5 4 0 0 0 0 0 0 0 0 4 1
fi=/tmp/botlish-post-structural-fn-1/native-audit/src/runtime/value.rs
0x1f2bf7 2 0 2
0x1f2bfe 2 0 2
0x1f2c08 2 2
fe=/tmp/botlish-post-structural-fn-1/native-audit/src/runtime/construct.rs
0x1f2c0c 2 0 2
0x1f2c13 2 2
0x1f2c17 2 0 2
0x1f2c1e 2 0 2
0x1f2c25 2
0x1f2c2a 2 0 2
0x1f2c33 2 0 2
0x1f2c3a 2 0 2
0x1f2c45 2 0 2
0x1f2c4c 2 0 2
0x1f2c53 2 2
0x1f2c57 2 0 2
0x1f2c5d 2 0 2
0x1f2c64 2
0x1f2c6b 2 2
0x1f2c6f 2
0x1f2c72 2 0 2
cfi=/tmp/botlish-post-structural-fn-1/native-audit/src/runtime/vm.rs
cfn=<botlish_native::runtime::vm::Vm>::alloc::<botlish_native::runtime::construct::StrPlanObj>
calls=4 0x1ff8d0 
0x1f2c72 234 76 52 5 2 1 0 0 0 26 1 6
0x1f2c77 2 0 2
0x1f2c7b 2 2
0x1f2c7f 2 0 2 0 0 1
0x1f2c86 2 0 2
0x1f2c8e 2 2
0x1f2c92 2 2
fi=/rustc/48a229ceaefd4985c50990b14116b6d856af0985/library/core/src/ptr/non_null.rs
0x1f2c96 2
fi=/rustc/48a229ceaefd4985c50990b14116b6d856af0985/library/core/src/slice/iter/macros.rs
0x1f2c99 2 0 0 0 0 0 0 0 0 2
fi=/tmp/botlish-post-structural-fn-1/native-audit/src/runtime/vm.rs
0x1f2e25 1 0 0 1
fi=/rustc/48a229ceaefd4985c50990b14116b6d856af0985/library/core/src/intrinsics/mod.rs
0x1f2e28 1 0 0 0 0 0 0 0 0 1
fi=/tmp/botlish-post-structural-fn-1/native-audit/src/lib.rs
0x1f3142 2 0 0 1
fi=/rustc/48a229ceaefd4985c50990b14116b6d856af0985/library/core/src/slice/iter/macros.rs
0x1f3145 2
0x1f31b7 1 0 0 1
0x1f31bb 1
0x1f31be 1 0 0 1
0x1f31c2 1
0x1f31c5 1
0x1f31c7 1
fi=/rustc/48a229ceaefd4985c50990b14116b6d856af0985/library/core/src/iter/traits/accum.rs
0x1f31d0 1 1
fi=/rustc/48a229ceaefd4985c50990b14116b6d856af0985/library/core/src/slice/iter/macros.rs
0x1f31d4 1
0x1f31d8 1
0x1f31db 1 0 0 0 0 0 0 0 0 1
fi=/rustc/48a229ceaefd4985c50990b14116b6d856af0985/library/core/src/iter/traits/accum.rs
0x1f31d0 1 1
fi=/rustc/48a229ceaefd4985c50990b14116b6d856af0985/library/core/src/slice/iter/macros.rs
0x1f31d4 1
0x1f31d8 1
0x1f31db 1 0 0 0 0 0 0 0 0 1
0x1f31dd 3 0 3
fe=/tmp/botlish-post-structural-fn-1/native-audit/src/runtime/construct.rs
0x1f31e4 3
fi=/rustc/48a229ceaefd4985c50990b14116b6d856af0985/library/core/src/ptr/non_null.rs
0x1f31e8 3
0x1f31eb 3 0 3
0x1f31f2 3
fi=/rustc/48a229ceaefd4985c50990b14116b6d856af0985/library/core/src/slice/iter/macros.rs
0x1f31f5 3 0 0 0 0 0 0 0 0 3
0x1f31f7 1
0x1f31fa 1
0x1f31ff 2
0x1f3202 2
0x1f3205 2
0x1f3209 2
0x1f320b 2
0x1f320e 2
0x1f3212 2 0 0 0 0 0 0 0 0 2
0x1f3214 2
0x1f3216 2
0x1f3219 2
0x1f3256 2
0x1f325a 2
0x1f325d 2
0x1f3260 2
0x1f3264 2
0x1f3267 2
0x1f3269 2
fi=/rustc/48a229ceaefd4985c50990b14116b6d856af0985/library/core/src/iter/traits/accum.rs
0x1f3270 2 2
fi=/rustc/48a229ceaefd4985c50990b14116b6d856af0985/library/core/src/slice/iter/macros.rs
0x1f3274 2
0x1f3278 2
0x1f327b 2 0 0 0 0 0 0 0 0 2
0x1f327d 3 3 0 1
0x1f3282 3 3
fe=/tmp/botlish-post-structural-fn-1/native-audit/src/runtime/construct.rs
0x1f3289 3
0x1f328c 3 0 3
0x1f3290 3 0 3
0x1f3294 3 0 3
0x1f3298 3 0 0 0 0 0 0 0 0 3
0x1f329e 1 1
0x1f32a2 1
0x1f32a5 1 0 0 0 0 0 0 0 0 1 1
0x1f33c1 2 0 2
0x1f33c9 2
0x1f33ce 1 0 1 1
0x1f33d6 1
0x1f33d9 1 1
0x1f33e0 1 0 1
fi=/rustc/48a229ceaefd4985c50990b14116b6d856af0985/library/core/src/ptr/non_null.rs
0x1f33e4 1
fi=/rustc/48a229ceaefd4985c50990b14116b6d856af0985/library/core/src/slice/iter/macros.rs
0x1f33e7 1 0 0 0 0 0 0 0 0 1
0x1f33e9 1 0 1
0x1f33ed 1
0x1f33ef 1 1
0x1f33f3 1
fe=/tmp/botlish-post-structural-fn-1/native-audit/src/runtime/construct.rs
0x1f3400 1 1
0x1f3405 1
fi=/rustc/48a229ceaefd4985c50990b14116b6d856af0985/library/alloc/src/vec/mod.rs
0x1f3408 1 1
fe=/tmp/botlish-post-structural-fn-1/native-audit/src/runtime/construct.rs
0x1f340c 1
fi=/rustc/48a229ceaefd4985c50990b14116b6d856af0985/library/core/src/num/uint_macros.rs
0x1f340f 1 0 0 0 0 0 0 0 0 1
fe=/tmp/botlish-post-structural-fn-1/native-audit/src/runtime/construct.rs
0x1f3400 1 1
0x1f3405 1
fi=/rustc/48a229ceaefd4985c50990b14116b6d856af0985/library/alloc/src/vec/mod.rs
0x1f3408 1 1
fe=/tmp/botlish-post-structural-fn-1/native-audit/src/runtime/construct.rs
0x1f340c 1
fi=/rustc/48a229ceaefd4985c50990b14116b6d856af0985/library/core/src/num/uint_macros.rs
0x1f340f 1 0 0 0 0 0 0 0 0 1
0x1f3415 2
0x1f3418 2 0 0 0 0 0 0 0 0 2 1
0x1f341e 2 2
0x1f3422 2 2
fi=/rustc/48a229ceaefd4985c50990b14116b6d856af0985/library/core/src/slice/index.rs
0x1f3426 2
fe=/tmp/botlish-post-structural-fn-1/native-audit/src/runtime/construct.rs
0x1f3429 2 2
fi=/rustc/48a229ceaefd4985c50990b14116b6d856af0985/library/core/src/ptr/mod.rs
0x1f342e 2
0x1f3431 2 2 2 0 0 0 0 0 0 0 0 2
cob=/usr/lib/x86_64-linux-gnu/libc.so.6
cfi=./string/../sysdeps/x86_64/multiarch/memmove-vec-unaligned-erms.S
cfn=__memcpy_avx_unaligned_erms
calls=4 0x188d80 
0x1f3431 29 3 1 0 0 0 0 0 0 11 1
0x1f3437 2 2
0x1f343b 2 2
fe=/tmp/botlish-post-structural-fn-1/native-audit/src/runtime/construct.rs
0x1f343f 2 2 0 1
fi=/rustc/48a229ceaefd4985c50990b14116b6d856af0985/library/core/src/ptr/non_null.rs
0x1f3444 2
0x1f3448 2
fi=/rustc/48a229ceaefd4985c50990b14116b6d856af0985/library/core/src/slice/iter/macros.rs
0x1f344b 2 0 0 0 0 0 0 0 0 2 1
0x1f344d 1 1
0x1f3452 1 1
0x1f3456 1
fe=/tmp/botlish-post-structural-fn-1/native-audit/src/runtime/construct.rs
0x1f345d 3
0x1f3460 3 0 0 0 0 0 0 0 0 3
0x1f3466 2 2
fi=/rustc/48a229ceaefd4985c50990b14116b6d856af0985/library/alloc/src/vec/mod.rs
0x1f346a 2 2
fe=/tmp/botlish-post-structural-fn-1/native-audit/src/runtime/construct.rs
0x1f346e 2 2
0x1f3472 2
0x1f3476 2
0x1f3479 2 0 0 0 0 0 0 0 0 2
0x1f3595 2
0x1f3597 2 2
0x1f359e 2
0x1f35a2 2 0 2
fi=/rustc/48a229ceaefd4985c50990b14116b6d856af0985/library/core/src/ptr/non_null.rs
0x1f35a6 2 2
fi=/rustc/48a229ceaefd4985c50990b14116b6d856af0985/library/core/src/slice/iter/macros.rs
0x1f35aa 2 0 0 0 0 0 0 0 0 2
0x1f35b3 2 0 2
0x1f35b7 2 2
fe=/tmp/botlish-post-structural-fn-1/native-audit/src/runtime/construct.rs
0x1f35bb 2 2
0x1f35c0 2 0 0 1
fi=/rustc/48a229ceaefd4985c50990b14116b6d856af0985/library/alloc/src/vec/mod.rs
0x1f35c3 2 2
fe=/tmp/botlish-post-structural-fn-1/native-audit/src/runtime/construct.rs
0x1f35c7 2
fi=/rustc/48a229ceaefd4985c50990b14116b6d856af0985/library/core/src/num/uint_macros.rs
0x1f35ca 2 0 0 0 0 0 0 0 0 2
0x1f35d0 2
0x1f35d3 2 0 0 0 0 0 0 0 0 2
0x1f35d9 2 2
fi=/rustc/48a229ceaefd4985c50990b14116b6d856af0985/library/core/src/slice/index.rs
0x1f35dd 2 2
fe=/tmp/botlish-post-structural-fn-1/native-audit/src/runtime/construct.rs
0x1f35e1 2 2
0x1f35e6 2
fi=/rustc/48a229ceaefd4985c50990b14116b6d856af0985/library/core/src/ptr/mod.rs
0x1f35e9 2
0x1f35ec 2
0x1f35ef 2 2 2 0 0 0 0 0 0 0 0 2
cob=/usr/lib/x86_64-linux-gnu/libc.so.6
cfi=./string/../sysdeps/x86_64/multiarch/memmove-vec-unaligned-erms.S
cfn=__memcpy_avx_unaligned_erms
calls=4 0x188d80 
0x1f35ef 34 5 3 0 0 0 0 0 0 12 1
0x1f35f5 2
0x1f35f8 2 2
fe=/tmp/botlish-post-structural-fn-1/native-audit/src/runtime/construct.rs
0x1f35fc 2 2
0x1f3600 2 2
0x1f3605 2 0 2
fi=/rustc/48a229ceaefd4985c50990b14116b6d856af0985/library/core/src/ptr/non_null.rs
0x1f3609 2
0x1f360d 2 2
fi=/rustc/48a229ceaefd4985c50990b14116b6d856af0985/library/core/src/slice/iter/macros.rs
0x1f3611 2 0 0 0 0 0 0 0 0 2
0x1f3613 2 2
0x1f3618 2 2
0x1f361c 2 2
fe=/tmp/botlish-post-structural-fn-1/native-audit/src/runtime/construct.rs
0x1f3620 2 0 2
0x1f3624 2 0 2
0x1f3628 2 2
0x1f362d 2 2
0x1f3631 2 0 0 0 0 0 0 0 0 2 1
fi=/rustc/48a229ceaefd4985c50990b14116b6d856af0985/library/core/src/slice/iter/macros.rs
0x1f361c 1 1 0 1
fe=/tmp/botlish-post-structural-fn-1/native-audit/src/runtime/construct.rs
0x1f3620 1 0 1
0x1f3624 1 0 1
0x1f3628 1 1
0x1f362d 1 1
0x1f3631 1 0 0 0 0 0 0 0 0 1 1
0x1f3645 3 0 3
0x1f364c 3 3
0x1f3653 3 3
fi=/rustc/48a229ceaefd4985c50990b14116b6d856af0985/library/core/src/ptr/non_null.rs
0x1f3657 3
fi=/rustc/48a229ceaefd4985c50990b14116b6d856af0985/library/core/src/slice/iter/macros.rs
0x1f365a 3 0 0 0 0 0 0 0 0 3
0x1f365c 5 0 0 1
0x1f365e 5 5
0x1f3665 5
fe=/tmp/botlish-post-structural-fn-1/native-audit/src/runtime/construct.rs
0x1f3670 1 0 1
0x1f3678 1 0 1
0x1f3680 1
0x1f3684 1 0 1
0x1f368a 1 0 1
0x1f3692 1 1
0x1f3696 1 0 1
fi=/rustc/48a229ceaefd4985c50990b14116b6d856af0985/library/core/src/ptr/non_null.rs
0x1f369d 1
0x1f36a1 1
fi=/rustc/48a229ceaefd4985c50990b14116b6d856af0985/library/core/src/slice/iter/macros.rs
0x1f36a4 1 0 0 0 0 0 0 0 0 1 1
fi=/rustc/48a229ceaefd4985c50990b14116b6d856af0985/library/core/src/ptr/non_null.rs
0x1f369d 10
0x1f36a1 10
fi=/rustc/48a229ceaefd4985c50990b14116b6d856af0985/library/core/src/slice/iter/macros.rs
0x1f36a4 10 0 0 0 0 0 0 0 0 10 2
fe=/tmp/botlish-post-structural-fn-1/native-audit/src/runtime/construct.rs
0x1f36a6 11 11 0 1
0x1f36ac 11 0 0 0 0 0 0 0 0 11 5
0x1f36ae 4 4
0x1f36b3 4 4
0x1f36b7 4 0 0 0 0 0 0 0 0 4 3
0x1f36b9 1 0 1
fi=/rustc/48a229ceaefd4985c50990b14116b6d856af0985/library/alloc/src/raw_vec/mod.rs
0x1f36be 1 1
0x1f36c2 1
0x1f36c5 1 0 0 0 0 0 0 0 0 1 1
0x1f36c7 1 1
fi=/rustc/48a229ceaefd4985c50990b14116b6d856af0985/library/alloc/src/alloc.rs
0x1f36cb 1
0x1f36d0 1 0 1 0 0 0 0 0 0 0 0 1
cfi=???
cfn=__rustc::__rust_dealloc
calls=2 0x1a9160 
0x1f36d0 128 34 14 0 0 0 0 0 0 22 3 1
0x1f36d3 1 1
0x1f36d7 1
0x1f36d9 5 5
fi=/tmp/botlish-post-structural-fn-1/native-audit/src/runtime/metrics.rs
0x1f36dd 5 5
0x1f36e4 5 5
0x1f36e8 5 0 0 0 0 0 0 0 0 5 2
fe=/tmp/botlish-post-structural-fn-1/native-audit/src/runtime/construct.rs
0x1f36f5 5 0 5
0x1f36fc 5 0 5
0x1f3703 5 5
fi=/rustc/48a229ceaefd4985c50990b14116b6d856af0985/library/alloc/src/raw_vec/mod.rs
0x1f3707 5 5
0x1f370e 5
0x1f3711 5 0 0 0 0 0 0 0 0 5 1
fe=/tmp/botlish-post-structural-fn-1/native-audit/src/runtime/construct.rs
0x1f3703 1 1
fi=/rustc/48a229ceaefd4985c50990b14116b6d856af0985/library/alloc/src/raw_vec/mod.rs
0x1f3707 1 1
0x1f370e 1
0x1f3711 1 0 0 0 0 0 0 0 0 1
fe=/tmp/botlish-post-structural-fn-1/native-audit/src/runtime/construct.rs
0x1f383e 6 0 0 1
0x1f3841 6
0x1f3848 6 6
0x1f3849 6 6
0x1f384b 6 6
0x1f384d 6 6
0x1f384f 6 6
0x1f3851 6 6
0x1f3852 6 6
0x1f3b76 1 0 1
0x1f3b7a 1 0 1
fi=/rustc/48a229ceaefd4985c50990b14116b6d856af0985/library/alloc/src/raw_vec/mod.rs
0x1f3b7e 1 0 0 0 0 0 0 0 0 1
0x1f3b80 1 1 1 0 0 0 0 0 0 0 0 1
cfi=???
cfn=__rustc::__rust_no_alloc_shim_is_unstable_v2
calls=2 0x1a9190 
0x1f3b80 4 2 1
fi=/rustc/48a229ceaefd4985c50990b14116b6d856af0985/library/alloc/src/alloc.rs
0x1f3b86 1
0x1f3b8b 1
0x1f3b8e 1 1 1 0 0 0 0 0 0 0 0 1
cfi=???
cfn=__rustc::__rust_alloc
calls=2 0x1a9150 
0x1f3b8e 55 14 8 0 0 0 0 0 0 8 0 1
0x1f3b94 1 0 1
fi=/rustc/48a229ceaefd4985c50990b14116b6d856af0985/library/alloc/src/raw_vec/mod.rs
0x1f3b98 1
0x1f3b9b 1 0 0 0 0 0 0 0 0 1 1
fi=/rustc/48a229ceaefd4985c50990b14116b6d856af0985/library/alloc/src/vec/mod.rs
0x1f3bb0 1 0 1
0x1f3bb7 1 1
0x1f3bbb 1 0 1
0x1f3bc2 1 0 1
0x1f3bca 1
0x1f3bcd 1
0x1f3bcf 1
0x1f3bfd 1 1
fi=/rustc/48a229ceaefd4985c50990b14116b6d856af0985/library/core/src/ptr/mut_ptr.rs
0x1f3c01 1
0x1f3c05 1 1
fi=/rustc/48a229ceaefd4985c50990b14116b6d856af0985/library/core/src/ptr/mod.rs
0x1f3c09 1
0x1f3c0c 1 1 1 0 0 0 0 0 0 0 0 1
cob=/usr/lib/x86_64-linux-gnu/libc.so.6
cfi=./string/../sysdeps/x86_64/multiarch/memmove-vec-unaligned-erms.S
cfn=__memcpy_avx_unaligned_erms
calls=2 0x188d80 
0x1f3c0c 15 3 2 0 0 0 0 0 0 4 1
fi=/rustc/48a229ceaefd4985c50990b14116b6d856af0985/library/alloc/src/vec/mod.rs
0x1f3c12 1
0x1f3c15 1 0 1
fi=/rustc/48a229ceaefd4985c50990b14116b6d856af0985/library/core/src/ptr/non_null.rs
0x1f3c19 1
0x1f3c1d 1 1
fi=/rustc/48a229ceaefd4985c50990b14116b6d856af0985/library/core/src/slice/iter/macros.rs
0x1f3c21 1 0 0 0 0 0 0 0 0 1 1
0x1f3c23 1 1
fe=/tmp/botlish-post-structural-fn-1/native-audit/src/runtime/construct.rs
0x1f3c27 1 1
0x1f3c2c 1 0 1
0x1f3c30 1 1
fi=/rustc/48a229ceaefd4985c50990b14116b6d856af0985/library/alloc/src/raw_vec/mod.rs
0x1f3c35 1 1
fi=/rustc/48a229ceaefd4985c50990b14116b6d856af0985/library/core/src/num/uint_macros.rs
0x1f3c3c 1
0x1f3c3f 1
fi=/rustc/48a229ceaefd4985c50990b14116b6d856af0985/library/alloc/src/raw_vec/mod.rs
0x1f3c42 1
0x1f3c45 1 0 0 0 0 0 0 0 0 1 1
fi=/rustc/48a229ceaefd4985c50990b14116b6d856af0985/library/alloc/src/vec/mod.rs
0x1f3c47 1
0x1f3c4a 1 0 0 0 0 0 0 0 0 1
0x1f3c4e 1 1
0x1f3c52 1 1
fi=/rustc/48a229ceaefd4985c50990b14116b6d856af0985/library/core/src/slice/iter/macros.rs
0x1f3c56 1
fe=/tmp/botlish-post-structural-fn-1/native-audit/src/runtime/construct.rs

fl=/rustc/48a229ceaefd4985c50990b14116b6d856af0985/library/alloc/src/raw_vec/mod.rs
fn=<alloc::raw_vec::RawVecInner>::finish_grow
0x1ff0d0 6000 0 6000
0x1ff0d1 6000
0x1ff0d4 6000 0 6000
0x1ff0d6 6000 0 6000
0x1ff0d8 6000 0 6000
0x1ff0da 6000 0 6000
0x1ff0db 6000
0x1ff0de 6000
0x1ff0e1 6000
fi=/rustc/48a229ceaefd4985c50990b14116b6d856af0985/library/core/src/num/uint_macros.rs
0x1ff0e4 6000
0x1ff0e7 6000
0x1ff0ea 6000
0x1ff0ed 6000
0x1ff0f0 6000
0x1ff0fa 6000
0x1ff0fd 6000
0x1ff100 6000
fi=/rustc/48a229ceaefd4985c50990b14116b6d856af0985/library/core/src/intrinsics/mod.rs
0x1ff103 6000
0x1ff105 6000
0x1ff10b 6000 0 0 0 0 0 0 0 0 6000 2
0x1ff117 6000
fe=/rustc/48a229ceaefd4985c50990b14116b6d856af0985/library/alloc/src/raw_vec/mod.rs
0x1ff11a 6000 0 0 0 0 0 0 0 0 6000
fi=/rustc/48a229ceaefd4985c50990b14116b6d856af0985/library/alloc/src/alloc.rs
0x1ff139 6000
0x1ff13c 6000 0 0 0 0 0 0 0 0 6000
0x1ff13e 6000 6000 6000 1 0 0 0 0 0 0 0 6000
cfi=???
cfn=__rustc::__rust_no_alloc_shim_is_unstable_v2
calls=16992 0x1a9190 
0x1ff13e 24000 12000 6000
0x1ff144 6000
0x1ff147 6000
0x1ff14a 6000 6000 6000 0 0 0 0 0 0 0 0 6000
cfi=???
cfn=__rustc::__rust_alloc
calls=16992 0x1a9150 
0x1ff14a 628500 146250 80250 0 5778 0 0 0 0 108750 2254 6000
fe=/rustc/48a229ceaefd4985c50990b14116b6d856af0985/library/alloc/src/raw_vec/mod.rs
0x1ff150 6000
0x1ff153 6000 0 0 0 0 0 0 0 0 6000
0x1ff163 6000 0 6000
0x1ff167 6000
0x1ff16c 6000
0x1ff16f 6000 0 6000
0x1ff173 6000 0 6000
0x1ff176 6000 6000
0x1ff177 6000 6000
0x1ff179 6000 6000
0x1ff17b 6000 6000
0x1ff17d 6000 6000
0x1ff17e 6000 6000

fn=<alloc::raw_vec::RawVecInner<_>>::reserve::do_reserve_and_handle::<alloc::alloc::Global>
0x1fe0c0 6000 0 6000
0x1fe0c1 6000
0x1fe0c4 6000 0 6000
0x1fe0c6 6000 0 6000
0x1fe0c7 6000
0x1fe0cb 6000
0x1fe0ce 6000
0x1fe0d1 6000 0 0 0 0 0 0 0 0 6000
fi=/rustc/48a229ceaefd4985c50990b14116b6d856af0985/library/core/src/num/uint_macros.rs
0x1fe0db 6000
fi=/rustc/48a229ceaefd4985c50990b14116b6d856af0985/library/core/src/intrinsics/mod.rs
0x1fe0de 6000 0 0 0 0 0 0 0 0 6000
0x1fe0e0 6000
fe=/rustc/48a229ceaefd4985c50990b14116b6d856af0985/library/alloc/src/raw_vec/mod.rs
0x1fe0e3 6000 6000
0x1fe0e6 6000
fi=/rustc/48a229ceaefd4985c50990b14116b6d856af0985/library/core/src/cmp.rs
0x1fe0ea 6000
0x1fe0ed 6000
fe=/rustc/48a229ceaefd4985c50990b14116b6d856af0985/library/alloc/src/raw_vec/mod.rs
0x1fe0f1 6000
0x1fe0f3 6000
0x1fe0fa 6000
0x1fe0fd 6000
0x1fe101 6000
0x1fe106 6000
0x1fe10b 6000
fi=/rustc/48a229ceaefd4985c50990b14116b6d856af0985/library/core/src/cmp.rs
0x1fe10f 6000
0x1fe112 6000
0x1fe116 6000
fe=/rustc/48a229ceaefd4985c50990b14116b6d856af0985/library/alloc/src/raw_vec/mod.rs
0x1fe119 6000 6000
0x1fe11d 6000
0x1fe121 6000
0x1fe124 6000 0 6000
cfn=<alloc::raw_vec::RawVecInner>::finish_grow
calls=15365 0x1ff0d0 
0x1fe124 898500 206250 146250 1 5778 0 0 0 0 132750 2256 18000
fi=/rustc/48a229ceaefd4985c50990b14116b6d856af0985/library/core/src/result.rs
0x1fe129 6000 6000
0x1fe12d 6000 0 0 0 0 0 0 0 0 6000
0x1fe12f 6000 6000
fe=/rustc/48a229ceaefd4985c50990b14116b6d856af0985/library/alloc/src/raw_vec/mod.rs
0x1fe133 6000 0 6000
0x1fe137 6000 0 6000
0x1fe13a 6000
0x1fe13e 6000 6000
0x1fe13f 6000 6000 0 1
0x1fe141 6000 6000
0x1fe142 6000 6000

fl=/tmp/botlish-post-structural-fn-1/native-audit/src/runtime/vm.rs
fn=botlish_native::runtime::vm::str_object
0x201940 6000 0 6000 1
0x201941 6000
0x201944 6000 0 6000
0x201946 6000 0 6000
0x201948 6000 0 6000
0x20194a 6000 0 6000
0x20194c 6000 0 6000
0x20194d 6000
0x201951 6000 0 6000
0x201954 6000
0x201957 6000
fi=/rustc/48a229ceaefd4985c50990b14116b6d856af0985/library/alloc/src/raw_vec/mod.rs
0x20195a 6000 6000
fi=/rustc/48a229ceaefd4985c50990b14116b6d856af0985/library/alloc/src/vec/mod.rs
0x20195e 6000 6000
fi=/rustc/48a229ceaefd4985c50990b14116b6d856af0985/library/core/src/slice/ascii.rs
0x201962 6000
0x201966 6000 0 0 0 0 0 0 0 0 6000
fi=/rustc/48a229ceaefd4985c50990b14116b6d856af0985/library/core/src/slice/mod.rs
0x20196c 6000
0x20196f 6000
0x201973 6000 0 0 0 0 0 0 0 0 6000
0x201991 6000 0 0 1
0x201994 6000
0x201997 6000
fi=/rustc/48a229ceaefd4985c50990b14116b6d856af0985/library/core/src/slice/iter/macros.rs
0x20199a 6000 0 0 0 0 0 0 0 0 6000
fi=/rustc/48a229ceaefd4985c50990b14116b6d856af0985/library/core/src/num/mod.rs
0x2019a0 6000 6000
fi=/rustc/48a229ceaefd4985c50990b14116b6d856af0985/library/core/src/slice/iter/macros.rs
0x2019a4 6000 0 0 0 0 0 0 0 0 6000 2000
fi=/rustc/48a229ceaefd4985c50990b14116b6d856af0985/library/core/src/ptr/non_null.rs
0x2019aa 2400
fi=/rustc/48a229ceaefd4985c50990b14116b6d856af0985/library/core/src/slice/iter/macros.rs
0x2019ad 2400 0 0 0 0 0 0 0 0 2400
0x201aa4 2400 0 0 1
0x201aa7 2400
fi=/rustc/48a229ceaefd4985c50990b14116b6d856af0985/library/core/src/str/count.rs
0x201ab3 3600
0x201ab7 3600 0 0 0 0 0 0 0 0 3600
0x201ab9 3600
0x201abc 3600
0x201abf 3600 3600 3600 0 1 0 0 0 0 0 0 3600
cfi=/rustc/48a229ceaefd4985c50990b14116b6d856af0985/library/core/src/ptr/non_null.rs
cfn=core::str::count::char_count_general_case
calls=7201 0x70bdc0 
0x201abf 101600 14000 0 2 0 0 0 0 0 17600 400
0x201ac5 3600
0x201ad3 3600
0x201ad6 3600
fi=/tmp/botlish-post-structural-fn-1/native-audit/src/runtime/value.rs
0x201ad9 3600 0 3600
0x201ade 3600 0 3600
fe=/tmp/botlish-post-structural-fn-1/native-audit/src/runtime/vm.rs
0x201ae6 3600 3600
fi=/rustc/48a229ceaefd4985c50990b14116b6d856af0985/library/alloc/src/vec/mod.rs
0x201aea 3600
0x201aed 3600 0 0 0 0 0 0 0 0 3600
fi=/tmp/botlish-post-structural-fn-1/native-audit/src/runtime/value.rs
0x201ad9 2400 0 2400
0x201ade 2400 0 2400
fe=/tmp/botlish-post-structural-fn-1/native-audit/src/runtime/vm.rs
0x201ae6 2400 2400
fi=/rustc/48a229ceaefd4985c50990b14116b6d856af0985/library/alloc/src/vec/mod.rs
0x201aea 2400
0x201aed 2400 0 0 0 0 0 0 0 0 2400
0x201aef 6000 0 6000
fi=/rustc/48a229ceaefd4985c50990b14116b6d856af0985/library/alloc/src/raw_vec/mod.rs
0x201af3 6000
0x201af6 6000 0 0 0 0 0 0 0 0 6000
fi=/rustc/48a229ceaefd4985c50990b14116b6d856af0985/library/alloc/src/alloc.rs
0x201af8 6000
0x201afd 6000
0x201b00 6000
0x201b03 6000
0x201b06 6000 6000 6000 0 1 0 0 0 0 0 0 6000
cfi=???
cfn=__rustc::__rust_realloc
calls=12000 0x1a9170 
0x201b06 1158000 222000 144000 1 1449 0 0 0 0 180000 4260 6000
0x201b0c 6000
0x201b0f 6000
fi=/rustc/48a229ceaefd4985c50990b14116b6d856af0985/library/core/src/result.rs
0x201b12 6000
0x201b15 6000 6000
0x201b19 6000 0 0 0 0 0 0 0 0 6000
fe=/tmp/botlish-post-structural-fn-1/native-audit/src/runtime/vm.rs
0x201b48 6000 0 6000
0x201b4e 6000 6000
0x201b51 6000 0 6000
0x201b55 6000 0 6000
0x201b59 6000 0 6000
0x201b5d 6000 0 6000
0x201b61 6000 0 6000
0x201b65 6000
0x201b68 6000
0x201b6c 6000 6000
0x201b6d 6000 6000
0x201b6f 6000 6000
0x201b71 6000 6000
0x201b73 6000 6000
0x201b75 6000 6000
0x201b76 6000 6000

fn=<botlish_native::runtime::vm::Vm>::new_set
0x2014d0 2 0 2 1
0x2014d1 2
0x2014d4 2 0 2
0x2014d6 2 0 2
0x2014d8 2 0 2
0x2014da 2 0 2
0x2014dc 2 0 2
0x2014dd 2 0 2
0x2014de 2
fi=/rustc/48a229ceaefd4985c50990b14116b6d856af0985/library/alloc/src/vec/mod.rs
0x2014e1 2 2
fe=/tmp/botlish-post-structural-fn-1/native-audit/src/runtime/vm.rs
0x2014e5 2 2
0x2014e8 2 2
fi=/rustc/48a229ceaefd4985c50990b14116b6d856af0985/library/alloc/src/vec/mod.rs
0x2014ec 2
0x2014ef 2 0 0 0 0 0 0 0 0 2
fi=/rustc/48a229ceaefd4985c50990b14116b6d856af0985/library/alloc/src/raw_vec/mod.rs
0x201530 2 0 0 1
fi=/tmp/botlish-post-structural-fn-1/native-audit/src/runtime/heap.rs
0x201533 2 2
0x20153b 2
0x20153d 2 0 0 0 0 0 0 0 0 2 1
0x20153f 2 2
0x201546 2 2
fe=/tmp/botlish-post-structural-fn-1/native-audit/src/runtime/vm.rs
0x20154d 2 0 0 0 0 0 0 0 0 2
0x20154f 2
fi=/rustc/48a229ceaefd4985c50990b14116b6d856af0985/library/alloc/src/alloc.rs
0x20157f 2 2 2 0 0 0 0 0 0 0 0 2
cfi=???
cfn=__rustc::__rust_no_alloc_shim_is_unstable_v2
calls=4 0x1a9190 
0x20157f 8 4 2
0x201585 2
0x20158a 2
0x20158f 2 2 2 0 0 0 0 0 0 0 0 2
cfi=???
cfn=__rustc::__rust_alloc
calls=4 0x1a9150 
0x20158f 116 28 16 0 1 0 0 0 0 16 0 2
fi=/rustc/48a229ceaefd4985c50990b14116b6d856af0985/library/alloc/src/boxed.rs
0x201595 2
0x201598 2 0 0 0 0 0 0 0 0 2 2
0x20159e 2
0x2015a1 2 0 2
0x2015a4 2 0 2
0x2015ab 2 0 2
0x2015b2 2 0 2
fe=/tmp/botlish-post-structural-fn-1/native-audit/src/runtime/vm.rs
0x2015b6 2
fi=/rustc/48a229ceaefd4985c50990b14116b6d856af0985/library/alloc/src/boxed.rs
0x2015ba 2 0 2
fe=/tmp/botlish-post-structural-fn-1/native-audit/src/runtime/vm.rs
0x2015be 2 0 0 1
fi=/rustc/48a229ceaefd4985c50990b14116b6d856af0985/library/alloc/src/vec/mod.rs
0x2015c2 2 2
0x2015c9 2 2
0x2015cd 2 0 0 0 0 0 0 0 0 2
fi=/rustc/48a229ceaefd4985c50990b14116b6d856af0985/library/alloc/src/raw_vec/mod.rs
0x2015d9 2 2
fi=/rustc/48a229ceaefd4985c50990b14116b6d856af0985/library/core/src/ptr/mod.rs
0x2015dd 2 0 2
fi=/rustc/48a229ceaefd4985c50990b14116b6d856af0985/library/alloc/src/vec/mod.rs
0x2015e1 2
0x2015e4 2 0 2
fi=/tmp/botlish-post-structural-fn-1/native-audit/src/runtime/heap.rs
0x2015eb 2 0 2
fi=/tmp/botlish-post-structural-fn-1/native-audit/src/runtime/metrics.rs
0x2015f2 2 2
fe=/tmp/botlish-post-structural-fn-1/native-audit/src/runtime/vm.rs
0x2015fa 2 0 0 0 0 0 0 0 0 2
0x201622 2
0x201625 2
0x201629 2 2
0x20162a 2 2
0x20162c 2 2
0x20162e 2 2
0x201630 2 2
0x201632 2 2
0x201633 2 2

fn=<botlish_native::runtime::vm::Vm>::alloc::<botlish_native::runtime::value::StrObj>
0x1ff690 10804 0 10804
0x1ff691 10804
0x1ff694 10804 0 10804
0x1ff696 10804 0 10804
0x1ff698 10804 0 10804
0x1ff69a 10804 0 10804
0x1ff69c 10804 0 10804
0x1ff69d 10804 0 10804
0x1ff69e 10804 0 10804
0x1ff6a2 10804
0x1ff6a5 10804
fi=/tmp/botlish-post-structural-fn-1/native-audit/src/runtime/heap.rs
0x1ff6a8 10804 10804
0x1ff6af 10804
0x1ff6b1 10804 0 0 0 0 0 0 0 0 10804 1
0x1ff6b3 10804 10804
0x1ff6ba 10804 10804
fe=/tmp/botlish-post-structural-fn-1/native-audit/src/runtime/vm.rs
0x1ff6c1 10804 0 0 0 0 0 0 0 0 10804
0x1ff6ce 10804 10804
0x1ff6d3 10804 10804
fi=/rustc/48a229ceaefd4985c50990b14116b6d856af0985/library/alloc/src/alloc.rs
0x1ff6d8 10804 10804 10804 0 0 0 0 0 0 0 0 10804
cfi=???
cfn=__rustc::__rust_no_alloc_shim_is_unstable_v2
calls=21608 0x1a9190 
0x1ff6d8 43216 21608 10804
0x1ff6de 10804
0x1ff6e3 10804
0x1ff6e8 10804 10804 10804 0 0 0 0 0 0 0 0 10804
cfi=???
cfn=__rustc::__rust_alloc
calls=21608 0x1a9150 
0x1ff6e8 1167899 263291 144472 0 1150 0 0 0 0 195766 4207 10804
fi=/rustc/48a229ceaefd4985c50990b14116b6d856af0985/library/alloc/src/boxed.rs
0x1ff6ee 10804
0x1ff6f1 10804 0 0 0 0 0 0 0 0 10804
0x1ff6f7 10804
0x1ff6fa 10804 10804
0x1ff6ff 10804 0 10804 0 0 13
0x1ff703 10804 10804
0x1ff708 10804 0 10804
0x1ff70c 10804 0 10804
0x1ff710 10804 0 10804 0 0 9
0x1ff714 10804 10804
fe=/tmp/botlish-post-structural-fn-1/native-audit/src/runtime/vm.rs
0x1ff718 10804
fi=/rustc/48a229ceaefd4985c50990b14116b6d856af0985/library/alloc/src/vec/mod.rs
0x1ff71c 10804 10804
0x1ff723 10804 10804
0x1ff727 10804 0 0 0 0 0 0 0 0 10804 2
fi=/rustc/48a229ceaefd4985c50990b14116b6d856af0985/library/alloc/src/raw_vec/mod.rs
0x1ff733 10804 10804
fi=/rustc/48a229ceaefd4985c50990b14116b6d856af0985/library/core/src/ptr/mod.rs
0x1ff737 10804 0 10804 0 0 1350
fi=/rustc/48a229ceaefd4985c50990b14116b6d856af0985/library/alloc/src/vec/mod.rs
0x1ff73b 10804
0x1ff73e 10804 0 10804
fi=/tmp/botlish-post-structural-fn-1/native-audit/src/runtime/heap.rs
0x1ff745 10804 0 10804
fi=/tmp/botlish-post-structural-fn-1/native-audit/src/runtime/metrics.rs
0x1ff74c 10804 10804
fe=/tmp/botlish-post-structural-fn-1/native-audit/src/runtime/vm.rs
0x1ff754 10804 0 0 0 0 0 0 0 0 10804 1
0x1ff77a 10804
0x1ff77d 10804
0x1ff781 10804 10804
0x1ff782 10804 10804
0x1ff784 10804 10804
0x1ff786 10804 10804
0x1ff788 10804 10804
0x1ff78a 10804 10804
0x1ff78b 10804 10804

fn=<botlish_native::runtime::vm::Vm>::new_str
0x201660 6000 0 6000
0x201661 6000
0x201664 6000 0 6000
0x201665 6000
0x20166c 6000
0x20166f 6000
0x201673 6000
0x201675 6000 6000 6000 0 1 0 0 0 0 0 0 6000
cfn=botlish_native::runtime::vm::str_object
calls=12000 0x201940 
0x201675 1646000 323600 249600 6 1451 0 0 0 0 245600 6660 15600
0x20167b 6000 6000
0x20167f 6000 0 6000 1
0x201683 6000
0x201687 6000 0 0 0 0 0 0 0 0 6000
0x201689 6000 6000
0x20168d 6000
0x201691 6000
0x201694 6000 0 6000
cfn=<botlish_native::runtime::vm::Vm>::alloc::<botlish_native::runtime::value::StrObj>
calls=12000 0x1ff690 
0x201694 990750 284250 188250 0 0 751 0 0 0 138750 3004 18000
0x201699 6000
0x2016a0 6000 6000
0x2016a1 6000 6000
0x2016a2 6000 6000

fn=<botlish_native::runtime::vm::Vm>::new_list
0x2017b0 12 0 12
0x2017b1 12
0x2017b4 12 0 12
0x2017b6 12 0 12
0x2017b8 12 0 12
0x2017ba 12 0 12
0x2017bc 12 0 12
0x2017bd 12 0 12
0x2017be 12
fi=/rustc/48a229ceaefd4985c50990b14116b6d856af0985/library/alloc/src/vec/mod.rs
0x2017c1 12 12
fe=/tmp/botlish-post-structural-fn-1/native-audit/src/runtime/vm.rs
0x2017c5 12 12
0x2017c8 12 12
fi=/rustc/48a229ceaefd4985c50990b14116b6d856af0985/library/alloc/src/vec/mod.rs
0x2017cc 12
0x2017cf 12 0 0 0 0 0 0 0 0 12 5
fi=/rustc/48a229ceaefd4985c50990b14116b6d856af0985/library/alloc/src/raw_vec/mod.rs
0x201810 12
fi=/tmp/botlish-post-structural-fn-1/native-audit/src/runtime/heap.rs
0x201813 12 12
0x20181b 12
0x20181d 12 0 0 0 0 0 0 0 0 12
0x20181f 12 12
0x201826 12 12
fe=/tmp/botlish-post-structural-fn-1/native-audit/src/runtime/vm.rs
0x20182d 12 0 0 0 0 0 0 0 0 12
0x20182f 12
fi=/rustc/48a229ceaefd4985c50990b14116b6d856af0985/library/alloc/src/alloc.rs
0x20185f 12 12 12 0 0 1 0 0 0 0 0 12
cfi=???
cfn=__rustc::__rust_no_alloc_shim_is_unstable_v2
calls=24 0x1a9190 
0x20185f 48 24 12
0x201865 12
0x20186a 12
0x20186f 12 12 12 0 0 0 0 0 0 0 0 12
cfi=???
cfn=__rustc::__rust_alloc
calls=24 0x1a9150 
0x20186f 1265 282 152 0 5 2 0 0 0 206 10 12
fi=/rustc/48a229ceaefd4985c50990b14116b6d856af0985/library/alloc/src/boxed.rs
0x201875 12
0x201878 12 0 0 0 0 0 0 0 0 12 2
0x20187e 12
0x201881 12 0 12
0x201884 12 0 12
0x20188b 12 0 12
0x201892 12 0 12
fe=/tmp/botlish-post-structural-fn-1/native-audit/src/runtime/vm.rs
0x201896 12
fi=/rustc/48a229ceaefd4985c50990b14116b6d856af0985/library/alloc/src/boxed.rs
0x20189a 12 0 12
fe=/tmp/botlish-post-structural-fn-1/native-audit/src/runtime/vm.rs
0x20189e 12
fi=/rustc/48a229ceaefd4985c50990b14116b6d856af0985/library/alloc/src/vec/mod.rs
0x2018a2 12 12
0x2018a9 12 12 0 0 1
0x2018ad 12 0 0 0 0 0 0 0 0 12 1
fi=/rustc/48a229ceaefd4985c50990b14116b6d856af0985/library/alloc/src/raw_vec/mod.rs
0x2018b9 12 12
fi=/rustc/48a229ceaefd4985c50990b14116b6d856af0985/library/core/src/ptr/mod.rs
0x2018bd 12 0 12 0 0 4 0 0 1
fi=/rustc/48a229ceaefd4985c50990b14116b6d856af0985/library/alloc/src/vec/mod.rs
0x2018c1 12
0x2018c4 12 0 12
fi=/tmp/botlish-post-structural-fn-1/native-audit/src/runtime/heap.rs
0x2018cb 12 0 12
fi=/tmp/botlish-post-structural-fn-1/native-audit/src/runtime/metrics.rs
0x2018d2 12 12
fe=/tmp/botlish-post-structural-fn-1/native-audit/src/runtime/vm.rs
0x2018da 12 0 0 0 0 0 0 0 0 12 2
0x201902 12
0x201905 12
0x201909 12 12
0x20190a 12 12
0x20190c 12 12
0x20190e 12 12
0x201910 12 12
0x201912 12 12
0x201913 12 12

fn=<botlish_native::runtime::vm::Vm>::new_str_known
0x2008a0 4804 0 4804
0x2008a1 4804
0x2008a4 4804 0 4804
0x2008a6 4804 0 4804
0x2008a8 4804 0 4804
0x2008aa 4804 0 4804
0x2008ac 4804 0 4804
0x2008ad 4804
0x2008b1 4804
0x2008b4 4804
0x2008b7 4804 0 4804 0 0 1
0x2008bb 4804
0x2008be 4804
0x2008c2 4804 0 0 0 0 0 0 0 0 4804
fi=/rustc/48a229ceaefd4985c50990b14116b6d856af0985/library/alloc/src/vec/mod.rs
0x2008c4 4804 4804
fi=/tmp/botlish-post-structural-fn-1/native-audit/src/runtime/value.rs
0x2008c8 4804 0 4804
0x2008cc 4804 0 4804
fe=/tmp/botlish-post-structural-fn-1/native-audit/src/runtime/vm.rs
0x2008d3 4804 4804
0x2008d6 4804 4804
fi=/rustc/48a229ceaefd4985c50990b14116b6d856af0985/library/alloc/src/vec/mod.rs
0x2008da 4804
0x2008dd 4804 0 0 0 0 0 0 0 0 4804 1
fi=/rustc/48a229ceaefd4985c50990b14116b6d856af0985/library/alloc/src/alloc.rs
0x2009c0 4804
fi=/rustc/48a229ceaefd4985c50990b14116b6d856af0985/library/alloc/src/vec/mod.rs
0x2009c3 4804
fe=/tmp/botlish-post-structural-fn-1/native-audit/src/runtime/vm.rs
0x200a32 4804 0 4804
0x200a38 4804 0 4804
0x200a3c 4804 0 4804
0x200a40 4804 0 4804
0x200a43 4804 0 4804
0x200a47 4804 0 4804
0x200a4b 4804
0x200a4f 4804
0x200a52 4804
0x200a55 4804 0 4804
cfn=<botlish_native::runtime::vm::Vm>::alloc::<botlish_native::runtime::value::StrObj>
calls=9608 0x1ff690 
0x200a55 792977 227533 150694 0 1150 621 0 0 0 111036 1207 14412
0x200a5a 4804
0x200a5e 4804 4804
0x200a5f 4804 4804
0x200a61 4804 4804
0x200a63 4804 4804
0x200a65 4804 4804
0x200a67 4804 4804
0x200a68 4804 4804

fn=<botlish_native::runtime::vm::Vm>::alloc::<botlish_native::runtime::construct::StrPlanObj>
0x1ff8d0 2 0 2 1
0x1ff8d1 2
0x1ff8d4 2 0 2
0x1ff8d6 2 0 2
0x1ff8d8 2 0 2
0x1ff8da 2 0 2
0x1ff8dc 2 0 2
0x1ff8dd 2 0 2
0x1ff8de 2
0x1ff8e1 2
0x1ff8e4 2
fi=/tmp/botlish-post-structural-fn-1/native-audit/src/runtime/heap.rs
0x1ff8e7 2 2
0x1ff8ee 2
0x1ff8f0 2 0 0 0 0 0 0 0 0 2
0x1ff8f2 2 2
0x1ff8f9 2 2
fe=/tmp/botlish-post-structural-fn-1/native-audit/src/runtime/vm.rs
0x1ff900 2 0 0 1 0 0 0 0 0 2
0x1ff90d 2 2
0x1ff912 2 0 2
0x1ff916 2 2
fi=/rustc/48a229ceaefd4985c50990b14116b6d856af0985/library/alloc/src/alloc.rs
0x1ff91b 2 2 2 0 0 0 0 0 0 0 0 2
cfi=???
cfn=__rustc::__rust_no_alloc_shim_is_unstable_v2
calls=4 0x1a9190 
0x1ff91b 8 4 2
0x1ff921 2
0x1ff926 2
0x1ff92b 2 2 2 0 0 0 0 0 0 0 0 2
cfi=???
cfn=__rustc::__rust_alloc
calls=4 0x1a9150 
0x1ff92b 116 28 16 0 2 0 0 0 0 16 1 2
fi=/rustc/48a229ceaefd4985c50990b14116b6d856af0985/library/alloc/src/boxed.rs
0x1ff931 2
0x1ff934 2 0 0 0 0 0 0 0 0 2
0x1ff93a 2
0x1ff93d 2 2 0 1
0x1ff942 2 2
0x1ff948 2 2
0x1ff94e 2 2
0x1ff954 2 0 2 0 0 1
0x1ff958 2 0 2
0x1ff95c 2 0 2
0x1ff960 2 0 2
fe=/tmp/botlish-post-structural-fn-1/native-audit/src/runtime/vm.rs
0x1ff963 2
fi=/rustc/48a229ceaefd4985c50990b14116b6d856af0985/library/alloc/src/vec/mod.rs
0x1ff967 2 2
0x1ff96e 2 2
0x1ff972 2 0 0 0 0 0 0 0 0 2
fi=/rustc/48a229ceaefd4985c50990b14116b6d856af0985/library/alloc/src/raw_vec/mod.rs
0x1ff97e 2 2 0 1
fi=/rustc/48a229ceaefd4985c50990b14116b6d856af0985/library/core/src/ptr/mod.rs
0x1ff982 2 0 2
fi=/rustc/48a229ceaefd4985c50990b14116b6d856af0985/library/alloc/src/vec/mod.rs
0x1ff986 2
0x1ff989 2 0 2
fi=/tmp/botlish-post-structural-fn-1/native-audit/src/runtime/heap.rs
0x1ff990 2 0 2
fi=/tmp/botlish-post-structural-fn-1/native-audit/src/runtime/metrics.rs
0x1ff997 2 2
fe=/tmp/botlish-post-structural-fn-1/native-audit/src/runtime/vm.rs
0x1ff99f 2 0 0 0 0 0 0 0 0 2
0x1ff9c5 2 0 0 1
0x1ff9c8 2
0x1ff9cc 2 2
0x1ff9cd 2 2
0x1ff9cf 2 2
0x1ff9d1 2 2
0x1ff9d3 2 2
0x1ff9d5 2 2
0x1ff9d6 2 2

fl=/rustc/48a229ceaefd4985c50990b14116b6d856af0985/library/core/src/ptr/non_null.rs
fn=core::str::count::char_count_general_case
0x70bdc0 3600 0 0 1
fi=/rustc/48a229ceaefd4985c50990b14116b6d856af0985/library/core/src/slice/iter/macros.rs
0x70bdc3 3600 0 0 0 0 0 0 0 0 3600
0x70bdc5 3600
0x70bdc9 3600 0 0 0 0 0 0 0 0 3600
0x70bdcb 3600
0x70bdcd 3600
0x70bdcf 3600
fi=/rustc/48a229ceaefd4985c50990b14116b6d856af0985/library/core/src/str/validations.rs
0x70be62 10400 0 0 1
0x70be64 10400 10400
0x70be68 10400
fi=/rustc/48a229ceaefd4985c50990b14116b6d856af0985/library/core/src/iter/traits/accum.rs
0x70be6b 10400
fi=/rustc/48a229ceaefd4985c50990b14116b6d856af0985/library/core/src/num/uint_macros.rs
0x70be6e 10400
fi=/rustc/48a229ceaefd4985c50990b14116b6d856af0985/library/core/src/slice/iter/macros.rs
0x70be71 10400
0x70be74 10400 0 0 0 0 0 0 0 0 10400 400
fi=/rustc/48a229ceaefd4985c50990b14116b6d856af0985/library/core/src/str/count.rs
0x70be76 3600 3600
fe=/rustc/48a229ceaefd4985c50990b14116b6d856af0985/library/core/src/ptr/non_null.rs

fl=/rustc/48a229ceaefd4985c50990b14116b6d856af0985/library/std/src/sys/thread/unix.rs
fn=<std::sys::thread::unix::Thread>::new::thread_start
fi=/rustc/48a229ceaefd4985c50990b14116b6d856af0985/library/alloc/src/boxed.rs
cfi=/rustc/48a229ceaefd4985c50990b14116b6d856af0985/library/core/src/ops/function.rs
cfn=<std::thread::lifecycle::spawn_unchecked<botlish_native::main::{closure#2}, i32>::{closure#1} as core::ops::function::FnOnce<()>>::call_once::{shim:vtable#0}
calls=1 0x19d280 
0x6f420b 9680415 2064341 1574567 193 13346 1425 0 0 7 1437679 52389 121005 6
fe=/rustc/48a229ceaefd4985c50990b14116b6d856af0985/library/std/src/sys/thread/unix.rs

fl=/rustc/48a229ceaefd4985c50990b14116b6d856af0985/library/core/src/ops/function.rs
fn=<std::thread::lifecycle::spawn_unchecked<botlish_native::main::{closure#2}, i32>::{closure#1} as core::ops::function::FnOnce<()>>::call_once::{shim:vtable#0}
fi=/rustc/48a229ceaefd4985c50990b14116b6d856af0985/library/std/src/thread/lifecycle.rs
cfi=/rustc/48a229ceaefd4985c50990b14116b6d856af0985/library/std/src/sys/backtrace.rs
cfn=std::sys::backtrace::__rust_begin_short_backtrace::<botlish_native::main::{closure#2}, i32>
calls=1 0x19cc30 
0x19d329 9680415 2064341 1574567 193 13346 1425 0 0 7 1437679 52389 121005 6
fe=/rustc/48a229ceaefd4985c50990b14116b6d856af0985/library/core/src/ops/function.rs

fl=/rustc/48a229ceaefd4985c50990b14116b6d856af0985/library/std/src/alloc.rs
fn=__rustc::__rdl_realloc
0x6d6660 6000 0 6000
0x6d6661 6000
0x6d6664 6000 0 6000
0x6d6666 6000 0 6000
0x6d6668 6000 0 6000
0x6d666a 6000 0 6000
0x6d666b 6000
0x6d666f 6000
fi=/rustc/48a229ceaefd4985c50990b14116b6d856af0985/library/std/src/sys/alloc/unix.rs
0x6d6672 6000
0x6d6676 6000
0x6d6679 6000
0x6d667c 6000
0x6d667f 6000
0x6d6681 6000 0 0 0 0 0 0 0 0 6000 800
0x6d6683 6000
0x6d6686 6000
0x6d668a 6000 6000
0x6d668b 6000 6000
0x6d668d 6000 6000
0x6d668f 6000 6000
0x6d6691 6000 6000
0x6d6692 6000 6000 0 0 0 0 0 0 0 0 0 6000
cob=/usr/lib/x86_64-linux-gnu/libc.so.6
cfi=./malloc/./malloc/malloc.c
cfn=realloc
calls=16575 0xae1a0 
0x6d6692 1002000 180000 108000 1 1449 0 0 0 0 174000 3460
fe=/rustc/48a229ceaefd4985c50990b14116b6d856af0985/library/std/src/alloc.rs

fn=__rustc::__rdl_alloc
0x6d65f0 21637
fi=/rustc/48a229ceaefd4985c50990b14116b6d856af0985/library/std/src/sys/alloc/unix.rs
0x6d65f3 21637
0x6d65f7 21637
0x6d65fa 21637
0x6d65fd 21637
0x6d6600 21637
0x6d6602 21637 0 0 0 0 0 0 0 0 21637 4
0x6d6604 21637
0x6d6607 21637 21637 0 0 0 0 0 0 0 0 0 21637
cob=/usr/lib/x86_64-linux-gnu/libc.so.6
cfi=./malloc/./malloc/malloc.c
cfn=malloc
calls=81817 0xad750 
0x6d6607 2022735 484284 267778 11 11828 10 0 0 6 370661 8318
fe=/rustc/48a229ceaefd4985c50990b14116b6d856af0985/library/std/src/alloc.rs

fn=__rustc::__rdl_alloc_zeroed
0x6d6790 2 0 2 1
0x6d6791 2
0x6d6794 2 0 2 0 0 1
0x6d6796 2 0 2
0x6d6797 2
0x6d679b 2
fi=/rustc/48a229ceaefd4985c50990b14116b6d856af0985/library/std/src/sys/alloc/unix.rs
0x6d679e 2
0x6d67a2 2
0x6d67a5 2
0x6d67a8 2
0x6d67ab 2
0x6d67ad 2 0 0 0 0 0 0 0 0 2
0x6d67af 2
0x6d67b4 2
0x6d67b7 2
0x6d67bb 2 2
0x6d67bc 2 2
0x6d67be 2 2
0x6d67bf 2 2 0 1 0 0 0 0 0 0 0 2
cob=/usr/lib/x86_64-linux-gnu/libc.so.6
cfi=./malloc/./malloc/malloc.c
cfn=calloc
calls=1044 0xae8a0 
0x6d67bf 691 148 75 7 0 4 0 0 0 134 9
fe=/rustc/48a229ceaefd4985c50990b14116b6d856af0985/library/std/src/alloc.rs

fl=/rustc/48a229ceaefd4985c50990b14116b6d856af0985/library/std/src/sys/alloc/unix.rs
fn=__rustc::__rdl_dealloc
0x6d6650 2 2 0 0 0 0 0 0 0 0 0 2
cob=/usr/lib/x86_64-linux-gnu/libc.so.6
cfi=./malloc/./malloc/malloc.c
cfn=free
calls=82860 0xade30 
0x6d6650 216 59 27 0 0 0 0 0 0 34 6

fl=/rustc/48a229ceaefd4985c50990b14116b6d856af0985/library/alloc/src/string.rs
fn=<alloc::string::String as core::iter::traits::collect::FromIterator<char>>::from_iter::<core::iter::adapters::take::Take<core::str::iter::Chars>>
0x206de0 6000 0 6000 1
0x206de1 6000
0x206de4 6000 0 6000
0x206de6 6000 0 6000
0x206de8 6000 0 6000
0x206dea 6000 0 6000
0x206dec 6000 0 6000
0x206ded 6000
0x206df1 6000 0 6000
0x206df5 6000 0 6000
0x206dfd 6000 0 6000 1
0x206e05 6000 0 6000
fi=/rustc/48a229ceaefd4985c50990b14116b6d856af0985/library/core/src/iter/traits/collect.rs
0x206e0d 6000 6000
fi=/rustc/48a229ceaefd4985c50990b14116b6d856af0985/library/core/src/iter/adapters/take.rs
0x206e11 6000
0x206e14 6000 0 0 0 0 0 0 0 0 6000
fi=/rustc/48a229ceaefd4985c50990b14116b6d856af0985/library/core/src/iter/traits/collect.rs
0x206e1a 6000 6000
0x206e1e 6000 6000
fi=/rustc/48a229ceaefd4985c50990b14116b6d856af0985/library/alloc/src/raw_vec/mod.rs
0x206e21 6000
0x206e24 6000
0x206e27 6000 0 0 0 0 0 0 0 0 6000
fi=/rustc/48a229ceaefd4985c50990b14116b6d856af0985/library/core/src/num/uint_macros.rs
0x206e29 6000
0x206e2c 6000
0x206e30 6000
0x206e33 6000
0x206e37 6000
fi=/rustc/48a229ceaefd4985c50990b14116b6d856af0985/library/core/src/cmp.rs
0x206e3b 6000
0x206e3e 6000 0 0 1
0x206e42 6000
fi=/rustc/48a229ceaefd4985c50990b14116b6d856af0985/library/alloc/src/raw_vec/mod.rs
0x206e46 6000
0x206e4b 6000
0x206e51 6000
0x206e53 6000 0 6000
cfn=<alloc::raw_vec::RawVecInner<_>>::reserve::do_reserve_and_handle::<alloc::alloc::Global>
calls=12000 0x1fe0c0 
0x206e53 1132500 254250 182250 2 5778 0 0 0 0 150750 2256 18000
0x206e58 6000
fi=/rustc/48a229ceaefd4985c50990b14116b6d856af0985/library/core/src/char/methods.rs
0x206e5a 400
0x206e5d 400 0 400
0x206e61 400 0 400
0x206e66 400
0x206e6b 400
fe=/rustc/48a229ceaefd4985c50990b14116b6d856af0985/library/alloc/src/string.rs
0x206e70 400
fi=/rustc/48a229ceaefd4985c50990b14116b6d856af0985/library/core/src/iter/adapters/take.rs
0x206e73 400
fi=/rustc/48a229ceaefd4985c50990b14116b6d856af0985/library/alloc/src/vec/mod.rs
0x206e76 400 0 400
fi=/rustc/48a229ceaefd4985c50990b14116b6d856af0985/library/core/src/num/uint_macros.rs
0x206e7a 400
fi=/rustc/48a229ceaefd4985c50990b14116b6d856af0985/library/core/src/iter/traits/iterator.rs
0x206e7d 400 0 0 0 0 0 0 0 0 400
fe=/rustc/48a229ceaefd4985c50990b14116b6d856af0985/library/alloc/src/string.rs
0x206e70 5600
fi=/rustc/48a229ceaefd4985c50990b14116b6d856af0985/library/core/src/iter/adapters/take.rs
0x206e73 5600
fi=/rustc/48a229ceaefd4985c50990b14116b6d856af0985/library/alloc/src/vec/mod.rs
0x206e76 5600 0 5600
fi=/rustc/48a229ceaefd4985c50990b14116b6d856af0985/library/core/src/num/uint_macros.rs
0x206e7a 5600
fi=/rustc/48a229ceaefd4985c50990b14116b6d856af0985/library/core/src/iter/traits/iterator.rs
0x206e7d 5600 0 0 0 0 0 0 0 0 5600
fi=/rustc/48a229ceaefd4985c50990b14116b6d856af0985/library/core/src/ptr/non_null.rs
0x206e83 6000 0 0 1
fi=/rustc/48a229ceaefd4985c50990b14116b6d856af0985/library/core/src/slice/iter/macros.rs
0x206e86 6000 0 0 0 0 0 0 0 0 6000
fi=/rustc/48a229ceaefd4985c50990b14116b6d856af0985/library/core/src/str/validations.rs
0x206e8c 6000 6000
0x206e90 6000
0x206e92 6000 0 0 0 0 0 0 0 0 6000 2797
fi=/rustc/48a229ceaefd4985c50990b14116b6d856af0985/library/core/src/iter/traits/iterator.rs
0x206e94 2400
fi=/rustc/48a229ceaefd4985c50990b14116b6d856af0985/library/alloc/src/raw_vec/mod.rs
0x206e97 2400 2400
fi=/rustc/48a229ceaefd4985c50990b14116b6d856af0985/library/alloc/src/vec/mod.rs
0x206e9b 2400 2400
0x206e9f 2400
fi=/rustc/48a229ceaefd4985c50990b14116b6d856af0985/library/core/src/str/validations.rs
0x206eb0 3600
0x206eb2 3600
0x206eb5 3600 3600
0x206eba 3600
0x206ebd 3600
0x206ec0 3600 0 0 1 0 0 0 0 0 3600 401
0x206ec2 3200 3200
0x206ec7 3200
0x206eca 3200
0x206ecd 3200
0x206ecf 3200
0x206ed2 3200 0 0 0 0 0 0 0 0 3200
0x206eff 400
0x206f03 400
0x206f06 400
0x206f08 400
fi=/rustc/48a229ceaefd4985c50990b14116b6d856af0985/library/alloc/src/raw_vec/mod.rs
0x206f0a 400 400
fi=/rustc/48a229ceaefd4985c50990b14116b6d856af0985/library/alloc/src/vec/mod.rs
0x206f0e 400 400
fi=/rustc/48a229ceaefd4985c50990b14116b6d856af0985/library/core/src/char/methods.rs
0x206f12 400
0x206f18 400 0 0 0 0 0 0 0 0 400
fi=/rustc/48a229ceaefd4985c50990b14116b6d856af0985/library/alloc/src/raw_vec/mod.rs
0x206f20 2400
0x206f23 2400 0 0 0 0 0 0 0 0 2400
0x206f29 2400 2400
fi=/rustc/48a229ceaefd4985c50990b14116b6d856af0985/library/core/src/char/methods.rs
0x206f2d 2400 0 2400
0x206f31 2400
fi=/tmp/botlish-post-structural-fn-1/native-audit/src/lib.rs
0x206f36 2400
0x206f3b 3200
0x206f3f 3200
0x206f42 3200
0x206f44 3200
fi=/rustc/48a229ceaefd4985c50990b14116b6d856af0985/library/alloc/src/raw_vec/mod.rs
0x206f46 3200 3200
fi=/rustc/48a229ceaefd4985c50990b14116b6d856af0985/library/alloc/src/vec/mod.rs
0x206f4a 3200 3200
fi=/rustc/48a229ceaefd4985c50990b14116b6d856af0985/library/core/src/char/methods.rs
0x206f4e 3200
0x206f54 3200 0 0 0 0 0 0 0 0 3200
0x206f56 3600
0x206f5c 3600
0x206f61 3600
0x206f65 3600
0x206f6b 3600
0x206f70 3600
fi=/rustc/48a229ceaefd4985c50990b14116b6d856af0985/library/core/src/num/uint_macros.rs
0x206f74 3600
fi=/rustc/48a229ceaefd4985c50990b14116b6d856af0985/library/alloc/src/raw_vec/mod.rs
0x206f77 3600
0x206f7a 3600 0 0 0 0 0 0 0 0 3600
fi=/rustc/48a229ceaefd4985c50990b14116b6d856af0985/library/core/src/char/methods.rs
0x206f80 3600
0x206f82 3600
0x206f84 3600
0x206f86 3600
0x206f88 3600
fi=/rustc/48a229ceaefd4985c50990b14116b6d856af0985/library/alloc/src/raw_vec/mod.rs
0x206f8b 3600 3600
fi=/rustc/48a229ceaefd4985c50990b14116b6d856af0985/library/core/src/char/methods.rs
0x206f8f 3600
0x206f95 3600 0 0 0 0 0 0 0 0 3600
fe=/rustc/48a229ceaefd4985c50990b14116b6d856af0985/library/alloc/src/string.rs
0x206f9b 3200
0x206f9e 3200
0x206fa1 3200
0x206fa3 3200
fi=/rustc/48a229ceaefd4985c50990b14116b6d856af0985/library/core/src/char/methods.rs
0x206fa6 3200
0x206fac 3200 0 0 0 0 0 0 0 0 3200
0x206fae 3200
0x206fb2 3200 0 3200
0x206fb6 3200 0 3200
0x206fbb 3200 0 3200
0x206fc0 3200
fi=/tmp/botlish-post-structural-fn-1/native-audit/src/lib.rs
0x206fc5 3200
fe=/rustc/48a229ceaefd4985c50990b14116b6d856af0985/library/alloc/src/string.rs
0x20702f 6000 6000 0 1
0x207033 6000 6000
0x207037 6000 0 6000
0x20703b 6000 6000
0x20703f 6000 0 6000 1
0x207042 6000 6000
0x207046 6000 0 6000
0x20704a 6000
0x20704e 6000 6000
0x20704f 6000 6000
0x207051 6000 6000
0x207053 6000 6000
0x207055 6000 6000
0x207057 6000 6000
0x207058 6000 6000

fl=/tmp/botlish-post-structural-fn-1/native-audit/src/main.rs
fn=botlish_native::cli
cfn=botlish_audit_run
calls=1 0x187f50 
0x184dc4 9680415 2064341 1574567 193 13346 1425 0 0 7 1437679 52389 121005 6

fn=botlish_audit_run
0x187f50 1 0 1 1
0x187f51 1
0x187f54 1
0x187f57 1
0x187f5a 1 1
0x187f5b 1 0 0 0 0 0 0 0 0 0 0 1 1
cob=???
cfi=???
cfn=0x0000000008b74000
calls=1 0x8b74000 
0x187f5b 9680409 2064340 1574566 192 13346 1425 0 0 7 1437679 52389 121004 5

fl=/rustc/48a229ceaefd4985c50990b14116b6d856af0985/library/std/src/sys/backtrace.rs
fn=std::sys::backtrace::__rust_begin_short_backtrace::<botlish_native::main::{closure#2}, i32>
fi=/tmp/botlish-post-structural-fn-1/native-audit/src/main.rs
cfi=/tmp/botlish-post-structural-fn-1/native-audit/src/main.rs
cfn=botlish_native::cli
calls=1 0x1838c0 
0x19cc4f 9680415 2064341 1574567 193 13346 1425 0 0 7 1437679 52389 121005 6
fe=/rustc/48a229ceaefd4985c50990b14116b6d856af0985/library/std/src/sys/backtrace.rs

fl=???
fn=__rustc::__rust_alloc
0x1a9150 21637 0 21637
0x1a9151 21637
0x1a9154 21637 21637
0x1a9155 21637
cfi=/rustc/48a229ceaefd4985c50990b14116b6d856af0985/library/std/src/alloc.rs
cfn=__rustc::__rdl_alloc
calls=81817 0x6d65f0 
0x1a9155 2217468 505921 267778 11 11828 10 0 0 6 392298 8322 21637

fn=__rustc::__rust_no_alloc_shim_is_unstable_v2
0x1a9190 21639 0 21639
0x1a9191 21639
0x1a9194 21639 21639
0x1a9195 21639 21639

fn=__rustc::__rust_alloc_zeroed
0x1a9180 2 0 2
0x1a9181 2
0x1a9184 2 2
0x1a9185 2
cfi=/rustc/48a229ceaefd4985c50990b14116b6d856af0985/library/std/src/alloc.rs
cfn=__rustc::__rdl_alloc_zeroed
calls=1044 0x6d6790 
0x1a9185 729 156 81 9 0 5 0 0 0 136 9 2

fn=__rustc::__rust_dealloc
0x1a9160 2 0 2
0x1a9161 2
0x1a9164 2 2
0x1a9165 2
cfi=/rustc/48a229ceaefd4985c50990b14116b6d856af0985/library/std/src/sys/alloc/unix.rs
cfn=__rustc::__rdl_dealloc
calls=82860 0x6d6650 
0x1a9165 218 61 27 0 0 0 0 0 0 34 6 2

fn=__rustc::__rust_realloc
0x1a9170 6000 0 6000
0x1a9171 6000
0x1a9174 6000 6000
0x1a9175 6000
cfi=/rustc/48a229ceaefd4985c50990b14116b6d856af0985/library/std/src/alloc.rs
cfn=__rustc::__rdl_realloc
calls=16575 0x6d6660 
0x1a9175 1134000 216000 138000 1 1449 0 0 0 0 180000 4260 6000

ob=/usr/lib/x86_64-linux-gnu/libc.so.6
fl=./malloc/./malloc/malloc.c
fn=_int_malloc
0xab650 2720 0 2720
0xab651 2720
0xab654 2720 0 2720 0 0 1
0xab656 2720 0 2720
0xab658 2720 0 2720
0xab65a 2720 0 2720
0xab65c 2720 0 2720
0xab65d 2720
0xab661 2720 2720
0xab66a 2720 0 2720 0 0 1
0xab66e 2720
0xab670 2720
0xab673 2720 0 0 0 0 0 0 0 0 2720
0xab679 2720
0xab67d 2720
0xab680 2720
0xab683 2720
0xab687 2720 0 0 0 0 0 0 0 0 2720 1354
0xab68d 1356
0xab691 1356
0xab694 1356 0 0 0 0 0 0 0 0 1356
0xab69a 1356 1356
0xab6a1 1356
0xab6a4 1356 0 0 0 0 0 0 0 0 1356
0xab6aa 1356
0xab6ad 1356
0xab6b1 1356
0xab6b5 1356
0xab6b8 1356
0xab6bc 1356
0xab6c0 1356 1356
0xab6c4 1356
0xab6c7 1356 0 0 0 0 0 0 0 0 1356 4
0xab6cd 2703
0xab6d0 2703 0 0 0 0 0 0 0 0 2703
0xab6d6 2703
0xab6d9 2703 2703
0xab6e0 2703 0 0 0 0 0 0 0 0 2703 2
0xab6f9 2703 2703 0 0 102
0xab6fd 2703
0xab700 2703 0 0 1
0xab703 2703 0 0 0 0 0 0 0 0 2703
0xab709 2703 2703
0xab710 2703
0xab714 2703
0xab718 2703 2703
0xab71c 2703
0xab71f 2703 0 0 0 0 0 0 0 0 2703
0xab725 2703 2703
0xab72c 2703 0 0 0 0 0 0 0 0 2703
0xab732 2703 2703
0xab737 2703 2703
0xab73e 2703 0 0 1
0xab742 2703
0xab745 2703
0xab748 2703 0 0 0 0 0 0 0 0 2703 1
0xab766 18905 18905
0xab76a 18905 18905
0xab771 18905
0xab774 18905 0 18905
0xab778 18905
0xab77b 18905 0 18905
0xab77f 18905 0 18905
0xab783 18905 0 18905
0xab788 18905
0xab78b 18905 0 0 0 0 0 0 0 0 18905 2702
0xab791 18907 18907
0xab795 18907
0xab798 18907 0 0 0 0 0 0 0 0 18907
0xab79e 18905
0xab7a1 18905 0 0 0 0 0 0 0 0 18905
0xab7a7 18905 18905
0xab7ae 18905 0 0 0 0 0 0 0 0 18905
0xab7b0 18905
0xab83d 17 17 0 1
0xab844 17
0xab848 17
0xab84b 17
0xab84f 17 0 17
0xab853 17 17
0xab858 17 0 0 0 0 0 0 0 0 17
0xab85a 17 17
0xab861 17
0xab865 17 17
0xab86a 17
0xab86f 17 0 17
0xab877 17
0xab87a 17 0 0 0 0 0 0 0 0 17
0xab9c0 2702
0xab9c4 2702 0 0 0 0 0 0 0 0 2702
0xab9ca 2702
0xab9d0 2702
0xab9d3 2702 2702
0xab9dc 2702 0 0 0 0 0 0 0 0 2702
0xab9d0 1
0xab9d3 1 1
0xab9dc 1 0 0 0 0 0 0 0 0 1
0xab9de 2703 0 2703
0xab9e3 2703
0xab9e6 2703 0 0 0 0 0 0 0 0 2703
0xab9f8 2703 0 0 1
0xab9fc 2703 2703 0 0 1362
0xaba00 2703
0xaba03 2703
0xaba07 2703
0xaba0a 2703
0xaba0d 2703
0xaba10 2703 0 0 0 0 0 0 0 0 2703 1
0xaba12 2702
0xaba18 1364
0xaba1b 1364 0 0 0 0 0 0 0 0 1364
0xaba21 1364 1364
0xaba28 1364 0 0 0 0 0 0 0 0 1364
0xaba3e 17 0 0 1
0xaba41 17 17 0 0 1
0xaba45 17
0xaba49 17
0xaba4c 17 0 0 0 0 0 0 0 0 17
0xabad8 18904
0xabadc 18904 0 0 0 0 0 0 0 0 18904
0xabae2 18904
0xabae8 18904
0xabaeb 18904 18904
0xabaf4 18904 0 0 0 0 0 0 0 0 18904
0xabae8 1
0xabaeb 1 1
0xabaf4 1 0 0 0 0 0 0 0 0 1
0xabaf6 18905 0 18905
0xabafb 18905
0xabafe 18905 0 0 0 0 0 0 0 0 18905 1505
0xabb10 18905
0xabb14 18905 18905 0 0 10344
0xabb18 18905
0xabb1b 18905
0xabb1f 18905
0xabb22 18905
0xabb25 18905
0xabb28 18905 0 0 0 0 0 0 0 0 18905 1
0xabb2a 18904
0xabb30 1364
0xabb32 1364
0xabb37 1364
0xabb3d 1364
0xabb42 1364
0xabb46 1364 1364
0xabb4a 1364
0xabb4d 1364 0 0 0 0 0 0 0 0 1364 4
0xabb53 17
0xabb58 17
0xabb5c 17
0xabbc0 2703 2703
0xabbc6 2703
0xabbc8 2703 0 0 0 0 0 0 0 0 2703 1
0xabbca 2720 2720
0xabbce 2720 2720
0xabbd7 2720 0 0 0 0 0 0 0 0 2720
0xabbdd 2720
0xabbe1 2720
0xabbe4 2720 2720
0xabbe5 2720 2720
0xabbe7 2720 2720
0xabbe9 2720 2720
0xabbeb 2720 2720
0xabbed 2720 2720
0xabbee 2720 2720
0xabc10 18905 18905 0 1
0xabc14 18905
0xabc17 18905
0xabc1b 18905 18905
0xabc20 18905
0xabd79 17
0xabd7d 17
0xabd84 17 0 0 0 0 0 0 0 0 17
0xabda7 17
0xabdaa 17
0xabdb0 17
0xabdb3 17
0xabdb6 17
0xabdb9 17
0xabdbc 17
0xabdbf 17 0 0 1
0xabdc4 17
0xabdc8 17
0xabdcb 17 17 0 0 1
0xabdd3 17
0xabdd6 17
0xabdd8 17
0xabde0 17
0xabde3 17
0xabde5 17 0 0 0 0 0 0 0 0 17
0xabde7 17
0xabff8 17
0xabffc 17
0xabfff 17 0 0 0 0 0 0 0 0 17
0xac001 17
0xac003 17 17
0xac00b 17
0xac00d 17 0 0 0 0 0 0 0 0 17
0xac013 17
0xac017 17
0xac01b 17 0 0 0 0 0 0 0 0 17
0xac01d 17
0xac01f 17 17
0xac027 17
0xac029 17 0 0 0 0 0 0 0 0 17
0xac02f 17
0xac033 17
0xac037 17 0 0 0 0 0 0 0 0 17
0xac039 17
0xac03b 17 17 0 1
0xac043 17
0xac045 17 0 0 0 0 0 0 0 0 17
0xac04b 17
0xac04e 17 0 0 0 0 0 0 0 0 17 17
0xac060 17 17
0xac065 17 17 0 0 1
0xac069 17
0xac06d 17 17
0xac075 17 0 0 0 0 0 0 0 0 17
0xac07b 17
0xac07f 17 0 0 1
0xac082 17 0 0 0 0 0 0 0 0 17 3
0xac5b3 17
0xac5b6 17
0xac5b9 17 0 17
cfn=alloc_perturb
calls=15316 0xa92d0 
0xac5b9 68 34 0 0 0 0 0 0 0 17
0xac5be 17
0xac5c8 17 0 0 1
0xac5cc 17
0xac5cf 17
0xac5d6 17
0xac5d9 17 0 17
0xac5de 17
0xac5e1 17
0xac5e4 17
0xac5e7 17
0xac5eb 17
0xac5ef 17
0xac5f2 17
0xac5f6 17 0 17
0xac5fa 17 0 17 0 0 8 0 0 6
0xac5fe 17 0 0 1
0xac602 17

fn=malloc
0xad750 21637
0xad754 21637 0 21637
0xad755 21637
0xad758 21637 0 21637 0 0 1
0xad75a 21637 0 21637
0xad75c 21637 0 21637 0 0 1
0xad75d 21637
0xad760 21637
0xad764 21637 21637
0xad76b 21637 0 0 0 0 0 0 0 0 21637
0xad771 21637
0xad774 21637 0 0 0 0 0 0 0 0 21637 1
0xad77a 21637
0xad77e 21637
0xad781 21637
0xad785 21637 0 0 0 0 0 0 0 0 21637 9
0xad787 10829
0xad78b 10829
0xad78f 10829
0xad793 10829 10829
0xad79a 10829 10829
0xad79f 10829
0xad7a2 10829 0 0 0 0 0 0 0 0 10829
0xad793 10808 10808
0xad79a 10808 10808
0xad79f 10808
0xad7a2 10808 0 0 0 0 0 0 0 0 10808
0xad7a8 21637 21637
0xad7af 21637 0 0 0 0 0 0 0 0 21637
0xad7b5 2718 2718
0xad7bc 2718 0 0 0 0 0 0 0 0 2718
0xad7c2 2718 2718
0xad7c9 2718 2718
0xad7cd 2718
0xad7d0 2718 0 0 0 0 0 0 0 0 2718
0xad7d6 2718
0xad7d8 2718
0xad7dd 2718 0 2718
0xad7e3 2718 0 0 0 0 0 0 0 0 2718 3
0xad7e9 2718
0xad7ec 2718
0xad7ef 2718 0 2718
cfn=_int_malloc
calls=27362 0xab650 
0xad7ef 1013544 211050 116319 11 11811 8 0 0 6 197458 5593
0xad7f4 2718
0xad7f7 2718 0 0 0 0 0 0 0 0 2718 1
0xad7fd 2718
0xad7ff 2718 2718 2718 0 0 0 0 0 0 2718 2
0xad803 2718
0xad806 2718 0 0 0 0 0 0 0 0 2718
0xad80c 2718 2718
0xad810 2718
0xad813 2718 0 0 0 0 0 0 0 0 2718
fi=./malloc/./malloc/arena.c
0xad815 2718
0xad818 2718
0xad81f 2718 0 0 0 0 0 0 0 0 2718
0xad821 2718 2718
0xad828 2718
0xad830 2718
0xad833 2718
0xad836 2718
0xad83d 2718
fe=./malloc/./malloc/malloc.c
0xad841 2718
fi=./malloc/./malloc/arena.c
0xad845 2718
0xad848 2718 2718
fe=./malloc/./malloc/malloc.c
0xad84b 2718
0xad84e 2718 0 0 0 0 0 0 0 0 2718
0xad854 2718
0xad858 2718 2718
0xad859 2718 2718
0xad85b 2718 2718
0xad85d 2718 2718
0xad85e 2718 2718
0xad898 21637 21637
0xad89d 21637
0xad8a0 21637 0 0 0 0 0 0 0 0 21637 2709
0xad8a6 18919
0xad8ab 18919 18919 0 0 2
0xad8af 18919
0xad8b1 18919 0 0 0 0 0 0 0 0 18919
0xad8b7 18919
0xad8ba 18919
0xad8bd 18919
0xad8c1 18919 18919 0 0 15
0xad8c4 18919 0 18919
0xad8c8 18919 0 18919
0xad8cd 18919 0 18919
0xad8d5 18919
0xad8d9 18919 18919
0xad8da 18919 18919
0xad8dc 18919 18919
0xad8de 18919 18919
0xad8df 18919 18919

fn=calloc
0xae8a0 2 0 0 1
0xae8a4 2 0 2
0xae8a5 2
0xae8a8 2
0xae8ab 2 0 2
0xae8ad 2 0 2
0xae8af 2 0 2 0 0 1
0xae8b1 2 0 2
0xae8b3 2 0 2
0xae8b4 2
0xae8b8 2
0xae8bb 2
0xae8be 2 0 0 1
0xae8c1 2
0xae8c4 2 0 0 0 0 0 0 0 0 2
0xae8ca 2
0xae8cd 2
0xae8d0 2 0 0 0 0 0 0 0 0 2
0xae8d6 2 2
0xae8dd 2 0 0 0 0 0 0 0 0 2
0xae8e3 2 2
0xae8ea 2 2
0xae8ef 2 0 0 0 0 0 0 0 0 2 2
0xae8f5 2 2
0xae8fc 2 0 0 1 0 0 0 0 0 2
0xae902 2 2
0xae909 2 2
0xae90d 2
0xae910 2 0 0 0 0 0 0 0 0 2
0xae916 2
0xae918 2
0xae91d 2 0 2
0xae923 2 0 0 0 0 0 0 0 0 2
0xae929 2 2
0xae92e 2
0xae935 2 2
0xae939 2
0xae93d 2
0xae940 2 0 0 1 0 0 0 0 0 2
fi=./malloc/./malloc/arena.c
0xae942 2 2
0xae949 2
0xae951 2
0xae954 2
0xae957 2
0xae95e 2
0xae962 2
fe=./malloc/./malloc/malloc.c
0xae965 2 2
0xae969 2
0xae96c 2
0xae96f 2
0xae973 2
0xae976 2
0xae979 2 0 2 0 0 1
cfn=_int_malloc
calls=1050 0xab650 
0xae979 465 100 51 0 0 2 0 0 0 90 2
0xae97e 2 0 0 1
0xae981 2 0 0 0 0 0 0 0 0 2
0xae987 2 2
0xae98b 2
0xae98e 2
0xae991 2 0 0 0 0 0 0 0 0 2
0xae997 2
fi=./malloc/./malloc/arena.c
0xae99b 2
0xae99e 2 0 0 0 0 0 0 0 0 2 1
0xae9a4 2 2
0xae9ab 2
0xae9b3 2
0xae9b6 2
0xae9b9 2
0xae9c0 2 0 0 1
0xae9c4 2
fe=./malloc/./malloc/malloc.c
0xae9c7 2 2
0xae9ca 2 0 0 0 0 0 0 0 0 2
0xae9d0 2 2
0xae9d7 2 0 0 0 0 0 0 0 0 2
0xae9dd 2
0xae9e0 2 0 0 0 0 0 0 0 0 2 2
0xae9e6 2 2 2 0 0 0 0 0 0 2
0xae9ea 2
0xae9ed 2 0 0 0 0 0 0 0 0 2
0xaeaa1 2 0 0 1
0xaeaa5 2 2
0xaeaa6 2 2
0xaeaa8 2 2
0xaeaaa 2 2
0xaeaac 2 2
0xaeaae 2 2
0xaeaaf 2 2
0xaead1 2 2
0xaead5 2
0xaead8 2
0xaeadb 2
0xaeade 2 0 0 0 0 0 0 0 0 2
0xaeae0 2 2
0xaeae6 2
0xaeaea 2
0xaeaec 2 0 0 0 0 0 0 0 0 2
0xaeaee 2
0xaeaf1 2
0xaeaf4 2
0xaeaf8 2
0xaeafb 2
0xaeaff 2
0xaeb03 2
0xaeb07 2 0 0 0 0 0 0 0 0 2
0xaeb0d 2
0xaeb11 2 0 0 0 0 0 0 0 0 2
0xaeb17 2
0xaeb1b 2 0 2
0xaeb23 2 0 2
0xaeb26 2
0xaeb2a 2 0 0 0 0 0 0 0 0 2
0xaeb30 2 0 2
0xaeb34 2
0xaeb38 2 0 0 0 0 0 0 0 0 2 2

fn=_int_free
0xab250 2 0 2
0xab251 2
0xab254 2 0 2
0xab256 2 0 2
0xab258 2
0xab25b 2 0 2
0xab25c 2
0xab260 2 2
0xab264 2
0xab267 2
0xab26b 2
0xab26e 2
0xab271 2
0xab274 2 0 0 0 0 0 0 0 0 2
0xab27a 2
0xab27e 2 0 0 0 0 0 0 0 0 2 2
0xab284 2
0xab288 2 0 0 0 0 0 0 0 0 2
0xab28e 2
0xab291 2 0 0 0 0 0 0 0 0 2
0xab297 2
0xab29a 2 2
0xab2a1 2 2
0xab2a5 2
0xab2a8 2 0 0 0 0 0 0 0 0 2 2
0xab2aa 2
0xab2ae 2
0xab2b2 2 2
0xab2b9 2 0 0 0 0 0 0 0 0 2
0xab2bb 2 2
0xab2c2 2 2
0xab2c9 2
0xab2cd 2 2
0xab2d1 2 0 0 0 0 0 0 0 0 2
0xab2d7 2 2
0xab2dc 2
0xab2df 2
0xab2e2 2 0 0 0 0 0 0 0 0 2 1
0xab2e8 1 1
0xab2ef 1
0xab2f2 1 0 0 0 0 0 0 0 0 1
0xab2f8 1
0xab2fc 1 1
0xab300 1
0xab304 1 0 0 0 0 0 0 0 0 1
0xab30a 1
0xab30e 1 1
0xab315 1 0 0 0 0 0 0 0 0 1
0xab31b 1 1
0xab321 1
0xab325 1
0xab327 1 0 0 0 0 0 0 0 0 1
0xab32d 1 0 1
0xab334 1
0xab337 1
0xab33a 1
0xab33e 1 1
0xab345 1 1
0xab349 1 0 0 0 0 0 0 0 0 1
0xab363 1
0xab366 1 0 0 0 0 0 0 0 0 1
0xab368 1
0xab36c 1 0 0 0 0 0 0 0 0 1
0xab37d 2
0xab381 2 2
0xab382 2 2
0xab384 2 2
0xab386 2 2
0xab387 2 2
0xab3c0 1
0xab3c2 1
0xab3c6 1
0xab3ca 1
0xab3d0 1
0xab3d3 1
0xab3d6 1 0 1
0xab3da 1
0xab3dd 1 1
0xab3e6 1 0 0 0 0 0 0 0 0 1
0xab3e8 1 0 1
0xab3ed 1
0xab3f0 1 0 0 0 0 0 0 0 0 1
0xab3f9 1
0xab3fc 1 0 0 0 0 0 0 0 0 1
0xab428 1 1
0xab42f 1
0xab432 1 0 1
0xab436 1
0xab439 1
0xab43d 1 1
0xab445 1 0 1
0xab449 1 0 1
0xab451 1 0 1
0xab456 1

fn=free
0xade30 2
0xade34 2
0xade37 2 0 0 0 0 0 0 0 0 2 1
0xade3d 2 0 2
0xade3e 2
0xade41 2 0 2
0xade43 2
0xade47 2 0 2
0xade49 2 0 2
0xade4a 2
0xade4e 2 2
0xade55 2 2
0xade59 2 2
0xade5d 2
0xade5f 2 0 0 0 0 0 0 0 0 2
0xade61 2 2
0xade68 2 2
0xade6d 2 0 0 0 0 0 0 0 0 2
fi=./malloc/./malloc/arena.c
0xade73 2
0xade7a 2
0xade7c 2 0 0 0 0 0 0 0 0 2
0xade7e 2 2
0xade85 2
0xade8d 2
0xade90 2
0xade93 2
0xade9a 2
0xade9e 2
0xadea1 2 2
fe=./malloc/./malloc/malloc.c
0xadea4 2
0xadea7 2
0xadea9 2 0 2
cfn=_int_free
calls=82860 0xab250 
0xadea9 138 35 15 0 0 0 0 0 0 26 5
0xadeae 2 0 2
0xadeb2 2
0xadeb6 2 2
0xadeb7 2 2
0xadeb9 2 2
0xadebb 2 2
0xadebc 2 2

fn=_int_realloc
0xad030 6000 0 6000
0xad031 6000
0xad034 6000 0 6000
0xad036 6000 0 6000
0xad038 6000 0 6000
0xad03a 6000 0 6000
0xad03c 6000 0 6000
0xad03d 6000
0xad041 6000 6000
0xad045 6000
0xad049 6000 0 0 0 0 0 0 0 0 6000
0xad04f 6000
0xad052 6000 6000
0xad059 6000
0xad05c 6000
0xad05f 6000
0xad062 6000 0 0 0 0 0 0 0 0 6000
0xad068 6000
0xad06b 6000
0xad06f 6000
0xad072 6000 0 0 0 0 0 0 0 0 6000
0xad078 6000
0xad07c 6000 0 0 0 0 0 0 0 0 6000
0xad082 6000
0xad086 6000
0xad089 6000 6000
0xad08d 6000
0xad090 6000
0xad094 6000
0xad097 6000 0 0 0 0 0 0 0 0 6000
0xad09d 6000
0xad0a1 6000 0 0 0 0 0 0 0 0 6000
0xad0a7 6000
0xad0aa 6000 0 0 0 0 0 0 0 0 6000 2
0xad0ac 6000
0xad0b3 6000
0xad0b6 6000
0xad0b9 6000
0xad0bc 6000
0xad0bf 6000
0xad0c3 6000
0xad0c6 6000
0xad0ca 6000
0xad0cd 6000
0xad0d1 6000 0 0 0 0 0 0 0 0 6000
0xad0d7 6000
0xad0da 6000 0 6000
0xad0de 6000 0 6000
0xad0e3 6000
0xad0e7 6000
0xad0eb 6000
0xad0ee 6000 6000
0xad0ef 6000 6000
0xad0f1 6000 6000
0xad0f3 6000 6000
0xad0f5 6000 6000
0xad0f7 6000 6000
0xad0f8 6000 6000

fn=realloc
0xae1a0 6000 0 0 1
0xae1a4 6000 0 6000
0xae1a5 6000
0xae1a8 6000 0 6000
0xae1aa 6000 0 6000
0xae1ac 6000 0 6000
0xae1ae 6000 0 6000
0xae1b0 6000
0xae1b3 6000 0 6000
0xae1b4 6000
0xae1b7 6000
0xae1bb 6000 6000
0xae1c2 6000 0 0 0 0 0 0 0 0 6000
0xae1c8 6000
0xae1cb 6000 0 0 0 0 0 0 0 0 6000 1202
0xae1f0 6000
0xae1f3 6000 0 0 0 0 0 0 0 0 6000
0xae1f5 6000 6000 0 0 527
0xae1f9 6000
0xae1fd 6000
0xae200 6000
0xae204 6000
0xae208 6000
0xae20c 6000 0 0 0 0 0 0 0 0 6000 2
0xae212 6000 6000 0 0 922
0xae218 6000 0 0 0 0 0 0 0 0 6000 2
0xae222 6000
0xae226 6000
0xae229 6000 6000
0xae22a 6000 6000
0xae22c 6000 6000
0xae22e 6000 6000
0xae230 6000 6000
0xae232 6000 6000
0xae233 6000 6000
0xae238 6000
0xae23c 6000
0xae23f 6000 0 0 0 0 0 0 0 0 6000 2
0xae241 6000
0xae244 6000
0xae248 6000 0 0 0 0 0 0 0 0 6000
0xae24a 6000 6000
0xae251 6000 6000
0xae256 6000 0 0 0 0 0 0 0 0 6000
fi=./malloc/./malloc/arena.c
0xae25c 6000
0xae263 6000
0xae267 6000 0 0 0 0 0 0 0 0 6000
fe=./malloc/./malloc/malloc.c
0xae26d 6000
0xae270 6000
0xae273 6000
0xae276 6000 0 0 0 0 0 0 0 0 6000
0xae27c 6000
0xae280 6000 0 0 0 0 0 0 0 0 6000
0xae286 6000
0xae289 6000 0 0 0 0 0 0 0 0 6000
0xae28f 6000
0xae294 6000
0xae297 6000
0xae29b 6000
0xae29f 6000
0xae2a4 6000
0xae2a8 6000
0xae2ac 6000 0 0 0 0 0 0 0 0 6000
0xae2b2 6000 6000
0xae2b9 6000 0 0 0 0 0 0 0 0 6000
0xae2bf 6000
0xae2c1 6000
0xae2c6 6000 0 6000
0xae2cb 6000 0 0 0 0 0 0 0 0 6000
0xae2d1 6000
0xae2d4 6000
0xae2d7 6000
0xae2da 6000
0xae2dd 6000 0 6000
0xae2e1 6000 0 6000
cfn=_int_realloc
calls=16268 0xad030 
0xae2e1 348000 60000 48000 0 0 0 0 0 0 48000 2
0xae2e6 6000 6000
0xae2ea 6000
0xae2ed 6000
0xae2ef 6000 6000 6000 0 0 0 0 0 0 6000
0xae2f2 6000
0xae2f5 6000 0 0 0 0 0 0 0 0 6000

ob=???
fl=???
fn=0x0000000008b74ab4
0x8b74ab4 3 0 3
0x8b74ab5 3
0x8b74ab8 3
0x8b74abc 3 0 3
0x8b74ac0 3 0 3
0x8b74ac5 3
0x8b74ac8 3
0x8b74acb 3
0x8b74ace 3
0x8b74ad1 3 0 3
cfn=0x0000000008b74a37
calls=6 0x8b74a37 
0x8b74ad1 141 24 21 4 0 0 0 0 0 16 4
0x8b74ad6 3
0x8b74ada 3 0 0 0 0 0 0 0 0 3
0x8b74ae0 1
0x8b74ae3 1
0x8b74ae6 1 0 1
cfn=0x0000000008b74959
calls=2 0x8b74959 
0x8b74ae6 10 2 1 1 0 0 0 0 0 1
0x8b74aeb 1
0x8b74aef 1 0 0 0 0 0 0 0 0 1
0x8b74af5 1
0x8b74afa 1
0x8b74b09 2
0x8b74b0e 2 2
0x8b74b12 2 2
0x8b74b17 2
0x8b74b1b 2
0x8b74b1e 2 2
0x8b74b1f 2 2
0x8b74b0e 1 1
0x8b74b12 1 1
0x8b74b17 1
0x8b74b1b 1
0x8b74b1e 1 1
0x8b74b1f 1 1

fn=0x0000000008b75c64
0x8b75c64 1 0 1
0x8b75c65 1
0x8b75c68 1
0x8b75c6f 1 0 1
0x8b75c74 1 0 1
0x8b75c79 1 0 1
0x8b75c7e 1 0 1
0x8b75c83 1 0 1
0x8b75c8b 1 0 1
0x8b75c8f 1 0 1
0x8b75c94 1
0x8b75c97 1
0x8b75c9a 1
0x8b75c9f 1 0 1
0x8b75ca4 1
0x8b75cae 1
0x8b75cb1 1
0x8b75cb4 1 0 1
cob=/tmp/botlish-post-structural-fn-1/target/release/botlish-native
cfi=/tmp/botlish-post-structural-fn-1/native-audit/src/runtime/ops.rs
cfn=rt_str_len
calls=2 0x1ea930 
0x8b75cb4 11 3 1 0 0 0 0 0 0 1
0x8b75ca4 1
0x8b75cae 1
0x8b75cb1 1
0x8b75cb4 1 0 1
cob=/tmp/botlish-post-structural-fn-1/target/release/botlish-native
cfi=/tmp/botlish-post-structural-fn-1/native-audit/src/runtime/ops.rs
cfn=rt_str_len
calls=2 0x1ea930 
0x8b75cb4 11 3 1 0 0 0 0 0 0 1 1
0x8b75cb6 2
0x8b75cb9 2
0x8b75cbc 2 0 0 0 0 0 0 0 0 2 2
0x8b75cc2 1 1
0x8b75cc6 1 1
0x8b75cca 1 0 1
0x8b75ccf 1 1
0x8b75cd4 1
0x8b75cd7 1
0x8b75cda 1
0x8b75cde 1
0x8b75ce1 1
0x8b75ce4 1 0 0 0 0 0 0 0 0 1 1
0x8b75d17 1 1
0x8b75d1c 1 1
0x8b75d20 1 0 1
0x8b75d25 1
0x8b75d28 1 0 1
cfn=0x0000000008b75a8a
calls=2 0x8b75a8a 
0x8b75d28 950 226 167 8 4 6 0 0 0 138 16 9
0x8b75d2d 1
0x8b75d30 1 0 0 0 0 0 0 0 0 1 1
0x8b75d36 1 0 1
0x8b75d3b 1
0x8b75d3e 1 0 1
0x8b75d47 1 1
0x8b75d4c 1 0 1
0x8b75d51 1 0 1
0x8b75d5a 1 0 1
0x8b75d5f 1 0 1
0x8b75d68 1
0x8b75d6b 1 0 1
0x8b75d70 1
0x8b75d75 1
0x8b75d7a 1 0 0 1
0x8b75d84 1
0x8b75d87 1
0x8b75d8a 1 0 1
cob=/tmp/botlish-post-structural-fn-1/target/release/botlish-native
cfi=/tmp/botlish-post-structural-fn-1/native-audit/src/runtime/construct.rs
cfn=rt_construct
calls=2 0x1f1170 
0x8b75d8a 541 132 82 10 0 0 0 0 0 88 16 3
0x8b75d8c 1
0x8b75d8f 1 0 0 0 0 0 0 0 0 1 1
0x8b75dc0 1 0 1 1
0x8b75dc4 1 0 1
0x8b75dc9 1
0x8b75dd0 1
0x8b75dd3 1
0x8b75dd6 1 0 1
0x8b75ddb 1
0x8b75de0 1 1
0x8b75de5 1 1
0x8b75dea 1 1
0x8b75def 1 1
0x8b75df4 1 1
0x8b75df9 1 1 0 1
0x8b75e01 1
0x8b75e08 1
0x8b75e0b 1 1
0x8b75e0c 1 1

fn=0x0000000008b75000
0x8b75000 800 0 800
0x8b75001 800
0x8b75004 800
0x8b75008 800 0 800
0x8b7500d 800 0 800
0x8b75012 800 0 800
0x8b75017 800 0 800
0x8b7501c 800
0x8b7501f 800
0x8b75022 800 0 800
0x8b7502b 800 0 800
0x8b7502f 800 0 800
0x8b75034 800
0x8b75037 800 0 800
0x8b7503c 800
0x8b7503f 800
0x8b75042 800
0x8b75045 800
0x8b75048 800
0x8b7504b 800
0x8b75051 800 0 0 0 0 0 0 0 0 800 2
0x8b75045 6400
0x8b75048 6400
0x8b7504b 6400
0x8b75051 6400 0 0 0 0 0 0 0 0 6400
0x8b75081 7200 0 0 1
0x8b75086 7200
0x8b75089 7200
0x8b7508c 7200
0x8b7508f 7200 7200 0 0 1
0x8b75097 7200
0x8b7509b 7200 0 0 0 0 0 0 0 0 7200 402
0x8b750a1 400
0x8b750a4 400 400
0x8b750a9 400 400
0x8b750ae 400 400
0x8b750b3 400 400
0x8b750b8 400
0x8b750bc 400
0x8b750bf 400 400
0x8b750c0 400 400
0x8b750c1 6800 0 0 1
0x8b750c4 6800
0x8b750c7 6800
0x8b750ca 6800 0 6800
cfn=0x0000000008b74d79
calls=13600 0x8b74d79 
0x8b750ca 3824456 905412 708807 28 8439 877 0 0 5 550382 15497 58800 1
0x8b750cf 6800
0x8b750d2 6800
0x8b750d5 6800 0 0 0 0 0 0 0 0 6800
0x8b750db 6800
0x8b750de 6800 0 6800
cfn=0x0000000008b74e57
calls=13600 0x8b74e57 
0x8b750de 1288800 274800 170800 6 4 0 0 0 0 220000 5603 18000 1
0x8b750e3 6800
0x8b750e6 6800 0 0 0 0 0 0 0 0 6800
0x8b7510c 6800 0 0 1
0x8b75110 6800 0 0 0 0 0 0 0 0 6800
0x8b75116 400
0x8b75119 400 400
0x8b7511e 400 400
0x8b75123 400 400
0x8b75128 400 400
0x8b7512d 400
0x8b75131 400
0x8b75134 400 400
0x8b75135 400 400
0x8b75136 6400 0 6400
0x8b7513f 6400 0 0 1
0x8b75142 6400
0x8b75148 6400 0 0 0 0 0 0 0 0 6400
0x8b7514e 6400
0x8b75151 6400
0x8b75154 6400
0x8b75158 6400
0x8b7515b 6400
0x8b7515d 6400 0 0 0 0 0 0 0 0 6400
0x8b7517a 6400 0 6400
0x8b7517f 6400 0 0 1
0x8b75182 6400
0x8b75185 6400

fn=0x0000000008b751b8
0x8b751b8 400 0 400
0x8b751b9 400
0x8b751bc 400
0x8b751c0 400 0 400 1
0x8b751c5 400 0 400
0x8b751ca 400 0 400
0x8b751cf 400 0 400
0x8b751d4 400
0x8b751d7 400
0x8b751da 400 0 400
0x8b751e3 400 0 400
0x8b751e7 400 0 400
0x8b751ec 400
0x8b751ef 400 0 400
0x8b751f4 400
0x8b751f7 400
0x8b751fa 400
0x8b751fd 400
0x8b75200 400
0x8b75203 400
0x8b75209 400 0 0 0 0 0 0 0 0 400
0x8b751fd 1200
0x8b75200 1200
0x8b75203 1200
0x8b75209 1200 0 0 0 0 0 0 0 0 1200
0x8b75239 1600
0x8b7523e 1600 0 0 1
0x8b75241 1600
0x8b75244 1600
0x8b75247 1600 1600 0 0 1
0x8b7524f 1600
0x8b75253 1600 0 0 0 0 0 0 0 0 1600 400
0x8b75259 400
0x8b7525c 400 400
0x8b75261 400 400
0x8b75266 400 400
0x8b7526b 400 400
0x8b75270 400
0x8b75274 400
0x8b75277 400 400
0x8b75278 400 400
0x8b75279 1200
0x8b7527c 1200
0x8b7527f 1200
0x8b75282 1200 0 1200
cfn=0x0000000008b74d79
calls=2400 0x8b74d79 
0x8b75282 1211850 243300 178500 0 1451 150 0 0 0 180300 9101 13200
0x8b75287 1200
0x8b7528a 1200
0x8b7528d 1200 0 0 0 0 0 0 0 0 1200
0x8b75293 1200
0x8b7529d 1200
0x8b752a0 1200 0 1200
cob=/tmp/botlish-post-structural-fn-1/target/release/botlish-native
cfi=/tmp/botlish-post-structural-fn-1/native-audit/src/runtime/ops.rs
cfn=rt_is_tcl_alpha
calls=2400 0x1ea4e0 
0x8b752a0 82800 20400 12000 2 1 0 0 0 0 10800
0x8b752a2 1200
0x8b752a5 1200 0 0 0 0 0 0 0 0 1200
0x8b752cb 1200
0x8b752cf 1200 0 0 0 0 0 0 0 0 1200
0x8b752f5 1200 0 1200
0x8b752fe 1200 0 0 1
0x8b75301 1200
0x8b75307 1200 0 0 0 0 0 0 0 0 1200
0x8b7530d 1200
0x8b75310 1200
0x8b75313 1200
0x8b75317 1200
0x8b7531a 1200
0x8b7531c 1200 0 0 0 0 0 0 0 0 1200
0x8b75339 1200 0 1200
0x8b7533e 1200
0x8b75341 1200
0x8b75344 1200

fn=0x0000000008b76000
0x8b76000 1 0 1 1
0x8b76001 1
0x8b76004 1
0x8b7600b 1 0 1
0x8b76010 1 0 1
0x8b76015 1 0 1
0x8b7601a 1 0 1
0x8b7601f 1 0 1
0x8b76024 1
0x8b76027 1 0 1
0x8b76030 1 0 1
0x8b76039 1 0 1
0x8b7603d 1 0 1 1
0x8b76042 1
0x8b76045 1
0x8b76048 1
0x8b7604b 1
0x8b76050 1
0x8b7605a 1
0x8b7605d 1
0x8b76060 1 0 1
cob=/tmp/botlish-post-structural-fn-1/target/release/botlish-native
cfi=/tmp/botlish-post-structural-fn-1/native-audit/src/runtime/ops.rs
cfn=rt_str_len
calls=2 0x1ea930 
0x8b76060 11 3 1 0 1 0 0 0 0 1
0x8b76050 3
0x8b7605a 3
0x8b7605d 3
0x8b76060 3 0 3
cob=/tmp/botlish-post-structural-fn-1/target/release/botlish-native
cfi=/tmp/botlish-post-structural-fn-1/native-audit/src/runtime/ops.rs
cfn=rt_str_len
calls=6 0x1ea930 
0x8b76060 33 9 3 0 0 0 0 0 0 3
0x8b76062 4
0x8b76065 4
0x8b76068 4 0 0 0 0 0 0 0 0 4 2
0x8b7606e 3
0x8b76071 3
0x8b76074 3
0x8b76078 3 0 3
0x8b7607d 3 0 0 1
0x8b76084 3
0x8b76087 3
0x8b7608a 3
0x8b7608e 3 0 3
0x8b76093 3
0x8b7609d 3
0x8b760a0 3
0x8b760a3 3 0 3
cob=/tmp/botlish-post-structural-fn-1/target/release/botlish-native
cfi=/tmp/botlish-post-structural-fn-1/native-audit/src/runtime/ops.rs
cfn=rt_substr
calls=6 0x1ec920 
0x8b760a3 932 250 201 0 2 3 0 0 0 127 8 24 1
0x8b760a5 3
0x8b760a8 3 0 0 0 0 0 0 0 0 3 2
0x8b760ae 3 0 3
0x8b760b3 3
0x8b760b6 3
0x8b760b9 3 0 3
cfn=0x0000000008b75e4f
calls=6 0x8b75e4f 
0x8b760b9 3462 791 596 38 4 7 0 0 0 485 62 37
0x8b760be 3 0 0 1
0x8b760c1 3 0 0 0 0 0 0 0 0 3
0x8b760c7 3 0 3
0x8b760cc 3 0 3
0x8b760d5 3
0x8b760d8 3 0 3
0x8b760dd 3 0 3
0x8b760e6 3 0 3
0x8b760eb 3
0x8b760f0 3
0x8b760f5 3
0x8b760ff 3 0 0 1
0x8b76102 3
0x8b76105 3 0 3
cob=/tmp/botlish-post-structural-fn-1/target/release/botlish-native
cfi=/tmp/botlish-post-structural-fn-1/native-audit/src/runtime/construct.rs
cfn=rt_construct
calls=6 0x1f1170 
0x8b76105 2073 499 336 32 5 16 0 0 0 331 46 15
0x8b76107 3
0x8b7610a 3 0 0 0 0 0 0 0 0 3 1
0x8b76110 3 0 3
0x8b76114 3 0 3
0x8b76119 3
0x8b7611c 3
0x8b7611f 3
0x8b76124 1
0x8b76127 1
0x8b7612a 1
0x8b7612f 1 0 1
0x8b76138 1 0 1
0x8b7613d 1 0 0 1
0x8b76142 1
0x8b7614c 1
0x8b7614f 1 0 1
cob=/tmp/botlish-post-structural-fn-1/target/release/botlish-native
cfi=/tmp/botlish-post-structural-fn-1/native-audit/src/runtime/construct.rs
cfn=rt_construct
calls=2 0x1f1170 
0x8b7614f 660 181 143 6 0 0 0 0 0 83 18 11
0x8b76151 1
0x8b76154 1 0 0 0 0 0 0 0 0 1
0x8b76182 1 1 0 1
0x8b76187 1 1
0x8b7618c 1 1
0x8b76191 1 1
0x8b76196 1 1
0x8b7619b 1
0x8b761a2 1
0x8b761a5 1 1
0x8b761a6 1 1

fn=0x0000000008b7593c
0x8b7593c 3 0 3 1
0x8b7593d 3
0x8b75940 3 0 0 1
0x8b75944 3 0 3
0x8b75948 3 0 3
0x8b7594d 3
0x8b75950 3
0x8b75953 3
0x8b75956 3 0 3
cfn=0x0000000008b74ab4
calls=6 0x8b74ab4 
0x8b75956 214 38 35 5 0 0 0 0 0 21 4
0x8b7595b 3
0x8b7595f 3 0 0 0 0 0 0 0 0 3
0x8b75965 1 1
0x8b75969 1 1
0x8b7596d 1
0x8b75977 1
0x8b7597a 1
0x8b7597d 1 0 1
cob=/tmp/botlish-post-structural-fn-1/target/release/botlish-native
cfi=/tmp/botlish-post-structural-fn-1/native-audit/src/runtime/ops.rs
cfn=rt_set_contains
calls=2 0x1eb7e0 
0x8b7597d 259 45 43 2 0 0 0 0 0 37 4 4
0x8b7597f 1
0x8b75983 1 0 0 0 0 0 0 0 0 1
0x8b75989 1
0x8b7598e 1
0x8b7599d 2 0 0 1
0x8b759a2 2 2
0x8b759a6 2 2
0x8b759ab 2
0x8b759af 2
0x8b759b2 2 2
0x8b759b3 2 2
0x8b759a2 1 1
0x8b759a6 1 1
0x8b759ab 1
0x8b759af 1
0x8b759b2 1 1
0x8b759b3 1 1

fn=0x0000000008b749ed
0x8b749ed 3 0 3
0x8b749ee 3
0x8b749f1 3
0x8b749f4 3
0x8b749f8 3 0 0 0 0 0 0 0 0 3 1
0x8b749fe 1
0x8b74a03 1
0x8b74a08 2
0x8b74a0c 2 0 0 0 0 0 0 0 0 2
0x8b74a1c 2
0x8b74a21 2
0x8b74a24 2 2
0x8b74a25 2 2
0x8b74a21 1
0x8b74a24 1 1
0x8b74a25 1 1

fn=0x0000000008b74959
0x8b74959 1 0 1 1
0x8b7495a 1
0x8b7495d 1
0x8b74960 1
0x8b74964 1 0 0 0 0 0 0 0 0 1
0x8b7496a 1
0x8b7496f 1
0x8b7498d 1
0x8b74990 1 1
0x8b74991 1 1

fn=0x0000000008b759c5
0x8b759c5 1 0 1 1
0x8b759c6 1
0x8b759c9 1
0x8b759cd 1 0 1
0x8b759d1 1
0x8b759d6 1 0 1
0x8b759df 1 1
0x8b759e3 1 1 0 0 1
0x8b759ea 1 0 1
0x8b759ef 1 0 1
cfn=0x0000000008b76000
calls=2 0x8b76000 
0x8b759ef 7356 1740 1336 83 12 26 0 0 0 1044 139 87 1
0x8b759f4 1
0x8b759f7 1 0 0 0 0 0 0 0 0 1
0x8b75a09 1
0x8b75a0d 1
0x8b75a10 1 1
0x8b75a11 1 1

fn=0x0000000008b74b38
0x8b74b38 800 0 800
0x8b74b39 800
0x8b74b3c 800
0x8b74b40 800 0 800
0x8b74b45 800 0 800
0x8b74b4a 800 0 800
0x8b74b4f 800 0 800
0x8b74b54 800
0x8b74b57 800 0 800
0x8b74b60 800 0 800
0x8b74b64 800
0x8b74b67 800
0x8b74b71 800
0x8b74b74 800
0x8b74b77 800 0 800
cob=/tmp/botlish-post-structural-fn-1/target/release/botlish-native
cfi=/tmp/botlish-post-structural-fn-1/native-audit/src/runtime/ops.rs
cfn=rt_str_len
calls=1600 0x1ea930 
0x8b74b77 8800 2400 800 0 2 0 0 0 0 800 1
0x8b74b79 800
0x8b74b7c 800 0 800
0x8b74b81 800
0x8b74b86 800 0 800
0x8b74b8f 800
0x8b74b92 800
0x8b74b95 800
0x8b74b98 800 0 800
cfn=0x0000000008b75000
calls=1600 0x8b75000 
0x8b74b98 5391256 1192212 913207 39 8444 877 0 0 5 817982 21504 76800 2
0x8b74b9d 800
0x8b74ba0 800
0x8b74ba3 800 0 0 0 0 0 0 0 0 800
0x8b74ba9 800 0 800
0x8b74bae 800
0x8b74bb5 800 0 0 0 0 0 0 0 0 800
0x8b74be7 800
0x8b74bec 800
0x8b74bf0 800 800 0 0 1
0x8b74bf8 800
0x8b74bfc 800 0 0 0 0 0 0 0 0 800
0x8b74c02 800
0x8b74c05 800
0x8b74c08 800
0x8b74c0e 800 0 0 0 0 0 0 0 0 800
0x8b74c3e 800
0x8b74c43 800
0x8b74c46 800 800
0x8b74c4e 800
0x8b74c52 800 0 0 0 0 0 0 0 0 800
0x8b74c58 400
0x8b74c5b 400
0x8b74c5e 400
0x8b74c61 400 0 400
cfn=0x0000000008b74d79
calls=800 0x8b74d79 
0x8b74c61 343550 76300 58300 0 482 51 0 0 0 48900 2550 4000
0x8b74c66 400
0x8b74c69 400
0x8b74c6c 400 0 0 0 0 0 0 0 0 400
0x8b74c72 400
0x8b74c75 400 400
0x8b74c79 400 400
0x8b74c80 400
0x8b74c8a 400
0x8b74c8d 400 0 400
cob=/tmp/botlish-post-structural-fn-1/target/release/botlish-native
cfi=/tmp/botlish-post-structural-fn-1/native-audit/src/runtime/ops.rs
cfn=rt_str_eq
calls=800 0x1ebe80 
0x8b74c8d 10800 4000 800 1 3 0 0 0 0 1600 400 400
0x8b74c90 400
0x8b74c94 400 0 0 0 0 0 0 0 0 400
0x8b74ca4 400 0 400
0x8b74cad 400
0x8b74cb4 400 0 0 0 0 0 0 0 0 400
0x8b74cc2 400
0x8b74cc5 400
0x8b74cc9 400
0x8b74ccc 400
0x8b74ccf 400
0x8b74cd1 400 0 0 0 0 0 0 0 0 400
0x8b74cf1 400 0 400
0x8b74cf6 400
0x8b74cf9 400
0x8b74cfc 400
0x8b74cff 400 0 400
cfn=0x0000000008b75540
calls=800 0x8b75540 
0x8b74cff 3833550 779100 583500 19 4353 450 0 0 0 556500 27705 39600
0x8b74d04 400
0x8b74d07 400 0 0 0 0 0 0 0 0 400
0x8b74d32 400
0x8b74d37 400
0x8b74d41 800 800
0x8b74d46 800 800
0x8b74d4b 800 800
0x8b74d50 800 800
0x8b74d55 800
0x8b74d59 800
0x8b74d5c 800 800
0x8b74d5d 800 800

fn=0x0000000008b746f8
0x8b746f8 1 0 1
0x8b746f9 1
0x8b746fc 1
0x8b74700 1 0 1
0x8b74705 1 0 1
0x8b7470a 1 0 1
0x8b7470f 1 0 1
0x8b74714 1 0 1
0x8b74719 1
0x8b7471c 1 0 1
0x8b74725 1 0 1
0x8b7472e 1 0 1
0x8b74732 1
0x8b7473c 1
0x8b7473f 1
0x8b74742 1 0 1
cob=/tmp/botlish-post-structural-fn-1/target/release/botlish-native
cfi=/tmp/botlish-post-structural-fn-1/native-audit/src/runtime/ops.rs
cfn=rt_str_len
calls=2 0x1ea930 
0x8b74742 11 3 1 0 0 0 0 0 0 1
0x8b74744 1 0 1
0x8b74749 1
0x8b7474c 1 0 1
0x8b74755 1
0x8b74758 1
0x8b74762 1
0x8b74765 1
0x8b74768 1 0 1
cob=/tmp/botlish-post-structural-fn-1/target/release/botlish-native
cfi=/tmp/botlish-post-structural-fn-1/native-audit/src/runtime/ops.rs
cfn=rt_list_new
calls=2 0x1ea9a0 
0x8b74768 158 44 36 0 1 1 0 0 0 18 2 4
0x8b7476a 1
0x8b7476d 1 0 0 0 0 0 0 0 0 1
0x8b74773 1 0 1
0x8b74778 1
0x8b7477d 1
0x8b74780 1 0 0 1
0x8b74783 1
0x8b74786 1
0x8b74789 1
0x8b7478c 1
0x8b7478f 1
0x8b74795 1 0 0 0 0 0 0 0 0 1
0x8b74786 4
0x8b74789 4
0x8b7478c 4
0x8b7478f 4
0x8b74795 4 0 0 0 0 0 0 0 0 4
0x8b747c5 5 0 0 1
0x8b747ca 5
0x8b747cd 5
0x8b747d0 5 5 0 0 1
0x8b747d8 5
0x8b747dc 5 0 0 0 0 0 0 0 0 5 1
0x8b747e2 1
0x8b747e5 1 0 1
0x8b747e9 1
0x8b747f3 1
0x8b747f6 1 0 1
cob=/tmp/botlish-post-structural-fn-1/target/release/botlish-native
cfi=/tmp/botlish-post-structural-fn-1/native-audit/src/runtime/ops.rs
cfn=rt_set_from_list
calls=2 0x1eb860 
0x8b747f6 668 153 116 1 1 1 0 0 0 93 14 13 1
0x8b747f8 1 1
0x8b747fd 1 1
0x8b74802 1 1
0x8b74807 1 1
0x8b7480c 1 1
0x8b74811 1
0x8b74815 1
0x8b74818 1 1
0x8b74819 1 1
0x8b7481a 4 0 0 1
0x8b7481d 4
0x8b74824 4 0 0 0 0 0 0 0 0 4
0x8b7482a 4 4
0x8b7482e 4
0x8b74831 4
0x8b74834 4
0x8b74837 4
0x8b7483a 4 0 0 0 0 0 0 0 0 4
0x8b74867 4 4 0 1
0x8b7486b 4 4
0x8b7486f 4
0x8b74872 4 0 4
cfn=0x0000000008b745a3
calls=8 0x8b745a3 
0x8b74872 60 16 12 1
0x8b74877 4
0x8b7487a 4
0x8b7487d 4 0 4 1
cfn=0x0000000008b745d0
calls=8 0x8b745d0 
0x8b7487d 108 24 12 4 1 0 0 0 0 12 2
0x8b74882 4
0x8b74885 4 0 0 0 0 0 0 0 0 4
0x8b7488b 4 0 4
0x8b74890 4
0x8b74893 4
0x8b7489d 4
0x8b748a0 4
0x8b748a3 4 0 4
cob=/tmp/botlish-post-structural-fn-1/target/release/botlish-native
cfi=/tmp/botlish-post-structural-fn-1/native-audit/src/runtime/ops.rs
cfn=rt_list_append
calls=8 0x1ea580 
0x8b748a3 1432 366 272 8 3 1 0 0 0 204 17 31
0x8b748a5 4
0x8b748a8 4 0 0 0 0 0 0 0 0 4
0x8b748d3 4 0 4 1
0x8b748d8 4
0x8b748db 4
0x8b748e0 4 0 4
0x8b748e9 4
0x8b748ec 4
0x8b748f3 4 0 0 0 0 0 0 0 0 4
0x8b748f9 4
0x8b748fc 4
0x8b748ff 4 0 0 1
0x8b74903 4
0x8b74906 4
0x8b74908 4 0 0 0 0 0 0 0 0 4
0x8b7490e 4
0x8b74911 4
0x8b74914 4
0x8b74931 4 0 4
0x8b74936 4
0x8b74939 4

fn=0x0000000008b745a3
0x8b745a3 4 0 4
0x8b745a4 4
0x8b745a7 4
0x8b745b1 4 0 4
cob=/tmp/botlish-post-structural-fn-1/target/release/botlish-native
cfi=/tmp/botlish-post-structural-fn-1/native-audit/src/runtime/ops.rs
cfn=rt_char_codepoint
calls=8 0x1e67c0 
0x8b745b1 32 8 4 1
0x8b745b4 4
0x8b745b7 4 4
0x8b745b8 4 4

fn=0x0000000008b749a3
0x8b749a3 3 0 3 1
0x8b749a4 3
0x8b749a7 3
0x8b749aa 3
0x8b749ae 3 0 0 0 0 0 0 0 0 3 3
0x8b749b4 1
0x8b749b9 1
0x8b749be 2 0 0 1
0x8b749c2 2 0 0 0 0 0 0 0 0 2
0x8b749c8 2
0x8b749cd 2
0x8b749d7 3
0x8b749da 3 3
0x8b749db 3 3

ob=/usr/lib/x86_64-linux-gnu/libc.so.6
fl=./malloc/./malloc/malloc.c
fn=realloc
0xae2fb 6000
0xae2fe 6000 0 0 0 0 0 0 0 0 6000 2250
0xae304 6000 6000
0xae308 6000
0xae30a 6000 0 0 0 0 0 0 0 0 6000
fi=./malloc/./malloc/arena.c
0xae310 6000
0xae317 6000
0xae319 6000 0 0 0 0 0 0 0 0 6000
0xae31b 6000 6000
0xae322 6000
0xae32a 6000
0xae32d 6000
0xae330 6000
0xae337 6000
fe=./malloc/./malloc/malloc.c
0xae33b 6000
fi=./malloc/./malloc/arena.c
0xae33f 6000
0xae342 6000 6000
fe=./malloc/./malloc/malloc.c
0xae345 6000
0xae348 6000 0 0 0 0 0 0 0 0 6000
fi=./malloc/./malloc/arena.c
0xae3b0 6000 6000
0xae3b7 6000
0xae3bf 6000
0xae3c2 6000
0xae3c5 6000
0xae3cc 6000
0xae3d0 6000
0xae3d3 6000 6000
0xae3d6 6000
fe=./malloc/./malloc/malloc.c

fn=alloc_perturb
0xa92d0 17 17
0xa92d6 17
0xa92d8 17 0 0 0 0 0 0 0 0 17
0xa92da 17 17

fl=./string/../sysdeps/x86_64/multiarch/memmove-vec-unaligned-erms.S
fn=__memcpy_avx_unaligned_erms
0x188d80 4825
0x188d84 4825
0x188d87 4825
0x188d8b 4825 0 0 0 0 0 0 0 0 4825 6
0x188d8d 9 9
0x188d91 9
0x188d95 9 0 0 0 0 0 0 0 0 9 5
0x188d9b 2 2
0x188da1 2 0 2 0 0 2
0x188da5 2 0 2
0x188dab 2
0x188dae 2 2
0x188db0 4816
0x188db3 4816 0 0 0 0 0 0 0 0 4816 2
0x188db5 4813
0x188db8 4813 0 0 0 0 0 0 0 0 4813 1
0x188dba 4812
0x188dbd 4812 0 0 0 0 0 0 0 0 4812 1
0x188dbf 4811
0x188dc2 4811 0 0 0 0 0 0 0 0 4811 2
0x188dc4 4809 4809 0 0 1
0x188dc6 4809 0 0 0 0 0 0 0 0 4809 1
0x188dc8 1 1
0x188dcd 1 0 1
0x188dd2 1 0 1
0x188dd4 1 1
0x188dd2 4808 0 4808
0x188dd4 4808 4808
0x188dd4 2 2
0x188dd5 1 1
0x188dd9 1 1
0x188ddb 1 0 1
0x188ddf 1 0 1
0x188de1 1 1

ob=???
fl=???
fn=0x0000000008b74d79
0x8b74d79 10800 0 10800
0x8b74d7a 10800
0x8b74d7d 10800
0x8b74d81 10800 0 10800
0x8b74d86 10800 0 10800
0x8b74d8b 10800 0 10800
0x8b74d90 10800
0x8b74d93 10800 0 10800
0x8b74d97 10800 0 10800
0x8b74d9c 10800
0x8b74d9f 10800 0 10800
0x8b74da8 10800
0x8b74daf 10800 0 0 0 0 0 0 0 0 10800
0x8b74dbd 10800
0x8b74dc0 10800
0x8b74dc4 10800
0x8b74dc7 10800
0x8b74dca 10800
0x8b74dcc 10800 0 0 0 0 0 0 0 0 10800
0x8b74dec 10800 0 10800
0x8b74df1 10800
0x8b74dfb 10800
0x8b74dfe 10800
0x8b74e01 10800
0x8b74e04 10800 0 10800
cob=/tmp/botlish-post-structural-fn-1/target/release/botlish-native
cfi=/tmp/botlish-post-structural-fn-1/native-audit/src/runtime/ops.rs
cfn=rt_substr
calls=21600 0x1ec920 
0x8b74e04 7284756 1647212 1204207 28 13267 1378 0 0 5 1075782 44151 102000 1
0x8b74e06 10800
0x8b74e09 10800 0 0 0 0 0 0 0 0 10800 1
0x8b74e2a 10800 10800
0x8b74e2f 10800 10800
0x8b74e34 10800 10800
0x8b74e39 10800
0x8b74e3d 10800
0x8b74e40 10800 10800
0x8b74e41 10800 10800

fn=0x0000000008b74f07
0x8b74f07 800 0 800
0x8b74f08 800
0x8b74f0b 800
0x8b74f0f 800 0 800
0x8b74f13 800 0 800
0x8b74f18 800
0x8b74f1b 800
0x8b74f1e 800
0x8b74f28 800
0x8b74f2b 800
0x8b74f2e 800 0 800
cob=/tmp/botlish-post-structural-fn-1/target/release/botlish-native
cfi=/tmp/botlish-post-structural-fn-1/native-audit/src/runtime/ops.rs
cfn=rt_is_tcl_alnum
calls=1600 0x1ea440 
0x8b74f2e 55200 13600 8000 0 3 0 0 0 0 7200 800
0x8b74f30 800
0x8b74f33 800 0 0 0 0 0 0 0 0 800
0x8b74f4e 800
0x8b74f52 800 0 0 0 0 0 0 0 0 800
0x8b74f90 800
0x8b74f95 800 800
0x8b74f99 800 800
0x8b74f9e 800
0x8b74fa2 800
0x8b74fa5 800 800
0x8b74fa6 800 800

fn=0x0000000008b745d0
0x8b745d0 4 0 4 1
0x8b745d1 4
0x8b745d4 4
0x8b745d8 4 0 4
0x8b745dc 4 0 4
0x8b745e1 4
0x8b745e4 4
0x8b745eb 4
0x8b745ee 4 0 0 0 0 0 0 0 0 4 1
0x8b74624 4 0 0 1
0x8b74627 4
0x8b7462d 4
0x8b74630 4 4 0 0 1
0x8b74638 4
0x8b7463f 4 0 0 1 0 0 0 0 0 4 1
0x8b74671 4
0x8b74676 4
0x8b7467d 4 4 0 1
0x8b74685 4
0x8b74689 4 0 0 0 0 0 0 0 0 4
0x8b7468f 4
0x8b74692 4 4
0x8b74696 4 4
0x8b7469b 4
0x8b7469f 4
0x8b746a2 4 4
0x8b746a3 4 4

fn=0x0000000008b74e57
0x8b74e57 6800 0 6800
0x8b74e58 6800
0x8b74e5b 6800
0x8b74e5f 6800 0 6800
0x8b74e63 6800 0 6800
0x8b74e68 6800
0x8b74e6b 6800
0x8b74e6e 6800
0x8b74e78 6800
0x8b74e7b 6800
0x8b74e7e 6800 0 6800
cob=/tmp/botlish-post-structural-fn-1/target/release/botlish-native
cfi=/tmp/botlish-post-structural-fn-1/native-audit/src/runtime/ops.rs
cfn=rt_is_tcl_alnum
calls=13600 0x1ea440 
0x8b74e7e 370000 102400 68000 3 4 0 0 0 0 48000 2801
0x8b74e80 6800 0 0 1
0x8b74e83 6800 0 0 0 0 0 0 0 0 6800
0x8b74e9e 6800
0x8b74ea2 6800 0 0 0 0 0 0 0 0 6800
0x8b74ea8 1200
0x8b74eab 1200 1200
0x8b74eaf 1200 1200
0x8b74eb2 1200
0x8b74ebc 1200
0x8b74ebf 1200 0 1200
cob=/tmp/botlish-post-structural-fn-1/target/release/botlish-native
cfi=/tmp/botlish-post-structural-fn-1/native-audit/src/runtime/ops.rs
cfn=rt_set_contains
calls=2400 0x1eb7e0 
0x8b74ebf 758400 142800 74400 2 0 0 0 0 0 157200 2802 18000 1
0x8b74ec1 1200
0x8b74ec5 1200 0 0 0 0 0 0 0 0 1200
0x8b74ecb 400
0x8b74ed0 400
0x8b74ed5 800
0x8b74eda 800
0x8b74edf 5600
0x8b74ee4 5600 5600
0x8b74ee8 5600 5600
0x8b74eed 5600
0x8b74ef1 5600
0x8b74ef4 5600 5600
0x8b74ef5 5600 5600
0x8b74ee4 1200 1200
0x8b74ee8 1200 1200
0x8b74eed 1200
0x8b74ef1 1200
0x8b74ef4 1200 1200
0x8b74ef5 1200 1200

fn=0x0000000008b74000
0x8b74000 1 0 1 1
0x8b74001 1
0x8b74004 1
0x8b7400b 1 0 1
0x8b74013 1 0 1
0x8b7401b 1 0 1
0x8b74023 1 0 1
0x8b7402b 1 0 1
0x8b74033 1 0 1
0x8b7403c 1 0 1 1
0x8b74045 1 0 1
0x8b7404e 1 0 1
0x8b74057 1 0 1
0x8b74060 1 0 1
0x8b74069 1 0 1
0x8b74072 1 0 1
0x8b7407b 1 0 1 1
0x8b74084 1 0 1
0x8b7408d 1 0 1
0x8b74096 1 1 0 0 1
0x8b7409a 1 1 0 0 1
0x8b7409d 1 0 1
0x8b740a1 1 1
0x8b740a5 1 1
0x8b740a9 1 0 1
0x8b740ae 1 1
0x8b740b2 1 1
0x8b740b6 1 0 1
0x8b740bb 1 1
0x8b740bf 1 1 0 1
0x8b740c3 1 0 1
0x8b740c8 1 1
0x8b740cc 1 0 1 0 0 1
0x8b740d4 1 1
0x8b740d8 1 0 1
0x8b740dd 1
0x8b740e5 1 0 1
0x8b740ed 1 0 1
0x8b740f5 1 0 1
0x8b740fd 1 0 1 1
0x8b74105 1 0 1
0x8b7410d 1
0x8b74112 1
0x8b7411c 1
0x8b7411f 1 1
0x8b74127 1 0 1
cob=/tmp/botlish-post-structural-fn-1/target/release/botlish-native
cfi=/tmp/botlish-post-structural-fn-1/native-audit/src/runtime/ops.rs
cfn=rt_list_new
calls=2 0x1ea9a0 
0x8b74127 246 66 51 0 6 4 0 0 0 29 8 8
0x8b74129 1
0x8b7412c 1 0 0 0 0 0 0 0 0 1 1
0x8b74132 1 0 1
0x8b74136 1
0x8b74139 1 0 0 1
0x8b74143 1 1
0x8b7414b 1 0 1
cob=/tmp/botlish-post-structural-fn-1/target/release/botlish-native
cfi=/tmp/botlish-post-structural-fn-1/native-audit/src/runtime/ops.rs
cfn=rt_set_from_list
calls=2 0x1eb860 
0x8b7414b 1551 327 175 12 18 2 0 0 0 302 16 37 1
0x8b7414d 1 1
0x8b74155 1 1
0x8b74159 1 0 1 0 0 1
0x8b7415c 1 1
0x8b74160 1 1
0x8b74164 1 0 1
0x8b74168 1 0 1
0x8b74170 1 1
0x8b74174 1 1
0x8b74178 1 0 1
0x8b7417d 1 0 1 1
0x8b74185 1 1
0x8b74189 1 1
0x8b7418d 1 0 1
0x8b74192 1 0 1
0x8b7419a 1 1
0x8b7419e 1 1 0 0 1
0x8b741a2 1 0 1
0x8b741a7 1 0 1
0x8b741af 1 1
0x8b741b7 1 1
0x8b741bb 1 1
0x8b741bf 1 0 1 1
0x8b741c4 1 1
0x8b741cc 1 1
0x8b741d0 1 1
0x8b741d4 1 0 1
0x8b741d9 1 1
0x8b741e1 1 1
0x8b741e5 1 1
0x8b741e9 1 0 1
0x8b741ee 1 1
0x8b741f6 1 1
0x8b741fa 1 1
0x8b741fe 1 0 1
0x8b74203 1 1
0x8b7420b 1 1
0x8b7420f 1 1
0x8b74213 1 0 1
0x8b74218 1 1
0x8b74220 1 1
0x8b74224 1 1
0x8b74228 1 0 1
0x8b7422d 1 1
0x8b74235 1 1
0x8b74239 1 1
0x8b7423d 1 0 1 1
0x8b74242 1 1
0x8b7424a 1 1
0x8b7424e 1 1 0 0 1
0x8b74255 1 0 1
0x8b7425a 1 1
0x8b74262 1 1
0x8b74266 1 1
0x8b7426d 1 0 1
0x8b74272 1 1
0x8b7427a 1 1
0x8b7427e 1 1
0x8b74285 1 0 1
0x8b7428a 1 1
0x8b74292 1 1
0x8b74296 1 1
0x8b7429d 1 0 1
0x8b742a2 1 1
0x8b742aa 1 1
0x8b742ae 1 1
0x8b742b5 1 0 1
0x8b742ba 1
0x8b742c2 1 1
0x8b742ca 1 0 1
0x8b742d2 1 1
0x8b742da 1 0 1 0 0 1
0x8b742e2 1 1
0x8b742ea 1 0 1
0x8b742f2 1 1
0x8b742fa 1 0 1 1
0x8b74302 1 0 1
0x8b7430a 1 0 1
0x8b74312 1 0 1
0x8b7431a 1 0 1
0x8b74322 1 0 1
0x8b7432a 1 0 1 0 0 1
0x8b74332 1 0 1
0x8b7433a 1 0 1 1
0x8b74342 1 0 1
0x8b7434a 1 0 1
0x8b74352 1 0 1
0x8b7435a 1 0 1
0x8b74362 1
0x8b74367 1
0x8b74371 1 1
0x8b74379 1 0 1
cob=/tmp/botlish-post-structural-fn-1/target/release/botlish-native
cfi=/tmp/botlish-post-structural-fn-1/native-audit/src/runtime/ops.rs
cfn=rt_list_new
calls=2 0x1ea9a0 
0x8b74379 256 69 53 0 4 2 0 0 0 32 7 8
0x8b7437b 1
0x8b7437e 1 0 0 0 0 0 0 0 0 1 1
0x8b74384 1 1
0x8b7438c 1 1
0x8b74390 1 0 1
0x8b74394 1 0 1
0x8b7439c 1 0 1
0x8b743a5 1 0 1
0x8b743ae 1 0 1
0x8b743b7 1
0x8b743bf 1 0 1 1
0x8b743cb 1 0 1
0x8b743d7 1 0 1
0x8b743e3 1 0 1
0x8b743ef 1
0x8b743f4 1
0x8b743fe 1 0 1
cob=/tmp/botlish-post-structural-fn-1/target/release/botlish-native
cfi=/tmp/botlish-post-structural-fn-1/native-audit/src/runtime/ops.rs
cfn=rt_list_new
calls=2 0x1ea9a0 
0x8b743fe 246 66 51 0 2 2 0 0 0 29 1 8
0x8b74400 1
0x8b74403 1 0 0 0 0 0 0 0 0 1 1
0x8b74409 1 0 1
0x8b7440d 1
0x8b74410 1 1
0x8b74418 1 0 1
cfn=0x0000000008b746f8
calls=2 0x8b746f8 
0x8b74418 2717 630 493 21 7 3 0 0 0 363 36 48 1
0x8b7441d 1
0x8b74420 1 0 0 0 0 0 0 0 0 1
0x8b74426 1 1
0x8b7442e 1 1
0x8b74432 1 0 1 0 0 1
0x8b74436 1 1
0x8b7443a 1 1
0x8b74441 1 0 1
0x8b74445 1 0 1
cfn=0x0000000008b759c5
calls=2 0x8b759c5 
0x8b74445 7372 1744 1341 84 13 26 0 0 0 1045 139 87 1
0x8b7444a 1
0x8b7444d 1 0 0 0 0 0 0 0 0 1 1
0x8b74453 1 0 1
0x8b74457 1
0x8b7445a 1
0x8b7445f 1 0 1
0x8b74468 1
0x8b7446d 1 0 1
0x8b74476 1 1
0x8b7447e 1 1
0x8b74482 1 1
0x8b74489 1 0 1
0x8b7448e 1
0x8b74491 1 0 1
cfn=0x0000000008b761c3
calls=2 0x8b761c3 
0x8b74491 6414479 1334907 1008110 53 7249 751 0 0 0 930701 46322 70400 2
0x8b74496 1
0x8b74499 1
0x8b7449c 1 0 0 0 0 0 0 0 0 1
0x8b744a2 1 0 1
0x8b744a7 1
0x8b744ac 1 0 1
0x8b744b5 1
0x8b744ba 1 0 1 1
0x8b744c3 1 1 0 0 1
0x8b744cb 1 1
0x8b744cf 1 1 0 0 1
0x8b744d6 1 0 1
0x8b744db 1
0x8b744de 1 0 1
cfn=0x0000000008b761c3
calls=2 0x8b761c3 
0x8b744de 3252735 726319 564117 7 6038 627 0 0 5 505083 5842 50400
0x8b744e3 1
0x8b744e6 1 0 0 0 0 0 0 0 0 1
0x8b744ec 1 0 1
0x8b744f0 1
0x8b744f8 1 0 1 0 0 1
0x8b74500 1 0 1
0x8b74508 1
0x8b7450d 1
0x8b74517 1 1
0x8b7451f 1 0 1
cob=/tmp/botlish-post-structural-fn-1/target/release/botlish-native
cfi=/tmp/botlish-post-structural-fn-1/native-audit/src/runtime/ops.rs
cfn=rt_list_new
calls=2 0x1ea9a0 
0x8b7451f 581 128 77 2 1 2 0 0 2 87 13 8
0x8b74521 1
0x8b74524 1 0 0 0 0 0 0 0 0 1 1
0x8b74561 1 1 0 0 1
0x8b74569 1 1
0x8b74571 1 1
0x8b74579 1 1
0x8b74581 1 1
0x8b74589 1
0x8b74590 1
0x8b74593 1 1 0 0 1
0x8b74594 1 1

fn=0x0000000008b74a37
0x8b74a37 3 0 3 1
0x8b74a38 3
0x8b74a3b 3
0x8b74a3f 3 0 3 1
0x8b74a43 3 0 3
0x8b74a48 3
0x8b74a4b 3
0x8b74a4e 3
0x8b74a51 3
0x8b74a54 3 0 3
cfn=0x0000000008b749a3
calls=6 0x8b749a3 
0x8b74a54 34 6 3 2 0 0 0 0 0 5 3
0x8b74a59 3
0x8b74a5d 3 0 0 0 0 0 0 0 0 3
0x8b74a63 3
0x8b74a66 3
0x8b74a69 3 0 3
cfn=0x0000000008b749ed
calls=6 0x8b749ed 
0x8b74a69 32 6 3 0 0 0 0 0 0 5 1
0x8b74a6e 3
0x8b74a72 3 0 0 0 0 0 0 0 0 3
0x8b74a78 1
0x8b74a7d 1
0x8b74a82 2
0x8b74a87 2
0x8b74a91 3 3
0x8b74a95 3 3
0x8b74a9a 3
0x8b74a9e 3
0x8b74aa1 3 3
0x8b74aa2 3 3

fn=0x0000000008b75a8a
0x8b75a8a 1 0 1 1
0x8b75a8b 1
0x8b75a8e 1
0x8b75a92 1 0 1
0x8b75a97 1 0 1
0x8b75a9c 1 0 1
0x8b75aa1 1 0 1
0x8b75aa6 1 0 1
0x8b75aaa 1
0x8b75aad 1 1
0x8b75ab1 1
0x8b75ab4 1 1
0x8b75ab8 1 0 1
0x8b75abd 1
0x8b75ac0 1
0x8b75ac3 1 0 1
cfn=0x0000000008b75a23
calls=2 0x8b75a23 
0x8b75ac3 16 2 3 2 0 0 0 0 0 1
0x8b75ac8 1
0x8b75ace 1 0 0 0 0 0 0 0 0 1
0x8b75adc 1
0x8b75adf 1 1
0x8b75ae3 1
0x8b75ae6 1
0x8b75ae9 1
0x8b75aec 1 0 0 0 0 0 0 0 0 1 1
0x8b75b12 1 1
0x8b75b16 1 1
0x8b75b1a 1 0 1
0x8b75b1e 1
0x8b75b21 1
0x8b75b24 1 1
0x8b75b28 1 1
0x8b75b2c 1
0x8b75b2f 1
0x8b75b34 1
0x8b75b3e 1
0x8b75b41 1 0 1
cob=/tmp/botlish-post-structural-fn-1/target/release/botlish-native
cfi=/tmp/botlish-post-structural-fn-1/native-audit/src/runtime/ops.rs
cfn=rt_int_mod
calls=2 0x1e75d0 
0x8b75b41 45 7 7 5 0 0 0 0 0 5 2
0x8b75b43 1
0x8b75b46 1 0 0 0 0 0 0 0 0 1
0x8b75b4c 1
0x8b75b52 1 0 0 0 0 0 0 0 0 1
0x8b75b63 1
0x8b75b66 1 1
0x8b75b6a 1
0x8b75b6d 1
0x8b75b70 1
0x8b75b73 1
0x8b75b76 1 0 0 0 0 0 0 0 0 1 1
0x8b75b9c 1 1
0x8b75ba0 1 1
0x8b75ba4 1 0 1
0x8b75ba9 1
0x8b75bae 1 0 1
0x8b75bb7 1
0x8b75bba 1 0 1
0x8b75bbf 1 0 1
0x8b75bc8 1 0 1
0x8b75bcd 1
0x8b75bd2 1
0x8b75bd7 1
0x8b75be1 1
0x8b75be4 1 0 1
cob=/tmp/botlish-post-structural-fn-1/target/release/botlish-native
cfi=/tmp/botlish-post-structural-fn-1/native-audit/src/runtime/construct.rs
cfn=rt_construct
calls=2 0x1f1170 
0x8b75be4 818 201 141 0 4 6 0 0 0 126 11 9
0x8b75be7 1
0x8b75bea 1 0 0 0 0 0 0 0 0 1 1
0x8b75c10 1 1
0x8b75c15 1 1
0x8b75c1a 1 1
0x8b75c1f 1 1
0x8b75c24 1
0x8b75c28 1
0x8b75c2b 1 1
0x8b75c2c 1 1

fn=0x0000000008b75a23
0x8b75a23 1 0 1 1
0x8b75a24 1
0x8b75a27 1
0x8b75a2b 1 0 1
0x8b75a2f 1 0 1
0x8b75a38 1
0x8b75a3f 1 0 0 1 0 0 0 0 0 1
0x8b75a5b 1
0x8b75a62 1
0x8b75a65 1
0x8b75a69 1
0x8b75a6c 1
0x8b75a70 1
0x8b75a74 1
0x8b75a77 1 1
0x8b75a78 1 1

fn=0x0000000008b75540
0x8b75540 400 0 400
0x8b75541 400
0x8b75544 400
0x8b75548 400 0 400
0x8b7554d 400 0 400
0x8b75552 400 0 400
0x8b75557 400 0 400
0x8b7555c 400 0 400
0x8b75561 400
0x8b75564 400 0 400
0x8b7556d 400 0 400
0x8b75571 400 0 400
0x8b75576 400
0x8b75579 400 0 400
0x8b7557e 400
0x8b75581 400 0 400
0x8b75586 400
0x8b75589 400
0x8b7558c 400
0x8b7558f 400
0x8b75592 400
0x8b75599 400 0 0 0 0 0 0 0 0 400
0x8b75589 800
0x8b7558c 800
0x8b7558f 800
0x8b75592 800
0x8b75599 800 0 0 0 0 0 0 0 0 800
0x8b755cd 1200 0 0 1
0x8b755d0 1200
0x8b755d5 1200
0x8b755d8 1200
0x8b755db 1200 1200 0 0 1
0x8b755e3 1200
0x8b755e7 1200 0 0 0 0 0 0 0 0 1200
0x8b75614 1200 0 0 1
0x8b75617 1200
0x8b7561a 1200
0x8b7561d 1200 0 1200
cfn=0x0000000008b74d79
calls=2400 0x8b74d79 
0x8b7561d 1125050 236900 177300 0 1442 150 0 0 0 163100 9954 12800
0x8b75622 1200
0x8b75625 1200
0x8b75628 1200 0 0 0 0 0 0 0 0 1200
0x8b7562e 1200 1200
0x8b75632 1200 1200
0x8b75635 1200
0x8b7563f 1200 0 0 1
0x8b75642 1200 0 1200
cob=/tmp/botlish-post-structural-fn-1/target/release/botlish-native
cfi=/tmp/botlish-post-structural-fn-1/native-audit/src/runtime/ops.rs
cfn=rt_str_eq
calls=2400 0x1ebe80 
0x8b75642 15600 6400 800 0 0 0 0 0 0 2400 400 400
0x8b75644 1200
0x8b75648 1200 0 0 0 0 0 0 0 0 1200
0x8b7564e 800
0x8b75651 800
0x8b75654 800
0x8b75657 800 0 800
cfn=0x0000000008b74d79
calls=1600 0x8b74d79 
0x8b75657 762300 159400 119000 0 966 100 0 0 0 109800 4550 8800
0x8b7565c 800
0x8b7565f 800
0x8b75662 800 0 0 0 0 0 0 0 0 800
0x8b75668 800
0x8b7566b 800 0 800
cfn=0x0000000008b74f07
calls=1600 0x8b74f07 
0x8b7566b 72800 16800 11200 0 3 0 0 0 0 8800 800
0x8b75670 800
0x8b75673 800 0 0 0 0 0 0 0 0 800
0x8b75679 800
0x8b7567d 800 0 0 1 0 0 0 0 0 800
0x8b7568d 800
0x8b75692 800
0x8b75696 800 0 0 0 0 0 0 0 0 800
0x8b756c3 400
0x8b756c6 400
0x8b756c9 400
0x8b756cc 400
0x8b756d2 400 0 0 0 0 0 0 0 0 400
0x8b75702 400
0x8b75707 400
0x8b7570a 400
0x8b7570d 400 400
0x8b75715 400
0x8b75719 400 0 0 0 0 0 0 0 0 400
0x8b7571f 400 0 400
0x8b75728 400
0x8b7572b 400
0x8b75732 400 0 0 0 0 0 0 0 0 400
0x8b75738 400
0x8b7573b 400
0x8b7573e 400
0x8b75742 400
0x8b75745 400
0x8b75749 400
0x8b7574b 400 0 0 0 0 0 0 0 0 400
0x8b7576b 400 0 400
0x8b75770 400
0x8b75773 400
0x8b75776 400 0 400
cfn=0x0000000008b74d79
calls=800 0x8b74d79 
0x8b75776 384750 79900 59500 0 487 50 0 0 0 55700 2500 4400
0x8b7577b 400
0x8b7577e 400 0 0 1
0x8b75781 400 0 0 0 0 0 0 0 0 400
0x8b75787 400 400
0x8b7578b 400 400
0x8b7578e 400
0x8b75798 400
0x8b7579b 400 0 400
cob=/tmp/botlish-post-structural-fn-1/target/release/botlish-native
cfi=/tmp/botlish-post-structural-fn-1/native-audit/src/runtime/ops.rs
cfn=rt_str_eq
calls=800 0x1ebe80 
0x8b7579b 2400 1200 0 0 0 0 0 0 0 400
0x8b7579d 400
0x8b757a1 400 0 0 0 0 0 0 0 0 400
0x8b757a7 400 0 400
0x8b757b0 400
0x8b757b3 400
0x8b757ba 400 0 0 0 0 0 0 0 0 400
0x8b757c0 400 0 0 1
0x8b757c3 400
0x8b757c7 400
0x8b757cb 400
0x8b757ce 400 0 0 0 0 0 0 0 0 400
0x8b757ef 400 0 400
0x8b757f4 400
0x8b757f7 400
0x8b757fa 400
0x8b757fd 400 0 400
cfn=0x0000000008b75378
calls=800 0x8b75378 
0x8b757fd 1379850 270900 202900 9 1454 150 0 0 0 202700 9501 13200
0x8b75802 400
0x8b75805 400 0 0 0 0 0 0 0 0 400
0x8b75830 400
0x8b75834 400 0 0 0 0 0 0 0 0 400
0x8b7583a 800 0 0 1
0x8b7583f 800 0 800 1
0x8b75848 800
0x8b7584b 800
0x8b75852 800 0 0 0 0 0 0 0 0 800
0x8b75858 800
0x8b7585b 800
0x8b7585e 800
0x8b75862 800
0x8b75865 800
0x8b75867 800 0 0 0 0 0 0 0 0 800
0x8b7586d 800
0x8b75870 800
0x8b75873 800
0x8b75890 800 0 800 1
0x8b75895 800
0x8b75898 800
0x8b7589b 800
0x8b758a0 400
0x8b758a5 400 400
0x8b758aa 400 400
0x8b758af 400 400
0x8b758b4 400 400
0x8b758b9 400 400
0x8b758be 400 0 0 1
0x8b758c2 400
0x8b758c5 400 400
0x8b758c6 400 400

fn=0x0000000008b75378
0x8b75378 400 0 400 1
0x8b75379 400
0x8b7537c 400
0x8b75380 400 0 400
0x8b75385 400 0 400
0x8b7538a 400 0 400
0x8b7538f 400 0 400
0x8b75394 400
0x8b75397 400 0 400
0x8b7539b 400
0x8b7539e 400 0 400
0x8b753a3 400
0x8b753a6 400 0 400
0x8b753ab 400
0x8b753ae 400
0x8b753b1 400
0x8b753b4 400
0x8b753b7 400 0 400
cfn=0x0000000008b751b8
calls=800 0x8b751b8 
0x8b753b7 1356250 267700 198900 5 1453 150 0 0 0 200300 9501 13200
0x8b753bc 400
0x8b753bf 400
0x8b753c2 400
0x8b753c5 400 0 0 0 0 0 0 0 0 400
0x8b753eb 400
0x8b753ee 400 0 400
0x8b753f3 400
0x8b753f6 400
0x8b753f9 400
0x8b753ff 400 0 0 0 0 0 0 0 0 400
0x8b7542f 400
0x8b75434 400
0x8b75437 400
0x8b7543a 400 400 0 1 1
0x8b75442 400
0x8b75446 400 0 0 0 0 0 0 0 0 400
0x8b75459 400
0x8b7545c 400
0x8b7545f 400
0x8b75466 400 0 0 0 0 0 0 0 0 400
0x8b75477 400
0x8b7547a 400
0x8b7547d 400
0x8b75480 400
0x8b75483 400
0x8b75486 400
0x8b7548a 400
0x8b7548c 400 0 0 0 0 0 0 0 0 400
0x8b754aa 400
0x8b754b1 400 0 0 0 0 0 0 0 0 400
0x8b754e3 400 0 0 1
0x8b754e8 400
0x8b754ec 400 400
0x8b754f4 400 400
0x8b754f9 400 400
0x8b754fe 400 400 0 1
0x8b75503 400 400
0x8b75508 400
0x8b7550c 400
0x8b7550f 400 400
0x8b75510 400 400

fn=0x0000000008b75e4f
0x8b75e4f 3 0 3 1
0x8b75e50 3
0x8b75e53 3
0x8b75e57 3 0 3
0x8b75e5c 3 0 3
0x8b75e61 3 0 3
0x8b75e66 3
0x8b75e69 3 0 3
0x8b75e72 3 0 3
0x8b75e7b 3 0 3
0x8b75e7f 3 0 0 1
0x8b75e82 3
0x8b75e8c 3
0x8b75e8f 3
0x8b75e92 3 0 3
cob=/tmp/botlish-post-structural-fn-1/target/release/botlish-native
cfi=/tmp/botlish-post-structural-fn-1/native-audit/src/runtime/ops.rs
cfn=rt_str_utf8_bytes
calls=6 0x1ec6f0 
0x8b75e92 1145 281 190 3 0 1 0 0 0 174 13 21
0x8b75e94 3
0x8b75e97 3
0x8b75e9a 3
0x8b75e9d 3 0 0 0 0 0 0 0 0 3
0x8b75ea3 3
0x8b75ea6 3 0 3
0x8b75eaa 3
0x8b75eb4 3
0x8b75eb7 3
0x8b75eba 3 0 3
cob=/tmp/botlish-post-structural-fn-1/target/release/botlish-native
cfi=/tmp/botlish-post-structural-fn-1/native-audit/src/runtime/ops.rs
cfn=rt_str_len
calls=6 0x1ea930 
0x8b75eba 33 9 3 0 0 0 0 0 0 3
0x8b75ebc 3
0x8b75ebf 3 0 0 1
0x8b75ec3 3 0 0 0 0 0 0 0 0 3
0x8b75f00 3 0 0 1
0x8b75f03 3 3
0x8b75f07 3
0x8b75f0a 3
0x8b75f0d 3 0 0 0 0 0 0 0 0 3 1
0x8b75f3b 3
0x8b75f3e 3 3
0x8b75f42 3 3
0x8b75f45 3
0x8b75f48 3 0 3
cfn=0x0000000008b7593c
calls=6 0x8b7593c 
0x8b75f48 536 97 91 10 0 0 0 0 0 62 8 4
0x8b75f4d 3
0x8b75f51 3 0 0 0 0 0 0 0 0 3 1
0x8b75f57 1
0x8b75f5c 1 0 1
0x8b75f65 1
0x8b75f68 1 1
0x8b75f6c 1 1
0x8b75f73 1 0 1
0x8b75f78 1
0x8b75f7b 1 0 1
cfn=0x0000000008b75c64
calls=2 0x8b75c64 
0x8b75f7b 1593 378 276 21 4 6 0 0 0 233 38 12
0x8b75f80 1
0x8b75f83 1 0 0 0 0 0 0 0 0 1 1
0x8b75fa4 1
0x8b75fa7 1
0x8b75faa 1 1
0x8b75faf 1 1
0x8b75fb4 1 1
0x8b75fb9 1
0x8b75fbd 1
0x8b75fc0 1 1
0x8b75fc1 1 1
0x8b75fa7 2
0x8b75faa 2 2
0x8b75faf 2 2
0x8b75fb4 2 2
0x8b75fb9 2
0x8b75fbd 2
0x8b75fc0 2 2
0x8b75fc1 2 2

fn=0x0000000008b761c3
0x8b761c3 2 0 2
0x8b761c4 2
0x8b761c7 2
0x8b761cb 2 0 2
0x8b761d0 2 0 2
0x8b761d5 2 0 2
0x8b761da 2 0 2
0x8b761df 2 0 2
0x8b761e4 2
0x8b761e7 2 0 2
0x8b761f0 2 0 2
0x8b761f4 2 0 2
0x8b761f9 2 0 2
0x8b761fe 2
0x8b76201 2
0x8b76204 2
0x8b76207 2
0x8b7620a 2
0x8b7620d 2 0 0 0 0 0 0 0 0 2
0x8b7620a 800
0x8b7620d 800 0 0 0 0 0 0 0 0 800 4
0x8b76213 800
0x8b76216 800
0x8b76219 800
0x8b7621c 800 0 800
cfn=0x0000000008b74b38
calls=1600 0x8b74b38 
0x8b7621c 9641956 2061212 1568207 59 13285 1378 0 0 5 1431782 52160 120800 2
0x8b76221 800
0x8b76224 800 0 0 0 0 0 0 0 0 800

ob=/usr/lib/x86_64-linux-gnu/libc.so.6
fl=./string/../sysdeps/x86_64/multiarch/memmove-vec-unaligned-erms.S
fn=__memcpy_avx_unaligned_erms
0x188de2 3 3
0x188de6 3 3
0x188dec 3 0 3
0x188df0 3 0 3
0x188df6 3 3
0x188e00 1 1
0x188e05 1 1
0x188e08 1 0 1
0x188e0b 1 0 1
0x188e10 1 1
0x188e11 1 1
0x188e17 1 1
0x188e1d 1 0 1
0x188e21 1 0 1 0 0 1
0x188e26 1 0 1 0 0 1
0x188e2c 1 0 1
0x188e32 1
0x188e35 1 1
0x188e40 7 7 0 0 1
0x188e47 7 0 0 0 0 0 0 0 0 7 2
0x188e4d 7
0x188e54 7 0 0 0 0 0 0 0 0 7
0x188e56 1 1
0x188e5b 1
0x188e62 1 0 0 0 0 0 0 0 0 1 1
0x188eb5 6
0x188eb8 6
0x188ebb 6
0x188ebe 6 0 0 1 0 0 0 0 0 6

ob=???
fl=???
fn=0x0000000008b761c3
0x8b7624f 800 0 0 1
0x8b76253 800 0 0 0 0 0 0 0 0 800
0x8b76259 400
0x8b7625e 400 0 400
0x8b76267 400
0x8b7626a 400
0x8b7626f 400
0x8b76274 400 0 400
0x8b7627d 400
0x8b76280 400
0x8b76283 400
0x8b76286 400
0x8b7628c 400 0 0 0 0 0 0 0 0 400

ob=/usr/lib/x86_64-linux-gnu/libc.so.6
fl=./string/../sysdeps/x86_64/multiarch/memmove-vec-unaligned-erms.S
fn=__memcpy_avx_unaligned_erms
0x188ec4 6 6 0 0 1
0x188ecb 6 0 0 0 0 0 0 0 0 6
0x188ed1 6
0x188ed5 6
0x188ed8 6
0x188edc 6
0x188ee2 6
0x188ee5 6 0 0 0 0 0 0 0 0 6
0x188eeb 6 6
0x188ef1 6 6
0x188ef7 6
0x188efa 6
0x188efe 6 6
0x188f04 6 6
0x188f0a 6
0x188f0d 6
0x188f10 6
0x188f13 6
0x188f18 6
0x188f20 6 6
0x188f24 6 6
0x188f29 6 6
0x188f2e 6 6
0x188f33 6
0x188f37 6 0 6 0 0 1
0x188f3b 6 0 6 0 0 1
0x188f40 6 0 6 0 0 1
0x188f45 6 0 6 0 0 1
0x188f4a 6
0x188f4e 6
0x188f51 6 0 0 0 0 0 0 0 0 6
0x188f20 18 18
0x188f24 18 18
0x188f29 18 18
0x188f2e 18 18
0x188f33 18
0x188f37 18 0 18 0 0 3
0x188f3b 18 0 18
0x188f40 18 0 18 0 0 3
0x188f45 18 0 18
0x188f4a 18
0x188f4e 18
0x188f51 18 0 0 0 0 0 0 0 0 18 2
0x188f53 6 0 6
0x188f58 6 0 6
0x188f5d 6 0 6
0x188f62 6 0 6
0x188f66 6 0 6
0x188f6a 6
0x188f6d 6 6

fl=./nptl/./nptl/pthread_create.c
fn=start_thread
cob=/tmp/botlish-post-structural-fn-1/target/release/botlish-native
cfi=/rustc/48a229ceaefd4985c50990b14116b6d856af0985/library/std/src/sys/thread/unix.rs
cfn=<std::sys::thread::unix::Thread>::new::thread_start
calls=1 0x6f40c0 
0x9cb7e 9680415 2064341 1574567 193 13346 1425 0 0 7 1437679 52389 121005 6

fl=./misc/../sysdeps/unix/sysv/linux/x86_64/clone.S
fn=clone
cfi=./nptl/./nptl/pthread_create.c
cfn=start_thread
calls=1 0x9c800 
0x129cc2 9680415 2064341 1574567 193 13346 1425 0 0 7 1437679 52389 121005 6

fl=./string/../sysdeps/x86_64/multiarch/memcmp-avx2-movbe.S
fn=__memcmp_avx2_movbe
0x188620 6810
0x188624 6810
0x188628 6810 0 0 0 0 0 0 0 0 6810 3
0x188900 6810 0 0 1
0x188903 6810 0 0 0 0 0 0 0 0 6810

ob=???
fl=???
fn=0x0000000008b761c3
0x8b76280 400
0x8b76283 400
0x8b76286 400
0x8b7628c 400 0 0 0 0 0 0 0 0 400
0x8b76292 800
0x8b76296 800
0x8b76299 800
0x8b7629c 800
0x8b7629f 800
0x8b762a1 800 0 0 0 0 0 0 0 0 800
0x8b762b6 800 0 800
0x8b762ba 800 0 800
0x8b762bf 800
0x8b762c2 800 0 800
0x8b762c7 800
0x8b762cb 800
0x8b762ce 800
0x8b762d1 800
0x8b762d6 2
0x8b762d9 2 2
0x8b762de 2 2
0x8b762e3 2 2
0x8b762e8 2 2
0x8b762ed 2 2
0x8b762f2 2
0x8b762f6 2
0x8b762f9 2 2 0 0 2
0x8b762fa 2 2

ob=/usr/lib/x86_64-linux-gnu/libc.so.6
fl=./string/../sysdeps/x86_64/multiarch/memcmp-avx2-movbe.S
fn=__memcmp_avx2_movbe
0x188980 6810 0 0 1 0 0 0 0 0 6810
0x188982 6810 6810 0 0 5
0x188985 6810 6810 0 0 1
0x188988 6810
0x18898a 6810 6810

totals: 9680415 2064341 1574567 193 13346 1425 0 0 7 1437679 52389 121005 6
