# callgrind format
version: 1
creator: callgrind-3.22.0
pid: 132448
cmd:  /tmp/botlish-post-structural-fn-1/target/release/botlish-native bench 2 /mnt/c/Users/MarkusWagner/dev/botlish/audit/post-structural-fn-dynamic-census/out/counterfactual/exact-0/program.nir
part: 1


desc: I1 cache: 32768 B, 64 B, 8-way associative
desc: D1 cache: 32768 B, 64 B, 8-way associative
desc: LL cache: 12582912 B, 64 B, 24-way associative

desc: Timerange: Basic block 0 - 15671046
desc: Trigger: Program termination

positions: instr
events: Ir Dr Dw I1mr D1mr D1mw ILmr DLmr DLmw Bc Bcm Bi Bim
summary: 6808550 1401336 1075560 232 8349 934 0 0 11 1048672 38973 77005 6


ob=/tmp/botlish-post-structural-fn-1/target/release/botlish-native
fl=???
fn=__rustc::__rust_alloc_zeroed
0x1a9180 2 0 2
0x1a9181 2
0x1a9184 2 2
0x1a9185 2
cfi=/rustc/48a229ceaefd4985c50990b14116b6d856af0985/library/std/src/alloc.rs
cfn=__rustc::__rdl_alloc_zeroed
calls=1058 0x6d6790 
0x1a9185 729 156 81 9 0 5 0 0 0 136 8 2

fn=__rustc::__rust_alloc
0x1a9150 13637 0 13637
0x1a9151 13637
0x1a9154 13637 13637
0x1a9155 13637
cfi=/rustc/48a229ceaefd4985c50990b14116b6d856af0985/library/std/src/alloc.rs
cfn=__rustc::__rdl_alloc
calls=66387 0x6d65f0 
0x1a9155 1398003 318916 168771 12 8054 15 0 0 10 247291 6192 13637

fn=__rustc::__rust_no_alloc_shim_is_unstable_v2
0x1a9190 13639 0 13639
0x1a9191 13639
0x1a9194 13639 13639
0x1a9195 13639 13639

fn=__rustc::__rust_realloc
0x1a9170 2000 0 2000
0x1a9171 2000
0x1a9174 2000 2000
0x1a9175 2000
cfi=/rustc/48a229ceaefd4985c50990b14116b6d856af0985/library/std/src/alloc.rs
cfn=__rustc::__rdl_realloc
calls=8607 0x6d6660 
0x1a9175 378000 72000 46000 1 224 0 0 0 0 60000 3157 2000

fn=__rustc::__rust_dealloc
0x1a9160 2 0 2
0x1a9161 2
0x1a9164 2 2
0x1a9165 2
cfi=/rustc/48a229ceaefd4985c50990b14116b6d856af0985/library/std/src/sys/alloc/unix.rs
cfn=__rustc::__rdl_dealloc
calls=67444 0x6d6650 
0x1a9165 218 61 27 0 0 0 0 0 0 34 6 2

fl=/rustc/48a229ceaefd4985c50990b14116b6d856af0985/library/alloc/src/raw_vec/mod.rs
fn=<alloc::raw_vec::RawVecInner>::finish_grow
0x1ff0d0 2000 0 2000
0x1ff0d1 2000
0x1ff0d4 2000 0 2000
0x1ff0d6 2000 0 2000
0x1ff0d8 2000 0 2000
0x1ff0da 2000 0 2000
0x1ff0db 2000
0x1ff0de 2000
0x1ff0e1 2000
fi=/rustc/48a229ceaefd4985c50990b14116b6d856af0985/library/core/src/num/uint_macros.rs
0x1ff0e4 2000
0x1ff0e7 2000
0x1ff0ea 2000
0x1ff0ed 2000
0x1ff0f0 2000
0x1ff0fa 2000
0x1ff0fd 2000
0x1ff100 2000
fi=/rustc/48a229ceaefd4985c50990b14116b6d856af0985/library/core/src/intrinsics/mod.rs
0x1ff103 2000
0x1ff105 2000
0x1ff10b 2000 0 0 0 0 0 0 0 0 2000 2
0x1ff117 2000
fe=/rustc/48a229ceaefd4985c50990b14116b6d856af0985/library/alloc/src/raw_vec/mod.rs
0x1ff11a 2000 0 0 0 0 0 0 0 0 2000
fi=/rustc/48a229ceaefd4985c50990b14116b6d856af0985/library/alloc/src/alloc.rs
0x1ff139 2000
0x1ff13c 2000 0 0 0 0 0 0 0 0 2000
0x1ff13e 2000 2000 2000 1 0 0 0 0 0 0 0 2000
cfi=???
cfn=__rustc::__rust_no_alloc_shim_is_unstable_v2
calls=9055 0x1a9190 
0x1ff13e 8000 4000 2000
0x1ff144 2000
0x1ff147 2000
0x1ff14a 2000 2000 2000 0 0 0 0 0 0 0 0 2000
cfi=???
cfn=__rustc::__rust_alloc
calls=9055 0x1a9150 
0x1ff14a 209500 48750 26750 0 2007 0 0 0 0 36250 1299 2000
fe=/rustc/48a229ceaefd4985c50990b14116b6d856af0985/library/alloc/src/raw_vec/mod.rs
0x1ff150 2000
0x1ff153 2000 0 0 0 0 0 0 0 0 2000
0x1ff163 2000 0 2000
0x1ff167 2000
0x1ff16c 2000
0x1ff16f 2000 0 2000
0x1ff173 2000 0 2000
0x1ff176 2000 2000
0x1ff177 2000 2000
0x1ff179 2000 2000
0x1ff17b 2000 2000
0x1ff17d 2000 2000
0x1ff17e 2000 2000

fn=<alloc::raw_vec::RawVecInner<_>>::reserve::do_reserve_and_handle::<alloc::alloc::Global>
0x1fe0c0 2000 0 2000
0x1fe0c1 2000
0x1fe0c4 2000 0 2000
0x1fe0c6 2000 0 2000
0x1fe0c7 2000
0x1fe0cb 2000
0x1fe0ce 2000
0x1fe0d1 2000 0 0 0 0 0 0 0 0 2000
fi=/rustc/48a229ceaefd4985c50990b14116b6d856af0985/library/core/src/num/uint_macros.rs
0x1fe0db 2000
fi=/rustc/48a229ceaefd4985c50990b14116b6d856af0985/library/core/src/intrinsics/mod.rs
0x1fe0de 2000 0 0 0 0 0 0 0 0 2000
0x1fe0e0 2000
fe=/rustc/48a229ceaefd4985c50990b14116b6d856af0985/library/alloc/src/raw_vec/mod.rs
0x1fe0e3 2000 2000
0x1fe0e6 2000
fi=/rustc/48a229ceaefd4985c50990b14116b6d856af0985/library/core/src/cmp.rs
0x1fe0ea 2000
0x1fe0ed 2000
fe=/rustc/48a229ceaefd4985c50990b14116b6d856af0985/library/alloc/src/raw_vec/mod.rs
0x1fe0f1 2000
0x1fe0f3 2000
0x1fe0fa 2000
0x1fe0fd 2000
0x1fe101 2000
0x1fe106 2000
0x1fe10b 2000
fi=/rustc/48a229ceaefd4985c50990b14116b6d856af0985/library/core/src/cmp.rs
0x1fe10f 2000
0x1fe112 2000
0x1fe116 2000
fe=/rustc/48a229ceaefd4985c50990b14116b6d856af0985/library/alloc/src/raw_vec/mod.rs
0x1fe119 2000 2000
0x1fe11d 2000
0x1fe121 2000
0x1fe124 2000 0 2000
cfn=<alloc::raw_vec::RawVecInner>::finish_grow
calls=7436 0x1ff0d0 
0x1fe124 299500 68750 48750 1 2007 0 0 0 0 44250 1301 6000
fi=/rustc/48a229ceaefd4985c50990b14116b6d856af0985/library/core/src/result.rs
0x1fe129 2000 2000
0x1fe12d 2000 0 0 0 0 0 0 0 0 2000
0x1fe12f 2000 2000
fe=/rustc/48a229ceaefd4985c50990b14116b6d856af0985/library/alloc/src/raw_vec/mod.rs
0x1fe133 2000 0 2000
0x1fe137 2000 0 2000
0x1fe13a 2000
0x1fe13e 2000 2000
0x1fe13f 2000 2000 0 1
0x1fe141 2000 2000
0x1fe142 2000 2000

fl=/rustc/48a229ceaefd4985c50990b14116b6d856af0985/library/core/src/ops/function.rs
fn=<std::thread::lifecycle::spawn_unchecked<botlish_native::main::{closure#2}, i32>::{closure#1} as core::ops::function::FnOnce<()>>::call_once::{shim:vtable#0}
fi=/rustc/48a229ceaefd4985c50990b14116b6d856af0985/library/std/src/thread/lifecycle.rs
cfi=/rustc/48a229ceaefd4985c50990b14116b6d856af0985/library/std/src/sys/backtrace.rs
cfn=std::sys::backtrace::__rust_begin_short_backtrace::<botlish_native::main::{closure#2}, i32>
calls=1 0x19cc30 
0x19d329 6808550 1401336 1075560 232 8349 934 0 0 11 1048672 38973 77005 6
fe=/rustc/48a229ceaefd4985c50990b14116b6d856af0985/library/core/src/ops/function.rs

fl=/rustc/48a229ceaefd4985c50990b14116b6d856af0985/library/std/src/alloc.rs
fn=__rustc::__rdl_realloc
0x6d6660 2000 0 2000
0x6d6661 2000
0x6d6664 2000 0 2000
0x6d6666 2000 0 2000
0x6d6668 2000 0 2000
0x6d666a 2000 0 2000
0x6d666b 2000
0x6d666f 2000
fi=/rustc/48a229ceaefd4985c50990b14116b6d856af0985/library/std/src/sys/alloc/unix.rs
0x6d6672 2000
0x6d6676 2000
0x6d6679 2000
0x6d667c 2000
0x6d667f 2000
0x6d6681 2000 0 0 0 0 0 0 0 0 2000 400
0x6d6683 2000
0x6d6686 2000
0x6d668a 2000 2000
0x6d668b 2000 2000
0x6d668d 2000 2000
0x6d668f 2000 2000
0x6d6691 2000 2000
0x6d6692 2000 2000 0 0 0 0 0 0 0 0 0 2000
cob=/usr/lib/x86_64-linux-gnu/libc.so.6
cfi=./malloc/./malloc/malloc.c
cfn=realloc
calls=8607 0xae1a0 
0x6d6692 334000 60000 36000 1 224 0 0 0 0 58000 2757
fe=/rustc/48a229ceaefd4985c50990b14116b6d856af0985/library/std/src/alloc.rs

fn=__rustc::__rdl_alloc_zeroed
0x6d6790 2 0 2 1
0x6d6791 2
0x6d6794 2 0 2 0 0 1
0x6d6796 2 0 2
0x6d6797 2
0x6d679b 2
fi=/rustc/48a229ceaefd4985c50990b14116b6d856af0985/library/std/src/sys/alloc/unix.rs
0x6d679e 2
0x6d67a2 2
0x6d67a5 2
0x6d67a8 2
0x6d67ab 2
0x6d67ad 2 0 0 0 0 0 0 0 0 2
0x6d67af 2
0x6d67b4 2
0x6d67b7 2
0x6d67bb 2 2
0x6d67bc 2 2
0x6d67be 2 2
0x6d67bf 2 2 0 1 0 0 0 0 0 0 0 2
cob=/usr/lib/x86_64-linux-gnu/libc.so.6
cfi=./malloc/./malloc/malloc.c
cfn=calloc
calls=1058 0xae8a0 
0x6d67bf 691 148 75 7 0 4 0 0 0 134 8
fe=/rustc/48a229ceaefd4985c50990b14116b6d856af0985/library/std/src/alloc.rs

fn=__rustc::__rdl_alloc
0x6d65f0 13637
fi=/rustc/48a229ceaefd4985c50990b14116b6d856af0985/library/std/src/sys/alloc/unix.rs
0x6d65f3 13637
0x6d65f7 13637
0x6d65fa 13637
0x6d65fd 13637
0x6d6600 13637
0x6d6602 13637 0 0 0 0 0 0 0 0 13637 3
0x6d6604 13637
0x6d6607 13637 13637 0 0 0 0 0 0 0 0 0 13637
cob=/usr/lib/x86_64-linux-gnu/libc.so.6
cfi=./malloc/./malloc/malloc.c
cfn=malloc
calls=66387 0xad750 
0x6d6607 1275270 305279 168771 12 8054 15 0 0 10 233654 6189
fe=/rustc/48a229ceaefd4985c50990b14116b6d856af0985/library/std/src/alloc.rs

fl=/rustc/48a229ceaefd4985c50990b14116b6d856af0985/library/std/src/sys/alloc/unix.rs
fn=__rustc::__rdl_dealloc
0x6d6650 2 2 0 0 0 0 0 0 0 0 0 2
cob=/usr/lib/x86_64-linux-gnu/libc.so.6
cfi=./malloc/./malloc/malloc.c
cfn=free
calls=67444 0xade30 
0x6d6650 216 59 27 0 0 0 0 0 0 34 6

fl=/tmp/botlish-post-structural-fn-1/native-audit/src/main.rs
fn=botlish_native::cli
cfn=botlish_audit_run
calls=1 0x187f50 
0x184dc4 6808550 1401336 1075560 232 8349 934 0 0 11 1048672 38973 77005 6

fn=botlish_audit_run
0x187f50 1 0 1 1
0x187f51 1
0x187f54 1
0x187f57 1
0x187f5a 1 1
0x187f5b 1 0 0 0 0 0 0 0 0 0 0 1 1
cob=???
cfi=???
cfn=0x0000000008b74000
calls=1 0x8b74000 
0x187f5b 6808544 1401335 1075559 231 8349 934 0 0 11 1048672 38973 77004 5

fl=/tmp/botlish-post-structural-fn-1/native-audit/src/runtime/construct.rs
fn=rt_construct
0x1f1170 6 0 6 1
0x1f1171 6
0x1f1174 6 0 6
0x1f1176 6 0 6
0x1f1178 6 0 6
0x1f117a 6 0 6
0x1f117c 6 0 6
0x1f117d 6 0 0 1
0x1f1184 6
0x1f1187 6 0 6
0x1f118b 6
0x1f118f 6 0 6
0x1f1193 6 0 6
0x1f1197 6 0 6
0x1f119b 6 0 0 0 0 0 0 0 0 6 1
0x1f119d 6 0 6
0x1f11a8 6 0 6 0 0 1
0x1f11b3 6 0 6
0x1f11be 6 0 6
0x1f11c9 6
0x1f11cc 6 0 0 0 0 0 0 0 0 6
0x1f11d2 6
0x1f11d9 6 0 6
0x1f11e0 6
0x1f11e3 6
0x1f11e6 6
0x1f11e8 6
0x1f11eb 6
0x1f11ee 6
0x1f11f0 6
0x1f11f3 6
0x1f17a8 7 0 0 1
0x1f17ac 7
0x1f17b3 7 0 7
0x1f17bb 7 0 7
0x1f17c0 7 0 7 1
0x1f17c9 7 0 7 0 0 1
0x1f17ce 7 0 7
0x1f17d3 7 0 7
0x1f17d8 7 0 7
0x1f17dd 7 0 7
0x1f17e4 7
0x1f17e9 7
0x1f17ec 7
0x1f17ee 7
0x1f17f1 7
0x1f17f4 7
0x1f17f6 7 7
0x1f17fa 7 7
0x1f17fe 7 7
0x1f1802 7
0x1f1805 7
0x1f1808 7 0 0 0 0 0 0 0 0 7 3
0x1f1802 5
0x1f1805 5
0x1f1808 5 0 0 0 0 0 0 0 0 5 3
0x1f180e 12 12 0 1
0x1f1812 12
0x1f1815 12 0 0 0 0 0 0 0 0 12 3
0x1f18d0 12 0 0 1
0x1f18d3 12
0x1f18d7 12
0x1f18da 12 0 0 0 0 0 0 0 0 12 2
0x1f18e0 12 12
0x1f18e4 12
fi=/tmp/botlish-post-structural-fn-1/native-audit/src/runtime/value.rs
0x1f18e6 12
0x1f18e9 12 0 0 0 0 0 0 0 0 12
0x1f18ef 12
0x1f18f2 12
0x1f18f5 12 0 0 0 0 0 0 0 0 12 2
0x1f18fb 12 12 0 0 3
0x1f1900 12 0 0 1
fe=/tmp/botlish-post-structural-fn-1/native-audit/src/runtime/construct.rs
0x1f1903 12 0 0 0 0 0 0 0 0 12 5
0x1f1905 7 7 0 0 1
0x1f1909 7 7
0x1f190d 7 7
0x1f1911 7 7
0x1f1916 7
0x1f1919 7
0x1f191c 7 7
0x1f1923 7
0x1f1927 7
0x1f192a 7
0x1f192c 7 0 0 0 0 0 0 0 0 7
0x1f1960 5 0 0 1
0x1f1963 5 0 0 0 0 0 0 0 0 5 1
0x1f1969 5 5
0x1f196e 5 0 0 0 0 0 0 0 0 5
0x1f1974 5
fi=/rustc/48a229ceaefd4985c50990b14116b6d856af0985/library/alloc/src/vec/mod.rs
0x1f1977 5 5
fe=/tmp/botlish-post-structural-fn-1/native-audit/src/runtime/construct.rs
0x1f197b 5 5
0x1f197f 5 5 0 1
fi=/rustc/48a229ceaefd4985c50990b14116b6d856af0985/library/core/src/num/uint_macros.rs
0x1f1983 5
0x1f1986 5
0x1f1989 5 0 0 0 0 0 0 0 0 5 2
0x1f198f 5
0x1f1992 5 0 0 0 0 0 0 0 0 5
0x1f1998 5 0 5
fi=/rustc/48a229ceaefd4985c50990b14116b6d856af0985/library/core/src/slice/index.rs
0x1f199c 5 5
fe=/tmp/botlish-post-structural-fn-1/native-audit/src/runtime/construct.rs
0x1f19a0 5 5
0x1f19a4 5 5
0x1f19a9 5
0x1f19ac 5
0x1f19af 5 5
0x1f19b6 5
0x1f19ba 5
0x1f19bd 5
0x1f19bf 5 0 0 1 0 0 0 0 0 5
0x1f19c5 5
0x1f19c9 5
0x1f19d0 5 0 5
0x1f19d8 5 0 5
0x1f19e1 5 0 5
0x1f19e6 5 0 5
0x1f19eb 5 0 5
0x1f19f0 5 0 5
0x1f19f5 5 0 5
0x1f19fa 5 0 5 1
0x1f1a01 5
0x1f1a06 5
0x1f1a09 5
0x1f1a0b 5 5
0x1f1a0f 5
0x1f1a12 5 5
0x1f1a16 5
0x1f1a19 5
fi=/rustc/48a229ceaefd4985c50990b14116b6d856af0985/library/alloc/src/alloc.rs
0x1f24bf 6 0 0 1
0x1f24c6 6
fe=/tmp/botlish-post-structural-fn-1/native-audit/src/runtime/construct.rs
0x1f24cd 6
0x1f24d2 6 6 6 0 0 2 0 0 0 0 0 6
cob=/usr/lib/x86_64-linux-gnu/libc.so.6
cfi=./string/../sysdeps/x86_64/multiarch/memmove-vec-unaligned-erms.S
cfn=__memcpy_avx_unaligned_erms
calls=12 0x188d80 
0x1f24d2 534 144 126 1 1 10 0 0 0 66 6
0x1f24d8 6 6
fi=/rustc/48a229ceaefd4985c50990b14116b6d856af0985/library/alloc/src/vec/mod.rs
0x1f24df 6 6
0x1f24e6 6
0x1f24e9 6
fe=/tmp/botlish-post-structural-fn-1/native-audit/src/runtime/construct.rs
0x1f24ec 6
0x1f24ef 6 0 0 0 0 0 0 0 0 6
0x1f24f1 6
0x1f24f8 6 6
fi=/rustc/48a229ceaefd4985c50990b14116b6d856af0985/library/core/src/ptr/mut_ptr.rs
0x1f24ff 6 0 0 1
0x1f2502 6
fi=/rustc/48a229ceaefd4985c50990b14116b6d856af0985/library/core/src/ptr/non_null.rs
0x1f2506 6
0x1f2509 6 0 6
0x1f250d 6 0 6
fi=/rustc/48a229ceaefd4985c50990b14116b6d856af0985/library/core/src/slice/iter/macros.rs
0x1f2511 6 0 0 0 0 0 0 0 0 6
fe=/tmp/botlish-post-structural-fn-1/native-audit/src/runtime/construct.rs
0x1f2517 6
0x1f251b 6 0 6
0x1f251f 6 0 0 0 0 0 0 0 0 6 1
0x1f2525 5
0x1f2528 5
0x1f252c 5
0x1f252f 5
0x1f2539 5
0x1f253c 5
0x1f253f 5
0x1f2542 5
0x1f2545 5
0x1f2548 5
0x1f254a 5
0x1f254c 5
0x1f2550 3
fi=/rustc/48a229ceaefd4985c50990b14116b6d856af0985/library/core/src/option.rs
0x1f2554 3 3
fe=/tmp/botlish-post-structural-fn-1/native-audit/src/runtime/construct.rs
0x1f2558 3
0x1f255b 3
0x1f255f 3 3
0x1f2563 3 3
0x1f2567 3 3
0x1f256c 3
0x1f2573 3 3
0x1f2577 3 3
0x1f257b 3 3
0x1f257f 3
0x1f2583 3
0x1f2586 3
fi=/rustc/48a229ceaefd4985c50990b14116b6d856af0985/library/core/src/slice/iter/macros.rs
0x1f2589 3
0x1f258c 3 0 0 0 0 0 0 0 0 3 2
fe=/tmp/botlish-post-structural-fn-1/native-audit/src/runtime/construct.rs
0x1f255f 2 2
0x1f2563 2 2
0x1f2567 2 2
0x1f256c 2
0x1f2573 2 2
0x1f2577 2 2
0x1f257b 2 2
0x1f257f 2
0x1f2583 2
0x1f2586 2
fi=/rustc/48a229ceaefd4985c50990b14116b6d856af0985/library/core/src/slice/iter/macros.rs
0x1f2589 2
0x1f258c 2 0 0 0 0 0 0 0 0 2 2
fi=/rustc/48a229ceaefd4985c50990b14116b6d856af0985/library/core/src/macros/mod.rs
0x1f258e 5
fe=/tmp/botlish-post-structural-fn-1/native-audit/src/runtime/construct.rs
0x1f2592 5 0 0 0 0 0 0 0 0 5
0x1f25b0 5 5
0x1f25b5 5
0x1f25b9 5
0x1f25bd 5 0 0 1
0x1f25c2 5
0x1f25c5 5 0 0 0 0 0 0 0 0 5 3
0x1f25c7 3
0x1f25e2 5
0x1f25e6 5 5
0x1f25ea 5 0 0 0 0 0 0 0 0 5 2
0x1f25f0 4
0x1f2633 1 1 0 1
0x1f2637 1 0 1
0x1f263e 1 1 0 1
0x1f2645 1 0 1
0x1f264c 1 1
0x1f2653 1 0 1
0x1f265a 1
0x1f265d 1
0x1f2664 1 1
0x1f2668 1
0x1f266b 1 1 1 0 0 0 0 0 0 0 0 1
cfi=/tmp/botlish-post-structural-fn-1/native-audit/src/runtime/vm.rs
cfn=<botlish_native::runtime::vm::Vm>::new_str_known
calls=2 0x2008a0 
0x1f266b 156 47 42 0 0 0 0 0 0 15 2 3
0x1f2671 1 0 1
fi=/rustc/48a229ceaefd4985c50990b14116b6d856af0985/library/core/src/ptr/non_null.rs
0x1f2675 1
0x1f2678 1 1
0x1f267c 1 1
fi=/rustc/48a229ceaefd4985c50990b14116b6d856af0985/library/core/src/slice/iter/macros.rs
0x1f2680 1 0 0 1 0 0 0 0 0 1 1
0x1f2686 1
0x1f2688 1 1
0x1f268f 1
fe=/tmp/botlish-post-structural-fn-1/native-audit/src/runtime/construct.rs
0x1f26a0 1 0 1
0x1f26a8 1 0 1
0x1f26b0 1
0x1f26b4 1 0 1
0x1f26ba 1 0 1
0x1f26c2 1 1
0x1f26c6 1 0 1
fi=/rustc/48a229ceaefd4985c50990b14116b6d856af0985/library/core/src/ptr/non_null.rs
0x1f26cd 1
0x1f26d1 1
fi=/rustc/48a229ceaefd4985c50990b14116b6d856af0985/library/core/src/slice/iter/macros.rs
0x1f26d4 1 0 0 0 0 0 0 0 0 1
fe=/tmp/botlish-post-structural-fn-1/native-audit/src/runtime/construct.rs
0x1f26da 1 1
0x1f26df 1 0 0 0 0 0 0 0 0 1
0x1f26e1 1 1
0x1f26e6 1 0 1
fi=/rustc/48a229ceaefd4985c50990b14116b6d856af0985/library/alloc/src/raw_vec/mod.rs
0x1f26eb 1 1
0x1f26ef 1
0x1f26f2 1 0 0 0 0 0 0 0 0 1 1
0x1f26f4 1 1
fi=/rustc/48a229ceaefd4985c50990b14116b6d856af0985/library/alloc/src/alloc.rs
0x1f26f8 1
0x1f26fd 1 0 1 0 0 0 0 0 0 0 0 1
cfi=???
cfn=__rustc::__rust_dealloc
calls=2 0x1a9160 
0x1f26fd 98 29 15 0 0 0 0 0 0 12 3 1
0x1f2700 1 1
0x1f2704 1
fi=/rustc/48a229ceaefd4985c50990b14116b6d856af0985/library/alloc/src/raw_vec/mod.rs
0x1f297d 1 0 0 1
0x1f2980 1
0x1f2983 1
0x1f2986 1
0x1f2988 1
0x1f298b 1
fe=/tmp/botlish-post-structural-fn-1/native-audit/src/runtime/construct.rs
0x1f298d 1 1
0x1f2991 1 1
0x1f2995 1 1
0x1f2999 1
0x1f299c 1
0x1f29a1 1 0 0 0 0 0 0 0 0 1 1
0x1f298d 1 1
0x1f2991 1 1
0x1f2995 1 1
0x1f2999 1
0x1f299c 1
0x1f29a1 1 0 0 0 0 0 0 0 0 1
fi=/rustc/48a229ceaefd4985c50990b14116b6d856af0985/library/core/src/option.rs
0x1f29a3 2 2
fe=/tmp/botlish-post-structural-fn-1/native-audit/src/runtime/construct.rs
0x1f29a7 2
0x1f29aa 2
0x1f29ae 2
0x1f29b1 2
0x1f29b5 2 0 0 0 0 0 0 0 0 2
0x1f29ae 4 0 0 1
0x1f29b1 4
0x1f29b5 4 0 0 0 0 0 0 0 0 4
0x1f2a64 6 6 0 1
0x1f2a68 6 0 6
0x1f2a6f 6 6
0x1f2a73 6 0 0 0 0 0 0 0 0 6 1
0x1f2a79 1
0x1f2a7d 1 0 0 1 0 0 0 0 0 1
0x1f2a83 1 1
0x1f2a87 1 0 0 0 0 0 0 0 0 1
fi=/rustc/48a229ceaefd4985c50990b14116b6d856af0985/library/alloc/src/raw_vec/mod.rs
0x1f2af5 1 1 0 1
fi=/tmp/botlish-post-structural-fn-1/native-audit/src/runtime/metrics.rs
0x1f2af9 1 1
0x1f2b00 1 0 0 0 0 0 0 0 0 1 1
fe=/tmp/botlish-post-structural-fn-1/native-audit/src/runtime/construct.rs
0x1f2b09 1 0 1
0x1f2b10 1 0 1
0x1f2b17 1
0x1f2b1c 5
0x1f2b1e 5 0 0 0 0 0 0 0 0 5
0x1f2b20 3
0x1f2b23 3 0 0 0 0 0 0 0 0 3
0x1f2b29 3
0x1f2b2c 3
fi=/rustc/48a229ceaefd4985c50990b14116b6d856af0985/library/core/src/option.rs
0x1f2b30 3 3
0x1f2b36 3 0 0 0 0 0 0 0 0 3
fi=/rustc/48a229ceaefd4985c50990b14116b6d856af0985/library/core/src/ptr/non_null.rs
0x1f2b3c 3
fi=/rustc/48a229ceaefd4985c50990b14116b6d856af0985/library/core/src/slice/iter/macros.rs
0x1f2b3f 3 0 0 0 0 0 0 0 0 3 2
0x1f2b45 1
0x1f2b47 1
0x1f2b4a 1
0x1f2b4e 1 0 0 0 0 0 0 0 0 1
0x1f2b54 1
0x1f2b56 1
0x1f2b59 1
fe=/tmp/botlish-post-structural-fn-1/native-audit/src/runtime/construct.rs
0x1f2b5e 2
fi=/rustc/48a229ceaefd4985c50990b14116b6d856af0985/library/core/src/cmp.rs
0x1f2b66 2
0x1f2b6a 2
0x1f2b6f 2
0x1f2b73 2
0x1f2b76 2 0 0 0 0 0 0 0 0 2
0x1f2b7c 2 0 2
0x1f2b80 2 2 2 0 0 0 0 0 0 0 0 2
cfi=???
cfn=__rustc::__rust_no_alloc_shim_is_unstable_v2
calls=4 0x1a9190 
0x1f2b80 8 4 2
fi=/rustc/48a229ceaefd4985c50990b14116b6d856af0985/library/alloc/src/alloc.rs
0x1f2b86 2
0x1f2b8b 2 0 2
0x1f2b8f 2
0x1f2b92 2 2 2 0 1 0 0 0 0 0 0 2
cfi=???
cfn=__rustc::__rust_alloc_zeroed
calls=4 0x1a9180 
0x1f2b92 737 158 83 9 0 5 0 0 0 136 8 2
0x1f2b98 2 0 2
fi=/rustc/48a229ceaefd4985c50990b14116b6d856af0985/library/alloc/src/raw_vec/mod.rs
0x1f2b9c 2
0x1f2b9f 2 0 0 0 0 0 0 0 0 2
0x1f2ba5 2 0 2
fi=/rustc/48a229ceaefd4985c50990b14116b6d856af0985/library/core/src/ptr/non_null.rs
0x1f2ba9 2
0x1f2bac 2 2
fi=/rustc/48a229ceaefd4985c50990b14116b6d856af0985/library/core/src/slice/iter/macros.rs
0x1f2bb0 2 0 0 0 0 0 0 0 0 2
0x1f2bb2 2
0x1f2bb7 2
0x1f2bb9 2
fe=/tmp/botlish-post-structural-fn-1/native-audit/src/runtime/construct.rs
0x1f2bc0 2 2
0x1f2bc5 2
0x1f2bc8 2
fi=/rustc/48a229ceaefd4985c50990b14116b6d856af0985/library/core/src/num/uint_macros.rs
0x1f2bcb 2 0 0 0 0 0 0 0 0 2
fe=/tmp/botlish-post-structural-fn-1/native-audit/src/runtime/construct.rs
0x1f2bc0 2 2
0x1f2bc5 2
0x1f2bc8 2
fi=/rustc/48a229ceaefd4985c50990b14116b6d856af0985/library/core/src/num/uint_macros.rs
0x1f2bcb 2 0 0 0 0 0 0 0 0 2
0x1f2bd1 4 4
0x1f2bd5 4 0 0 0 0 0 0 0 0 4 1
fi=/rustc/48a229ceaefd4985c50990b14116b6d856af0985/library/core/src/slice/index.rs
0x1f2bdb 4 4
fe=/tmp/botlish-post-structural-fn-1/native-audit/src/runtime/construct.rs
0x1f2bdf 4 4
fi=/rustc/48a229ceaefd4985c50990b14116b6d856af0985/library/core/src/ptr/mod.rs
0x1f2be4 4 4 4 0 0 0 0 0 0 0 0 4
cob=/usr/lib/x86_64-linux-gnu/libc.so.6
cfi=./string/../sysdeps/x86_64/multiarch/memmove-vec-unaligned-erms.S
cfn=__memcpy_avx_unaligned_erms
calls=8 0x188d80 
0x1f2be4 61 7 3 0 2 0 0 0 0 23 3
fi=/rustc/48a229ceaefd4985c50990b14116b6d856af0985/library/core/src/ptr/non_null.rs
0x1f2bea 4
0x1f2bee 4
0x1f2bf1 4 4
fi=/rustc/48a229ceaefd4985c50990b14116b6d856af0985/library/core/src/slice/iter/macros.rs
0x1f2bf5 4 0 0 0 0 0 0 0 0 4 1
fi=/tmp/botlish-post-structural-fn-1/native-audit/src/runtime/value.rs
0x1f2bf7 2 0 2
0x1f2bfe 2 0 2
0x1f2c08 2 2
fe=/tmp/botlish-post-structural-fn-1/native-audit/src/runtime/construct.rs
0x1f2c0c 2 0 2
0x1f2c13 2 2
0x1f2c17 2 0 2
0x1f2c1e 2 0 2
0x1f2c25 2
0x1f2c2a 2 0 2
0x1f2c33 2 0 2
0x1f2c3a 2 0 2
0x1f2c45 2 0 2
0x1f2c4c 2 0 2
0x1f2c53 2 2
0x1f2c57 2 0 2
0x1f2c5d 2 0 2
0x1f2c64 2
0x1f2c6b 2 2
0x1f2c6f 2
0x1f2c72 2 0 2
cfi=/tmp/botlish-post-structural-fn-1/native-audit/src/runtime/vm.rs
cfn=<botlish_native::runtime::vm::Vm>::alloc::<botlish_native::runtime::construct::StrPlanObj>
calls=4 0x1ff8d0 
0x1f2c72 234 76 52 5 2 2 0 0 0 26 1 6
0x1f2c77 2 0 2
0x1f2c7b 2 2
0x1f2c7f 2 0 2 0 0 1
0x1f2c86 2 0 2
0x1f2c8e 2 2
0x1f2c92 2 2
fi=/rustc/48a229ceaefd4985c50990b14116b6d856af0985/library/core/src/ptr/non_null.rs
0x1f2c96 2
fi=/rustc/48a229ceaefd4985c50990b14116b6d856af0985/library/core/src/slice/iter/macros.rs
0x1f2c99 2 0 0 0 0 0 0 0 0 2
fi=/tmp/botlish-post-structural-fn-1/native-audit/src/runtime/vm.rs
0x1f2e25 1 0 0 1
fi=/rustc/48a229ceaefd4985c50990b14116b6d856af0985/library/core/src/intrinsics/mod.rs
0x1f2e28 1 0 0 0 0 0 0 0 0 1
fi=/tmp/botlish-post-structural-fn-1/native-audit/src/lib.rs
0x1f3142 2 0 0 1
fi=/rustc/48a229ceaefd4985c50990b14116b6d856af0985/library/core/src/slice/iter/macros.rs
0x1f3145 2
0x1f31b7 1 0 0 1
0x1f31bb 1
0x1f31be 1 0 0 1
0x1f31c2 1
0x1f31c5 1
0x1f31c7 1
fi=/rustc/48a229ceaefd4985c50990b14116b6d856af0985/library/core/src/iter/traits/accum.rs
0x1f31d0 1 1
fi=/rustc/48a229ceaefd4985c50990b14116b6d856af0985/library/core/src/slice/iter/macros.rs
0x1f31d4 1
0x1f31d8 1
0x1f31db 1 0 0 0 0 0 0 0 0 1
fi=/rustc/48a229ceaefd4985c50990b14116b6d856af0985/library/core/src/iter/traits/accum.rs
0x1f31d0 1 1
fi=/rustc/48a229ceaefd4985c50990b14116b6d856af0985/library/core/src/slice/iter/macros.rs
0x1f31d4 1
0x1f31d8 1
0x1f31db 1 0 0 0 0 0 0 0 0 1
0x1f31dd 3 0 3
fe=/tmp/botlish-post-structural-fn-1/native-audit/src/runtime/construct.rs
0x1f31e4 3
fi=/rustc/48a229ceaefd4985c50990b14116b6d856af0985/library/core/src/ptr/non_null.rs
0x1f31e8 3
0x1f31eb 3 0 3
0x1f31f2 3
fi=/rustc/48a229ceaefd4985c50990b14116b6d856af0985/library/core/src/slice/iter/macros.rs
0x1f31f5 3 0 0 0 0 0 0 0 0 3
0x1f31f7 1
0x1f31fa 1
0x1f31ff 2 0 0 1
0x1f3202 2
0x1f3205 2
0x1f3209 2
0x1f320b 2
0x1f320e 2
0x1f3212 2 0 0 0 0 0 0 0 0 2
0x1f3214 2
0x1f3216 2
0x1f3219 2
0x1f3256 2
0x1f325a 2
0x1f325d 2
0x1f3260 2
0x1f3264 2
0x1f3267 2
0x1f3269 2
fi=/rustc/48a229ceaefd4985c50990b14116b6d856af0985/library/core/src/iter/traits/accum.rs
0x1f3270 2 2
fi=/rustc/48a229ceaefd4985c50990b14116b6d856af0985/library/core/src/slice/iter/macros.rs
0x1f3274 2
0x1f3278 2
0x1f327b 2 0 0 0 0 0 0 0 0 2
0x1f327d 3 3 0 1
0x1f3282 3 3
fe=/tmp/botlish-post-structural-fn-1/native-audit/src/runtime/construct.rs
0x1f3289 3
0x1f328c 3 0 3
0x1f3290 3 0 3
0x1f3294 3 0 3
0x1f3298 3 0 0 0 0 0 0 0 0 3
0x1f329e 1 1
0x1f32a2 1
0x1f32a5 1 0 0 0 0 0 0 0 0 1 1
0x1f33c1 2 0 2
0x1f33c9 2
0x1f33ce 1 0 1 1
0x1f33d6 1
0x1f33d9 1 1
0x1f33e0 1 0 1
fi=/rustc/48a229ceaefd4985c50990b14116b6d856af0985/library/core/src/ptr/non_null.rs
0x1f33e4 1
fi=/rustc/48a229ceaefd4985c50990b14116b6d856af0985/library/core/src/slice/iter/macros.rs
0x1f33e7 1 0 0 0 0 0 0 0 0 1
0x1f33e9 1 0 1
0x1f33ed 1
0x1f33ef 1 1
0x1f33f3 1
fe=/tmp/botlish-post-structural-fn-1/native-audit/src/runtime/construct.rs
0x1f3400 1 1 0 1
0x1f3405 1
fi=/rustc/48a229ceaefd4985c50990b14116b6d856af0985/library/alloc/src/vec/mod.rs
0x1f3408 1 1
fe=/tmp/botlish-post-structural-fn-1/native-audit/src/runtime/construct.rs
0x1f340c 1
fi=/rustc/48a229ceaefd4985c50990b14116b6d856af0985/library/core/src/num/uint_macros.rs
0x1f340f 1 0 0 0 0 0 0 0 0 1
fe=/tmp/botlish-post-structural-fn-1/native-audit/src/runtime/construct.rs
0x1f3400 1 1
0x1f3405 1
fi=/rustc/48a229ceaefd4985c50990b14116b6d856af0985/library/alloc/src/vec/mod.rs
0x1f3408 1 1
fe=/tmp/botlish-post-structural-fn-1/native-audit/src/runtime/construct.rs
0x1f340c 1
fi=/rustc/48a229ceaefd4985c50990b14116b6d856af0985/library/core/src/num/uint_macros.rs
0x1f340f 1 0 0 0 0 0 0 0 0 1
0x1f3415 2
0x1f3418 2 0 0 0 0 0 0 0 0 2 1
0x1f341e 2 2
0x1f3422 2 2
fi=/rustc/48a229ceaefd4985c50990b14116b6d856af0985/library/core/src/slice/index.rs
0x1f3426 2
fe=/tmp/botlish-post-structural-fn-1/native-audit/src/runtime/construct.rs
0x1f3429 2 2
fi=/rustc/48a229ceaefd4985c50990b14116b6d856af0985/library/core/src/ptr/mod.rs
0x1f342e 2
0x1f3431 2 2 2 0 0 0 0 0 0 0 0 2
cob=/usr/lib/x86_64-linux-gnu/libc.so.6
cfi=./string/../sysdeps/x86_64/multiarch/memmove-vec-unaligned-erms.S
cfn=__memcpy_avx_unaligned_erms
calls=4 0x188d80 
0x1f3431 29 3 1 0 0 0 0 0 0 11 1
0x1f3437 2 2
0x1f343b 2 2
fe=/tmp/botlish-post-structural-fn-1/native-audit/src/runtime/construct.rs
0x1f343f 2 2 0 1
fi=/rustc/48a229ceaefd4985c50990b14116b6d856af0985/library/core/src/ptr/non_null.rs
0x1f3444 2
0x1f3448 2
fi=/rustc/48a229ceaefd4985c50990b14116b6d856af0985/library/core/src/slice/iter/macros.rs
0x1f344b 2 0 0 0 0 0 0 0 0 2 1
0x1f344d 1 1
0x1f3452 1 1
0x1f3456 1
fe=/tmp/botlish-post-structural-fn-1/native-audit/src/runtime/construct.rs
0x1f345d 3
0x1f3460 3 0 0 0 0 0 0 0 0 3
0x1f3466 2 2
fi=/rustc/48a229ceaefd4985c50990b14116b6d856af0985/library/alloc/src/vec/mod.rs
0x1f346a 2 2
fe=/tmp/botlish-post-structural-fn-1/native-audit/src/runtime/construct.rs
0x1f346e 2 2
0x1f3472 2
0x1f3476 2
0x1f3479 2 0 0 0 0 0 0 0 0 2
0x1f3595 2
0x1f3597 2 2
0x1f359e 2
0x1f35a2 2 0 2
fi=/rustc/48a229ceaefd4985c50990b14116b6d856af0985/library/core/src/ptr/non_null.rs
0x1f35a6 2 2
fi=/rustc/48a229ceaefd4985c50990b14116b6d856af0985/library/core/src/slice/iter/macros.rs
0x1f35aa 2 0 0 0 0 0 0 0 0 2
0x1f35b3 2 0 2
0x1f35b7 2 2
fe=/tmp/botlish-post-structural-fn-1/native-audit/src/runtime/construct.rs
0x1f35bb 2 2
0x1f35c0 2 0 0 1
fi=/rustc/48a229ceaefd4985c50990b14116b6d856af0985/library/alloc/src/vec/mod.rs
0x1f35c3 2 2
fe=/tmp/botlish-post-structural-fn-1/native-audit/src/runtime/construct.rs
0x1f35c7 2
fi=/rustc/48a229ceaefd4985c50990b14116b6d856af0985/library/core/src/num/uint_macros.rs
0x1f35ca 2 0 0 0 0 0 0 0 0 2
0x1f35d0 2
0x1f35d3 2 0 0 0 0 0 0 0 0 2
0x1f35d9 2 2
fi=/rustc/48a229ceaefd4985c50990b14116b6d856af0985/library/core/src/slice/index.rs
0x1f35dd 2 2
fe=/tmp/botlish-post-structural-fn-1/native-audit/src/runtime/construct.rs
0x1f35e1 2 2
0x1f35e6 2
fi=/rustc/48a229ceaefd4985c50990b14116b6d856af0985/library/core/src/ptr/mod.rs
0x1f35e9 2
0x1f35ec 2
0x1f35ef 2 2 2 0 0 0 0 0 0 0 0 2
cob=/usr/lib/x86_64-linux-gnu/libc.so.6
cfi=./string/../sysdeps/x86_64/multiarch/memmove-vec-unaligned-erms.S
cfn=__memcpy_avx_unaligned_erms
calls=4 0x188d80 
0x1f35ef 34 5 3 0 0 0 0 0 0 12 1
0x1f35f5 2
0x1f35f8 2 2
fe=/tmp/botlish-post-structural-fn-1/native-audit/src/runtime/construct.rs
0x1f35fc 2 2
0x1f3600 2 2
0x1f3605 2 0 2
fi=/rustc/48a229ceaefd4985c50990b14116b6d856af0985/library/core/src/ptr/non_null.rs
0x1f3609 2
0x1f360d 2 2
fi=/rustc/48a229ceaefd4985c50990b14116b6d856af0985/library/core/src/slice/iter/macros.rs
0x1f3611 2 0 0 0 0 0 0 0 0 2
0x1f3613 2 2
0x1f3618 2 2
0x1f361c 2 2
fe=/tmp/botlish-post-structural-fn-1/native-audit/src/runtime/construct.rs
0x1f3620 2 0 2
0x1f3624 2 0 2
0x1f3628 2 2
0x1f362d 2 2
0x1f3631 2 0 0 0 0 0 0 0 0 2 1
fi=/rustc/48a229ceaefd4985c50990b14116b6d856af0985/library/core/src/slice/iter/macros.rs
0x1f361c 1 1 0 1
fe=/tmp/botlish-post-structural-fn-1/native-audit/src/runtime/construct.rs
0x1f3620 1 0 1
0x1f3624 1 0 1
0x1f3628 1 1
0x1f362d 1 1
0x1f3631 1 0 0 0 0 0 0 0 0 1 1
0x1f3645 3 0 3
0x1f364c 3 3
0x1f3653 3 3
fi=/rustc/48a229ceaefd4985c50990b14116b6d856af0985/library/core/src/ptr/non_null.rs
0x1f3657 3
fi=/rustc/48a229ceaefd4985c50990b14116b6d856af0985/library/core/src/slice/iter/macros.rs
0x1f365a 3 0 0 0 0 0 0 0 0 3
0x1f365c 5 0 0 1
0x1f365e 5 5
0x1f3665 5
fe=/tmp/botlish-post-structural-fn-1/native-audit/src/runtime/construct.rs
0x1f3670 1 0 1
0x1f3678 1 0 1
0x1f3680 1
0x1f3684 1 0 1
0x1f368a 1 0 1
0x1f3692 1 1
0x1f3696 1 0 1
fi=/rustc/48a229ceaefd4985c50990b14116b6d856af0985/library/core/src/ptr/non_null.rs
0x1f369d 1
0x1f36a1 1
fi=/rustc/48a229ceaefd4985c50990b14116b6d856af0985/library/core/src/slice/iter/macros.rs
0x1f36a4 1 0 0 0 0 0 0 0 0 1 1
fi=/rustc/48a229ceaefd4985c50990b14116b6d856af0985/library/core/src/ptr/non_null.rs
0x1f369d 10
0x1f36a1 10
fi=/rustc/48a229ceaefd4985c50990b14116b6d856af0985/library/core/src/slice/iter/macros.rs
0x1f36a4 10 0 0 0 0 0 0 0 0 10 4
fe=/tmp/botlish-post-structural-fn-1/native-audit/src/runtime/construct.rs
0x1f36a6 11 11 0 1
0x1f36ac 11 0 0 0 0 0 0 0 0 11 5
0x1f36ae 4 4
0x1f36b3 4 4
0x1f36b7 4 0 0 0 0 0 0 0 0 4 3
0x1f36b9 1 0 1
fi=/rustc/48a229ceaefd4985c50990b14116b6d856af0985/library/alloc/src/raw_vec/mod.rs
0x1f36be 1 1
0x1f36c2 1
0x1f36c5 1 0 0 0 0 0 0 0 0 1 1
0x1f36c7 1 1
fi=/rustc/48a229ceaefd4985c50990b14116b6d856af0985/library/alloc/src/alloc.rs
0x1f36cb 1
0x1f36d0 1 0 1 0 0 0 0 0 0 0 0 1
cfi=???
cfn=__rustc::__rust_dealloc
calls=2 0x1a9160 
0x1f36d0 128 34 14 0 0 0 0 0 0 22 3 1
0x1f36d3 1 1
0x1f36d7 1
0x1f36d9 5 5
fi=/tmp/botlish-post-structural-fn-1/native-audit/src/runtime/metrics.rs
0x1f36dd 5 5
0x1f36e4 5 5
0x1f36e8 5 0 0 0 0 0 0 0 0 5 2
fe=/tmp/botlish-post-structural-fn-1/native-audit/src/runtime/construct.rs
0x1f36f5 5 0 5
0x1f36fc 5 0 5
0x1f3703 5 5
fi=/rustc/48a229ceaefd4985c50990b14116b6d856af0985/library/alloc/src/raw_vec/mod.rs
0x1f3707 5 5
0x1f370e 5
0x1f3711 5 0 0 0 0 0 0 0 0 5 1
fe=/tmp/botlish-post-structural-fn-1/native-audit/src/runtime/construct.rs
0x1f3703 1 1
fi=/rustc/48a229ceaefd4985c50990b14116b6d856af0985/library/alloc/src/raw_vec/mod.rs
0x1f3707 1 1
0x1f370e 1
0x1f3711 1 0 0 0 0 0 0 0 0 1
fe=/tmp/botlish-post-structural-fn-1/native-audit/src/runtime/construct.rs
0x1f383e 6 0 0 1
0x1f3841 6
0x1f3848 6 6
0x1f3849 6 6
0x1f384b 6 6
0x1f384d 6 6
0x1f384f 6 6
0x1f3851 6 6
0x1f3852 6 6
0x1f3b76 1 0 1
0x1f3b7a 1 0 1
fi=/rustc/48a229ceaefd4985c50990b14116b6d856af0985/library/alloc/src/raw_vec/mod.rs
0x1f3b7e 1 0 0 0 0 0 0 0 0 1
0x1f3b80 1 1 1 0 0 0 0 0 0 0 0 1
cfi=???
cfn=__rustc::__rust_no_alloc_shim_is_unstable_v2
calls=2 0x1a9190 
0x1f3b80 4 2 1
fi=/rustc/48a229ceaefd4985c50990b14116b6d856af0985/library/alloc/src/alloc.rs
0x1f3b86 1
0x1f3b8b 1
0x1f3b8e 1 1 1 0 0 0 0 0 0 0 0 1
cfi=???
cfn=__rustc::__rust_alloc
calls=2 0x1a9150 
0x1f3b8e 55 14 8 0 0 0 0 0 0 8 0 1
0x1f3b94 1 0 1
fi=/rustc/48a229ceaefd4985c50990b14116b6d856af0985/library/alloc/src/raw_vec/mod.rs
0x1f3b98 1
0x1f3b9b 1 0 0 0 0 0 0 0 0 1 1
fi=/rustc/48a229ceaefd4985c50990b14116b6d856af0985/library/alloc/src/vec/mod.rs
0x1f3bb0 1 0 1
0x1f3bb7 1 1
0x1f3bbb 1 0 1
0x1f3bc2 1 0 1
0x1f3bca 1
0x1f3bcd 1
0x1f3bcf 1
0x1f3bfd 1 1
fi=/rustc/48a229ceaefd4985c50990b14116b6d856af0985/library/core/src/ptr/mut_ptr.rs
0x1f3c01 1
0x1f3c05 1 1
fi=/rustc/48a229ceaefd4985c50990b14116b6d856af0985/library/core/src/ptr/mod.rs
0x1f3c09 1
0x1f3c0c 1 1 1 0 0 0 0 0 0 0 0 1
cob=/usr/lib/x86_64-linux-gnu/libc.so.6
cfi=./string/../sysdeps/x86_64/multiarch/memmove-vec-unaligned-erms.S
cfn=__memcpy_avx_unaligned_erms
calls=2 0x188d80 
0x1f3c0c 15 3 2 0 0 0 0 0 0 4 1
fi=/rustc/48a229ceaefd4985c50990b14116b6d856af0985/library/alloc/src/vec/mod.rs
0x1f3c12 1
0x1f3c15 1 0 1
fi=/rustc/48a229ceaefd4985c50990b14116b6d856af0985/library/core/src/ptr/non_null.rs
0x1f3c19 1
0x1f3c1d 1 1
fi=/rustc/48a229ceaefd4985c50990b14116b6d856af0985/library/core/src/slice/iter/macros.rs
0x1f3c21 1 0 0 0 0 0 0 0 0 1 1
0x1f3c23 1 1
fe=/tmp/botlish-post-structural-fn-1/native-audit/src/runtime/construct.rs
0x1f3c27 1 1
0x1f3c2c 1 0 1
0x1f3c30 1 1
fi=/rustc/48a229ceaefd4985c50990b14116b6d856af0985/library/alloc/src/raw_vec/mod.rs
0x1f3c35 1 1
fi=/rustc/48a229ceaefd4985c50990b14116b6d856af0985/library/core/src/num/uint_macros.rs
0x1f3c3c 1
0x1f3c3f 1
fi=/rustc/48a229ceaefd4985c50990b14116b6d856af0985/library/alloc/src/raw_vec/mod.rs
0x1f3c42 1
0x1f3c45 1 0 0 0 0 0 0 0 0 1 1
fi=/rustc/48a229ceaefd4985c50990b14116b6d856af0985/library/alloc/src/vec/mod.rs
0x1f3c47 1
0x1f3c4a 1 0 0 0 0 0 0 0 0 1
0x1f3c4e 1 1
0x1f3c52 1 1
fi=/rustc/48a229ceaefd4985c50990b14116b6d856af0985/library/core/src/slice/iter/macros.rs
0x1f3c56 1
fe=/tmp/botlish-post-structural-fn-1/native-audit/src/runtime/construct.rs

fl=/rustc/48a229ceaefd4985c50990b14116b6d856af0985/library/alloc/src/string.rs
fn=<alloc::string::String as core::iter::traits::collect::FromIterator<char>>::from_iter::<core::iter::adapters::take::Take<core::str::iter::Chars>>
0x206de0 2000 0 2000 1
0x206de1 2000
0x206de4 2000 0 2000
0x206de6 2000 0 2000
0x206de8 2000 0 2000
0x206dea 2000 0 2000
0x206dec 2000 0 2000
0x206ded 2000
0x206df1 2000 0 2000
0x206df5 2000 0 2000
0x206dfd 2000 0 2000 1
0x206e05 2000 0 2000
fi=/rustc/48a229ceaefd4985c50990b14116b6d856af0985/library/core/src/iter/traits/collect.rs
0x206e0d 2000 2000
fi=/rustc/48a229ceaefd4985c50990b14116b6d856af0985/library/core/src/iter/adapters/take.rs
0x206e11 2000
0x206e14 2000 0 0 0 0 0 0 0 0 2000
fi=/rustc/48a229ceaefd4985c50990b14116b6d856af0985/library/core/src/iter/traits/collect.rs
0x206e1a 2000 2000
0x206e1e 2000 2000
fi=/rustc/48a229ceaefd4985c50990b14116b6d856af0985/library/alloc/src/raw_vec/mod.rs
0x206e21 2000
0x206e24 2000
0x206e27 2000 0 0 0 0 0 0 0 0 2000
fi=/rustc/48a229ceaefd4985c50990b14116b6d856af0985/library/core/src/num/uint_macros.rs
0x206e29 2000
0x206e2c 2000
0x206e30 2000
0x206e33 2000
0x206e37 2000
fi=/rustc/48a229ceaefd4985c50990b14116b6d856af0985/library/core/src/cmp.rs
0x206e3b 2000
0x206e3e 2000 0 0 1
0x206e42 2000
fi=/rustc/48a229ceaefd4985c50990b14116b6d856af0985/library/alloc/src/raw_vec/mod.rs
0x206e46 2000
0x206e4b 2000
0x206e51 2000
0x206e53 2000 0 2000
cfn=<alloc::raw_vec::RawVecInner<_>>::reserve::do_reserve_and_handle::<alloc::alloc::Global>
calls=4000 0x1fe0c0 
0x206e53 377500 84750 60750 2 2007 0 0 0 0 50250 1301 6000
0x206e58 2000
fi=/rustc/48a229ceaefd4985c50990b14116b6d856af0985/library/core/src/char/methods.rs
0x206e5a 400
0x206e5d 400 0 400
0x206e61 400 0 400
0x206e66 400
0x206e6b 400
fe=/rustc/48a229ceaefd4985c50990b14116b6d856af0985/library/alloc/src/string.rs
0x206e70 400
fi=/rustc/48a229ceaefd4985c50990b14116b6d856af0985/library/core/src/iter/adapters/take.rs
0x206e73 400
fi=/rustc/48a229ceaefd4985c50990b14116b6d856af0985/library/alloc/src/vec/mod.rs
0x206e76 400 0 400
fi=/rustc/48a229ceaefd4985c50990b14116b6d856af0985/library/core/src/num/uint_macros.rs
0x206e7a 400
fi=/rustc/48a229ceaefd4985c50990b14116b6d856af0985/library/core/src/iter/traits/iterator.rs
0x206e7d 400 0 0 0 0 0 0 0 0 400
fe=/rustc/48a229ceaefd4985c50990b14116b6d856af0985/library/alloc/src/string.rs
0x206e70 1600
fi=/rustc/48a229ceaefd4985c50990b14116b6d856af0985/library/core/src/iter/adapters/take.rs
0x206e73 1600
fi=/rustc/48a229ceaefd4985c50990b14116b6d856af0985/library/alloc/src/vec/mod.rs
0x206e76 1600 0 1600
fi=/rustc/48a229ceaefd4985c50990b14116b6d856af0985/library/core/src/num/uint_macros.rs
0x206e7a 1600
fi=/rustc/48a229ceaefd4985c50990b14116b6d856af0985/library/core/src/iter/traits/iterator.rs
0x206e7d 1600 0 0 0 0 0 0 0 0 1600
fi=/rustc/48a229ceaefd4985c50990b14116b6d856af0985/library/core/src/ptr/non_null.rs
0x206e83 2000 0 0 1
fi=/rustc/48a229ceaefd4985c50990b14116b6d856af0985/library/core/src/slice/iter/macros.rs
0x206e86 2000 0 0 0 0 0 0 0 0 2000
fi=/rustc/48a229ceaefd4985c50990b14116b6d856af0985/library/core/src/str/validations.rs
0x206e8c 2000 2000
0x206e90 2000
0x206e92 2000 0 0 0 0 0 0 0 0 2000 400
fi=/rustc/48a229ceaefd4985c50990b14116b6d856af0985/library/core/src/iter/traits/iterator.rs
0x206e94 1600
fi=/rustc/48a229ceaefd4985c50990b14116b6d856af0985/library/alloc/src/raw_vec/mod.rs
0x206e97 1600 1600
fi=/rustc/48a229ceaefd4985c50990b14116b6d856af0985/library/alloc/src/vec/mod.rs
0x206e9b 1600 1600
0x206e9f 1600
fi=/rustc/48a229ceaefd4985c50990b14116b6d856af0985/library/core/src/str/validations.rs
0x206eb0 400
0x206eb2 400
0x206eb5 400 400
0x206eba 400
0x206ebd 400
0x206ec0 400 0 0 1 0 0 0 0 0 400
0x206eff 400
0x206f03 400
0x206f06 400
0x206f08 400
fi=/rustc/48a229ceaefd4985c50990b14116b6d856af0985/library/alloc/src/raw_vec/mod.rs
0x206f0a 400 400
fi=/rustc/48a229ceaefd4985c50990b14116b6d856af0985/library/alloc/src/vec/mod.rs
0x206f0e 400 400
fi=/rustc/48a229ceaefd4985c50990b14116b6d856af0985/library/core/src/char/methods.rs
0x206f12 400
0x206f18 400 0 0 0 0 0 0 0 0 400
fi=/rustc/48a229ceaefd4985c50990b14116b6d856af0985/library/alloc/src/raw_vec/mod.rs
0x206f20 1600
0x206f23 1600 0 0 0 0 0 0 0 0 1600
0x206f29 1600 1600
fi=/rustc/48a229ceaefd4985c50990b14116b6d856af0985/library/core/src/char/methods.rs
0x206f2d 1600 0 1600
0x206f31 1600
fi=/tmp/botlish-post-structural-fn-1/native-audit/src/lib.rs
0x206f36 1600
fi=/rustc/48a229ceaefd4985c50990b14116b6d856af0985/library/core/src/char/methods.rs
0x206f56 400
0x206f5c 400
0x206f61 400
0x206f65 400
0x206f6b 400
0x206f70 400
fi=/rustc/48a229ceaefd4985c50990b14116b6d856af0985/library/core/src/num/uint_macros.rs
0x206f74 400
fi=/rustc/48a229ceaefd4985c50990b14116b6d856af0985/library/alloc/src/raw_vec/mod.rs
0x206f77 400
0x206f7a 400 0 0 0 0 0 0 0 0 400
fi=/rustc/48a229ceaefd4985c50990b14116b6d856af0985/library/core/src/char/methods.rs
0x206f80 400
0x206f82 400
0x206f84 400
0x206f86 400
0x206f88 400
fi=/rustc/48a229ceaefd4985c50990b14116b6d856af0985/library/alloc/src/raw_vec/mod.rs
0x206f8b 400 400
fi=/rustc/48a229ceaefd4985c50990b14116b6d856af0985/library/core/src/char/methods.rs
0x206f8f 400
0x206f95 400 0 0 0 0 0 0 0 0 400
fe=/rustc/48a229ceaefd4985c50990b14116b6d856af0985/library/alloc/src/string.rs
0x20702f 2000 2000 0 1
0x207033 2000 2000
0x207037 2000 0 2000
0x20703b 2000 2000
0x20703f 2000 0 2000 1
0x207042 2000 2000
0x207046 2000 0 2000
0x20704a 2000
0x20704e 2000 2000
0x20704f 2000 2000
0x207051 2000 2000
0x207053 2000 2000
0x207055 2000 2000
0x207057 2000 2000
0x207058 2000 2000

fl=/tmp/botlish-post-structural-fn-1/native-audit/src/runtime/ops.rs
fn=rt_char_codepoint
0x1e67c0 4 0 4 1
0x1e67c1 4
fi=/tmp/botlish-post-structural-fn-1/native-audit/src/runtime/value.rs
0x1e67c4 4
0x1e67c8 4
0x1e67d2 4
0x1e67d5 4
fe=/tmp/botlish-post-structural-fn-1/native-audit/src/runtime/ops.rs
0x1e67d8 4 4
0x1e67d9 4 4

fn=rt_str_utf8_bytes
0x1ec6f0 3 0 3
0x1ec6f1 3
0x1ec6f4 3 0 3
0x1ec6f6 3 0 3
0x1ec6f8 3 0 3
0x1ec6fa 3 0 3
0x1ec6fc 3 0 3
0x1ec6fd 3
0x1ec701 3
0x1ec70b 3 3
fi=/rustc/48a229ceaefd4985c50990b14116b6d856af0985/library/core/src/num/uint_macros.rs
0x1ec70f 3
0x1ec717 3
0x1ec71b 3
0x1ec71e 3
0x1ec721 3
0x1ec72b 3
0x1ec72e 3
fi=/rustc/48a229ceaefd4985c50990b14116b6d856af0985/library/core/src/intrinsics/mod.rs
0x1ec731 3
0x1ec733 3 0 0 0 0 0 0 0 0 3
fi=/rustc/48a229ceaefd4985c50990b14116b6d856af0985/library/alloc/src/raw_vec/mod.rs
0x1ec746 3
0x1ec749 3 3
0x1ec74d 3
0x1ec750 3 0 0 0 0 0 0 0 0 3
0x1ec752 3 0 3
0x1ec756 3 3 3 0 0 0 0 0 0 0 0 3
cfi=???
cfn=__rustc::__rust_no_alloc_shim_is_unstable_v2
calls=6 0x1a9190 
0x1ec756 12 6 3
0x1ec75c 3
fi=/rustc/48a229ceaefd4985c50990b14116b6d856af0985/library/alloc/src/alloc.rs
0x1ec762 3
0x1ec767 3
0x1ec76a 3 3 3 0 0 0 0 0 0 0 0 3
cfi=???
cfn=__rustc::__rust_alloc
calls=6 0x1a9150 
0x1ec76a 165 42 24 0 0 0 0 0 0 24 2 3
fi=/rustc/48a229ceaefd4985c50990b14116b6d856af0985/library/alloc/src/raw_vec/mod.rs
0x1ec770 3
0x1ec773 3 0 0 0 0 0 0 0 0 3
0x1ec775 3
0x1ec778 3 3
fi=/rustc/48a229ceaefd4985c50990b14116b6d856af0985/library/core/src/ptr/non_null.rs
0x1ec77c 3
fi=/rustc/48a229ceaefd4985c50990b14116b6d856af0985/library/core/src/slice/iter/macros.rs
0x1ec77f 3 0 0 1 0 0 0 0 0 3 2
0x1ec796 3
0x1ec79a 3
0x1ec79e 3 0 0 0 0 0 0 0 0 3
fi=/rustc/48a229ceaefd4985c50990b14116b6d856af0985/library/alloc/src/vec/set_len_on_drop.rs
0x1ec7ba 3
0x1ec7bd 3
fi=/rustc/48a229ceaefd4985c50990b14116b6d856af0985/library/core/src/slice/iter/macros.rs
0x1ec7c0 3 0 0 1
0x1ec7c3 3
0x1ec7c6 3
0x1ec7c9 3
0x1ec7cd 3 0 0 0 0 0 0 0 0 3
0x1ec7cf 3
fi=/rustc/48a229ceaefd4985c50990b14116b6d856af0985/library/core/src/option.rs
0x1ec7d0 3 3
fi=/tmp/botlish-post-structural-fn-1/native-audit/src/runtime/value.rs
0x1ec7d4 3
fi=/rustc/48a229ceaefd4985c50990b14116b6d856af0985/library/core/src/ptr/non_null.rs
0x1ec7dc 3
fi=/rustc/48a229ceaefd4985c50990b14116b6d856af0985/library/core/src/ptr/mod.rs
0x1ec7df 3 0 3
fi=/rustc/48a229ceaefd4985c50990b14116b6d856af0985/library/alloc/src/vec/set_len_on_drop.rs
0x1ec7e3 3
fi=/rustc/48a229ceaefd4985c50990b14116b6d856af0985/library/core/src/slice/iter/macros.rs
0x1ec7e6 3
0x1ec7e9 3 0 0 0 0 0 0 0 0 3
0x1ec7eb 3
0x1ec7ee 3
0x1ec7f2 3 0 0 0 0 0 0 0 0 3
fi=/rustc/48a229ceaefd4985c50990b14116b6d856af0985/library/alloc/src/vec/spec_from_iter_nested.rs
0x1ec8da 3 0 3 1
0x1ec8de 3 0 3
0x1ec8e2 3 0 3
0x1ec8e6 3
fe=/tmp/botlish-post-structural-fn-1/native-audit/src/runtime/ops.rs
0x1ec8ea 3
0x1ec8ed 3 3 3 0 0 0 0 0 0 0 0 3
cfi=/tmp/botlish-post-structural-fn-1/native-audit/src/runtime/vm.rs
cfn=<botlish_native::runtime::vm::Vm>::new_list
calls=6 0x2017b0 
0x1ec8ed 752 188 121 0 0 1 0 0 0 123 9 9
fi=/tmp/botlish-post-structural-fn-1/native-audit/src/runtime/metrics.rs
0x1ec8f3 3 3
0x1ec8fb 3 0 0 0 0 0 0 0 0 3
fe=/tmp/botlish-post-structural-fn-1/native-audit/src/runtime/ops.rs
0x1ec904 3
0x1ec908 3 3
0x1ec909 3 3
0x1ec90b 3 3
0x1ec90d 3 3
0x1ec90f 3 3
0x1ec911 3 3
0x1ec912 3 3

fn=botlish_native::runtime::ops::equal
0x1e30a0 6020 0 6020
0x1e30a1 6020
0x1e30a4 6020 0 6020
0x1e30a6 6020 0 6020
0x1e30a8 6020 0 6020
0x1e30aa 6020 0 6020
0x1e30ac 6020 0 6020
0x1e30ad 6020
0x1e30b1 6020
0x1e30b6 6020
0x1e30bd 6020 0 0 1
0x1e30c4 6020
0x1e30cb 6020 0 6020
fi=/tmp/botlish-post-structural-fn-1/native-audit/src/runtime/value.rs
0x1e30cf 6020
0x1e30d3 6020 0 0 0 0 0 0 0 0 6020 2
0x1e30d9 10
0x1e30dc 10 0 10
0x1e30e0 10
0x1e30e3 10 0 0 0 0 0 0 0 0 10 4
0x1e30dc 6010 0 6010
0x1e30e0 6010
0x1e30e3 6010 0 0 0 0 0 0 0 0 6010
0x1e30e5 6010
0x1e30e8 6010
0x1e30ec 6010 0 0 0 0 0 0 0 0 6010
0x1e30ee 6010
0x1e30f2 6010 0 0 0 0 0 0 0 0 6010
0x1e30f4 6010
0x1e30f8 6010 0 0 0 0 0 0 0 0 6010
0x1e30ff 6010 0 0 1
0x1e3102 6010
0x1e3106 6010
0x1e3109 6010
0x1e310d 6010 0 0 0 0 0 0 0 0 6010
0x1e310f 6010
0x1e3112 6010 0 0 0 0 0 0 0 0 6010
0x1e3118 6010
0x1e311b 6010 0 0 0 0 0 0 0 0 6010
0x1e3121 6010 6010 0 0 4
0x1e3125 6010
0x1e3128 6010
0x1e312c 6010 0 0 0 0 0 0 0 0 6010
0x1e3132 6010 6010 0 0 1
0x1e3136 6010
0x1e3139 6010 0 0 0 0 0 0 0 0 0 0 6010
0x1e3140 10
fe=/tmp/botlish-post-structural-fn-1/native-audit/src/runtime/ops.rs
0x1e3143 10
0x1e3147 10
0x1e314b 10 0 0 0 0 0 0 0 0 10
0x1e3143 6010 0 0 1
0x1e3147 6010
0x1e314b 6010 0 0 0 0 0 0 0 0 6010 800
0x1e3151 6020
0x1e3155 6020
0x1e3159 6020 0 0 0 0 0 0 0 0 6020 1
fi=/tmp/botlish-post-structural-fn-1/native-audit/src/runtime/value.rs
0x1e315f 6020
fe=/tmp/botlish-post-structural-fn-1/native-audit/src/runtime/ops.rs
0x1e3162 6020 0 0 0 0 0 0 0 0 6020
0x1e3168 6020
0x1e316b 6020
0x1e316f 6020 6020 0 0 1
0x1e3173 6020
0x1e3176 6020 0 0 0 0 0 0 0 0 0 0 6020 2
fi=/tmp/botlish-post-structural-fn-1/native-audit/src/runtime/value.rs
0x1e31a0 6010
0x1e31a3 6010
0x1e31a7 6010 0 0 0 0 0 0 0 0 6010
0x1e31ad 6010
0x1e31b1 6010 0 0 0 0 0 0 0 0 6010
0x1e31b7 6010
0x1e31bb 6010 0 0 0 0 0 0 0 0 6010
0x1e31c5 6010
0x1e31c8 6010
0x1e31cc 6010
0x1e31cf 6010
0x1e31d3 6010 0 0 0 0 0 0 0 0 6010
0x1e31d9 6010
0x1e31dc 6010 0 0 0 0 0 0 0 0 6010
0x1e31e2 6010
0x1e31e5 6010 0 0 0 0 0 0 0 0 6010
0x1e31eb 6010 6010 0 0 1
0x1e31ef 6010
0x1e31f2 6010
0x1e31f6 6010 0 0 0 0 0 0 0 0 6010
0x1e31fc 6010
0x1e3200 6010 6010 6010 0 0 1
0x1e3204 6010 0 0 0 0 0 0 0 0 6010
0x1e320a 6010 6010 0 0 1
0x1e320f 6010
0x1e322c 6010
0x1e322f 6010
fe=/tmp/botlish-post-structural-fn-1/native-audit/src/runtime/ops.rs
0x1e3237 6010
0x1e323b 6010
0x1e3240 10 0 0 1
0x1e3243 10 0 0 0 0 0 0 0 0 10
0x1e3249 10
0x1e324b 10
0x1e324d 10
0x1e324f 10 0 0 0 0 0 0 0 0 10
fi=/rustc/48a229ceaefd4985c50990b14116b6d856af0985/library/alloc/src/boxed.rs
0x1e3337 6010 6010 0 0 1
fi=/rustc/48a229ceaefd4985c50990b14116b6d856af0985/library/core/src/slice/cmp.rs
0x1e333b 6010 6010 0 0 2
0x1e333f 6010 0 0 0 0 0 0 0 0 6010
fi=/rustc/48a229ceaefd4985c50990b14116b6d856af0985/library/alloc/src/boxed.rs
0x1e3341 6010 6010
0x1e3345 6010 6010
fi=/rustc/48a229ceaefd4985c50990b14116b6d856af0985/library/core/src/slice/cmp.rs
0x1e3349 6010
0x1e334c 6010
0x1e334f 6010 6010 6010 0 1 1 0 0 0 0 0 6010
cob=/usr/lib/x86_64-linux-gnu/libc.so.6
cfi=./string/../sysdeps/x86_64/multiarch/memcmp-avx2-movbe.S
cfn=__memcmp_avx2_movbe
calls=12020 0x188620 
0x1e334f 60100 18030 0 2 5 0 0 0 0 18030 3
0x1e3355 6010
0x1e3357 6010
0x1e335c 10
fe=/tmp/botlish-post-structural-fn-1/native-audit/src/runtime/ops.rs
0x1e335f 10
0x1e3362 10
0x1e3366 10 10
0x1e3367 10 10
0x1e3369 10 10
0x1e336b 10 10
0x1e336d 10 10
0x1e336f 10 10
0x1e3370 10 10
0x1e335f 6010
0x1e3362 6010
0x1e3366 6010 6010
0x1e3367 6010 6010
0x1e3369 6010 6010
0x1e336b 6010 6010
0x1e336d 6010 6010
0x1e336f 6010 6010
0x1e3370 6010 6010

fn=rt_list_append
0x1ea580 4 0 4
0x1ea581 4
0x1ea584 4 0 4
0x1ea586 4 0 4
0x1ea588 4 0 4
0x1ea58a 4 0 4
0x1ea58c 4 0 4
0x1ea58d 4
fi=/tmp/botlish-post-structural-fn-1/native-audit/src/runtime/value.rs
0x1ea591 4 4
fe=/tmp/botlish-post-structural-fn-1/native-audit/src/runtime/ops.rs
0x1ea595 4
fi=/rustc/48a229ceaefd4985c50990b14116b6d856af0985/library/core/src/num/uint_macros.rs
0x1ea599 4
0x1ea5a1 4
0x1ea5a4 4
0x1ea5a8 4
0x1ea5ab 4
0x1ea5b5 4
0x1ea5b8 4
fi=/rustc/48a229ceaefd4985c50990b14116b6d856af0985/library/core/src/intrinsics/mod.rs
0x1ea5bb 4
0x1ea5bd 4 0 0 0 0 0 0 0 0 4
fi=/rustc/48a229ceaefd4985c50990b14116b6d856af0985/library/alloc/src/raw_vec/mod.rs
0x1ea5d0 4 0 4 1
0x1ea5d4 4 0 4
0x1ea5d8 4 4
0x1ea5dc 4 0 4
0x1ea5e0 4
0x1ea5e3 4 0 0 0 0 0 0 0 0 4
0x1ea5e5 4 4 4 0 0 0 0 0 0 0 0 4
cfi=???
cfn=__rustc::__rust_no_alloc_shim_is_unstable_v2
calls=8 0x1a9190 
0x1ea5e5 16 8 4
0x1ea5eb 4
fi=/rustc/48a229ceaefd4985c50990b14116b6d856af0985/library/alloc/src/alloc.rs
0x1ea5f1 4
0x1ea5f6 4
0x1ea5f9 4 4 4 0 0 0 0 0 0 0 0 4
cfi=???
cfn=__rustc::__rust_alloc
calls=8 0x1a9150 
0x1ea5f9 630 139 75 4 2 0 0 0 0 113 14 4
fi=/rustc/48a229ceaefd4985c50990b14116b6d856af0985/library/alloc/src/raw_vec/mod.rs
0x1ea5ff 4 0 0 1
0x1ea602 4 0 0 0 0 0 0 0 0 4
0x1ea604 4
0x1ea607 4
fi=/rustc/48a229ceaefd4985c50990b14116b6d856af0985/library/alloc/src/vec/mod.rs
0x1ea611 4 0 4
0x1ea615 4 0 4
0x1ea619 4 0 4
fi=/rustc/48a229ceaefd4985c50990b14116b6d856af0985/library/alloc/src/raw_vec/mod.rs
0x1ea621 4
0x1ea624 4 0 0 0 0 0 0 0 0 4
0x1ea62a 4
fi=/rustc/48a229ceaefd4985c50990b14116b6d856af0985/library/alloc/src/vec/mod.rs
0x1ea62d 4
0x1ea630 4 0 0 0 0 0 0 0 0 4
fi=/rustc/48a229ceaefd4985c50990b14116b6d856af0985/library/core/src/ptr/mut_ptr.rs
0x1ea632 3
0x1ea63a 3
fi=/rustc/48a229ceaefd4985c50990b14116b6d856af0985/library/core/src/ptr/mod.rs
0x1ea63d 3
0x1ea645 3 3
0x1ea649 3 3 3 0 0 0 0 0 0 0 0 3
cob=/usr/lib/x86_64-linux-gnu/libc.so.6
cfi=./string/../sysdeps/x86_64/multiarch/memmove-vec-unaligned-erms.S
cfn=__memcpy_avx_unaligned_erms
calls=6 0x188d80 
0x1ea649 35 9 6 0 0 1 0 0 0 7 3
fi=/rustc/48a229ceaefd4985c50990b14116b6d856af0985/library/alloc/src/vec/mod.rs
0x1ea64f 4 0 0 1
0x1ea652 4 0 4
0x1ea656 4
0x1ea659 4 0 0 0 0 0 0 0 0 4 2
fi=/rustc/48a229ceaefd4985c50990b14116b6d856af0985/library/alloc/src/raw_vec/mod.rs
0x1ea669 4 4
fi=/rustc/48a229ceaefd4985c50990b14116b6d856af0985/library/core/src/ptr/mod.rs
0x1ea66d 4 0 4
fi=/rustc/48a229ceaefd4985c50990b14116b6d856af0985/library/alloc/src/vec/mod.rs
0x1ea672 4
0x1ea675 4 0 4
fe=/tmp/botlish-post-structural-fn-1/native-audit/src/runtime/ops.rs
0x1ea679 4 0 4
0x1ea67d 4 4 0 1
0x1ea681 4 0 4
0x1ea685 4
0x1ea689 4 4
0x1ea68d 4
0x1ea690 4 4 4 0 0 0 0 0 0 0 0 4
cfi=/tmp/botlish-post-structural-fn-1/native-audit/src/runtime/vm.rs
cfn=<botlish_native::runtime::vm::Vm>::new_list
calls=8 0x2017b0 
0x1ea690 468 140 104 0 1 1 0 0 0 56 2 12
fi=/tmp/botlish-post-structural-fn-1/native-audit/src/runtime/metrics.rs
0x1ea696 4 4
0x1ea69d 4 0 0 0 0 0 0 0 0 4
fe=/tmp/botlish-post-structural-fn-1/native-audit/src/runtime/ops.rs
0x1ea6a6 4
0x1ea6aa 4 4
0x1ea6ab 4 4
0x1ea6ad 4 4
0x1ea6af 4 4
0x1ea6b1 4 4
0x1ea6b3 4 4
0x1ea6b4 4 4

fn=rt_str_region_check
0x1ebfa0 4000 0 4000
0x1ebfa1 4000
0x1ebfa4 4000 0 4000
0x1ebfa6 4000 0 4000
0x1ebfa8 4000 0 4000
0x1ebfaa 4000 0 4000
0x1ebfac 4000 0 4000
0x1ebfad 4000
0x1ebfb4 4000
0x1ebfb7 4000 4000
0x1ebfbb 4000 0 4000
fi=/tmp/botlish-post-structural-fn-1/native-audit/src/runtime/value.rs
0x1ebfc2 4000
0x1ebfc5 4000 0 0 0 0 0 0 0 0 4000
0x1ec010 4000 0 0 1
0x1ec013 4000
0x1ec016 4000
0x1ec01a 4000
0x1ec01d 4000
0x1ec021 4000
0x1ec024 4000 0 0 0 0 0 0 0 0 4000 1
0x1ec026 4000
0x1ec029 4000
fe=/tmp/botlish-post-structural-fn-1/native-audit/src/runtime/ops.rs
0x1ec02c 4000
0x1ec02f 4000
0x1ec033 4000
0x1ec036 4000
0x1ec03a 4000
0x1ec03f 4000 0 0 1
0x1ec042 4000 0 0 0 0 0 0 0 0 4000
0x1ec044 4000
0x1ec34a 4000 0 0 1
0x1ec351 4000 4000
0x1ec352 4000 4000
0x1ec354 4000 4000
0x1ec356 4000 4000
0x1ec358 4000 4000
0x1ec35a 4000 4000
0x1ec35b 4000 4000

fn=rt_str_region_is_tcl_alnum
0x1ec5b0 800 0 800
0x1ec5b1 800
0x1ec5b4 800
0x1ec5b8 800
0x1ec5bb 800
0x1ec5be 800 0 0 1
0x1ec5c1 800
0x1ec5c4 800
0x1ec5cb 800
0x1ec5cf 800 0 800
cfn=botlish_native::runtime::ops::region_one_scalar
calls=1600 0x1e2850 
0x1ec5cf 115200 14800 5600 8 0 0 0 0 0 26400 4350
0x1ec5d4 800 800
0x1ec5d8 800 0 0 0 0 0 0 0 0 800 2
0x1ec5e4 800 800
fi=/home/markus/.cargo/registry/src/index.crates.io-1949cf8c6b5b557f/unicode-general-category-1.1.0/src/category.rs
0x1ec5e7 800
0x1ec5ea 800
0x1ec5ed 800
0x1ec5f4 800 800 0 0 1
0x1ec5f8 800
0x1ec5fb 800 0 0 1
0x1ec602 800 0 0 0 0 0 0 0 0 800
0x1ec604 800
0x1ec60b 800 800 0 0 2
0x1ec60f 800
0x1ec614 800
fe=/tmp/botlish-post-structural-fn-1/native-audit/src/runtime/ops.rs
0x1ec617 800 0 0 0 0 0 0 0 0 800
0x1ec619 800
0x1ec61e 800 800 800
0x1ec621 800 0 0 0 0 0 0 0 0 800
0x1ec623 800
0x1ec628 800
0x1ec62c 800 800
0x1ec62d 800 800

fn=rt_str_region_is_tcl_alpha
0x1ec650 1200 0 1200 1
0x1ec651 1200
0x1ec654 1200
0x1ec658 1200
0x1ec65b 1200
0x1ec65e 1200
0x1ec661 1200
0x1ec664 1200
0x1ec66b 1200
0x1ec66f 1200 0 1200
cfn=botlish_native::runtime::ops::region_one_scalar
calls=2400 0x1e2850 
0x1ec66f 241200 26400 8400 0 0 0 0 0 0 55200 7150
0x1ec674 1200 1200
0x1ec678 1200 0 0 0 0 0 0 0 0 1200
0x1ec684 1200 1200 0 1
fi=/home/markus/.cargo/registry/src/index.crates.io-1949cf8c6b5b557f/unicode-general-category-1.1.0/src/category.rs
0x1ec687 1200
0x1ec68a 1200
0x1ec68d 1200
0x1ec694 1200 1200
0x1ec698 1200
0x1ec69b 1200
0x1ec6a2 1200 0 0 0 0 0 0 0 0 1200
0x1ec6a4 1200
0x1ec6ab 1200 1200 0 0 1
0x1ec6af 1200
0x1ec6b4 1200
fe=/tmp/botlish-post-structural-fn-1/native-audit/src/runtime/ops.rs
0x1ec6b7 1200 0 0 0 0 0 0 0 0 1200
0x1ec6b9 1200
0x1ec6be 1200 1200 1200
0x1ec6c1 1200 0 0 0 0 0 0 0 0 1200
0x1ec6c3 1200
0x1ec6c8 1200
0x1ec6cc 1200 1200
0x1ec6cd 1200 1200

fn=rt_set_contains
0x1eb7e0 1201 0 1201 1
0x1eb7e1 1201
0x1eb7e4 1201 0 1201
0x1eb7e6 1201 0 1201
0x1eb7e8 1201 0 1201
0x1eb7ea 1201 0 1201
0x1eb7ec 1201 0 1201
0x1eb7ed 1201 0 1201
0x1eb7ee 1201
0x1eb7f1 1201
fi=/tmp/botlish-post-structural-fn-1/native-audit/src/runtime/value.rs
0x1eb7f4 1201 1201
0x1eb7f8 1201 1201
fe=/tmp/botlish-post-structural-fn-1/native-audit/src/runtime/ops.rs
0x1eb7fc 1201
0x1eb800 1201 0 0 1
0x1eb802 1201
fi=/rustc/48a229ceaefd4985c50990b14116b6d856af0985/library/core/src/ptr/non_null.rs
0x1eb810 1201
fi=/rustc/48a229ceaefd4985c50990b14116b6d856af0985/library/core/src/slice/iter/macros.rs
0x1eb813 1201 0 0 0 0 0 0 0 0 1201
fi=/rustc/48a229ceaefd4985c50990b14116b6d856af0985/library/core/src/ptr/non_null.rs
0x1eb810 5204
fi=/rustc/48a229ceaefd4985c50990b14116b6d856af0985/library/core/src/slice/iter/macros.rs
0x1eb813 5204 0 0 0 0 0 0 0 0 5204 401
fe=/tmp/botlish-post-structural-fn-1/native-audit/src/runtime/ops.rs
0x1eb815 6004 6004
0x1eb81a 6004
0x1eb81d 6004
0x1eb820 6004 0 6004
cfn=botlish_native::runtime::ops::equal
calls=12008 0x1e30a0 
0x1eb820 672196 126032 60032 2 0 0 0 0 0 144028 804 18004 1
0x1eb825 6004
0x1eb829 6004
0x1eb82b 6004 0 0 0 0 0 0 0 0 6004 800
0x1eb82d 800
0x1eb830 800
0x1eb833 800 0 0 0 0 0 0 0 0 800
0x1eb839 401
fi=/rustc/48a229ceaefd4985c50990b14116b6d856af0985/library/core/src/slice/iter/macros.rs
0x1eb83e 401
0x1eb840 800
fe=/tmp/botlish-post-structural-fn-1/native-audit/src/runtime/ops.rs
0x1eb845 800
0x1eb849 800 800
0x1eb84a 800 800
0x1eb84c 800 800
0x1eb84e 800 800
0x1eb850 800 800
0x1eb852 800 800
0x1eb853 800 800
0x1eb845 401
0x1eb849 401 401
0x1eb84a 401 401
0x1eb84c 401 401
0x1eb84e 401 401
0x1eb850 401 401
0x1eb852 401 401
0x1eb853 401 401

fn=rt_set_from_list
0x1eb860 2 0 2
0x1eb861 2
0x1eb864 2 0 2
0x1eb866 2 0 2
0x1eb868 2 0 2
0x1eb86a 2 0 2
0x1eb86c 2 0 2
0x1eb86d 2
fi=/tmp/botlish-post-structural-fn-1/native-audit/src/runtime/value.rs
0x1eb871 2 2
fi=/rustc/48a229ceaefd4985c50990b14116b6d856af0985/library/core/src/num/uint_macros.rs
0x1eb875 2
0x1eb87d 2
0x1eb880 2 0 0 1
0x1eb884 2
0x1eb887 2
0x1eb891 2
0x1eb894 2
fi=/rustc/48a229ceaefd4985c50990b14116b6d856af0985/library/core/src/intrinsics/mod.rs
0x1eb897 2
0x1eb899 2 0 0 0 0 0 0 0 0 2
fi=/rustc/48a229ceaefd4985c50990b14116b6d856af0985/library/alloc/src/raw_vec/mod.rs
0x1eb8ac 2
0x1eb8af 2 2
0x1eb8b3 2
0x1eb8b6 2 0 0 0 0 0 0 0 0 2 1
0x1eb8b8 2 2 2 0 0 0 0 0 0 0 0 2 1
cfi=???
cfn=__rustc::__rust_no_alloc_shim_is_unstable_v2
calls=4 0x1a9190 
0x1eb8b8 8 4 2
0x1eb8be 2 0 0 1
fi=/rustc/48a229ceaefd4985c50990b14116b6d856af0985/library/alloc/src/alloc.rs
0x1eb8c4 2
0x1eb8c9 2
0x1eb8cc 2 2 2 0 0 0 0 0 0 0 0 2
cfi=???
cfn=__rustc::__rust_alloc
calls=4 0x1a9150 
0x1eb8cc 116 28 16 0 2 0 0 0 0 16 2 2
fi=/rustc/48a229ceaefd4985c50990b14116b6d856af0985/library/alloc/src/raw_vec/mod.rs
0x1eb8d2 2
0x1eb8d5 2 0 0 0 0 0 0 0 0 2 2
0x1eb8d7 2
0x1eb8da 2
fi=/rustc/48a229ceaefd4985c50990b14116b6d856af0985/library/alloc/src/vec/mod.rs
0x1eb8e3 2 0 2
0x1eb8e7 2 0 2
0x1eb8eb 2 0 2
fi=/rustc/48a229ceaefd4985c50990b14116b6d856af0985/library/core/src/ptr/non_null.rs
0x1eb8f3 2
fi=/rustc/48a229ceaefd4985c50990b14116b6d856af0985/library/core/src/slice/iter/macros.rs
0x1eb8f6 2 0 0 0 0 0 0 0 0 2 2
0x1eb8fc 2
0x1eb8ff 2 0 2 1
fe=/tmp/botlish-post-structural-fn-1/native-audit/src/runtime/ops.rs
0x1eb903 2 2
fi=/rustc/48a229ceaefd4985c50990b14116b6d856af0985/library/core/src/ptr/non_null.rs
0x1eb907 2
0x1eb90b 2 0 2
fi=/rustc/48a229ceaefd4985c50990b14116b6d856af0985/library/alloc/src/raw_vec/mod.rs
0x1eb90f 2 2
fi=/rustc/48a229ceaefd4985c50990b14116b6d856af0985/library/alloc/src/vec/mod.rs
0x1eb913 2 2
fe=/tmp/botlish-post-structural-fn-1/native-audit/src/runtime/ops.rs
0x1eb917 2
0x1eb91b 2
0x1eb91e 2
fi=/rustc/48a229ceaefd4985c50990b14116b6d856af0985/library/core/src/ptr/non_null.rs
0x1eb920 2
fi=/rustc/48a229ceaefd4985c50990b14116b6d856af0985/library/core/src/slice/iter/macros.rs
0x1eb923 2 0 0 0 0 0 0 0 0 2 2
fe=/tmp/botlish-post-structural-fn-1/native-audit/src/runtime/ops.rs
0x1eb903 7 7
fi=/rustc/48a229ceaefd4985c50990b14116b6d856af0985/library/core/src/ptr/non_null.rs
0x1eb907 7
0x1eb90b 7 0 7
fi=/rustc/48a229ceaefd4985c50990b14116b6d856af0985/library/alloc/src/raw_vec/mod.rs
0x1eb90f 7 7
fi=/rustc/48a229ceaefd4985c50990b14116b6d856af0985/library/alloc/src/vec/mod.rs
0x1eb913 7 7
fe=/tmp/botlish-post-structural-fn-1/native-audit/src/runtime/ops.rs
0x1eb917 7
0x1eb91b 7
0x1eb91e 7
fi=/rustc/48a229ceaefd4985c50990b14116b6d856af0985/library/core/src/ptr/non_null.rs
0x1eb920 7
fi=/rustc/48a229ceaefd4985c50990b14116b6d856af0985/library/core/src/slice/iter/macros.rs
0x1eb923 7 0 0 0 0 0 0 0 0 7 2
fi=/rustc/48a229ceaefd4985c50990b14116b6d856af0985/library/core/src/ptr/non_null.rs
0x1eb920 16
fi=/rustc/48a229ceaefd4985c50990b14116b6d856af0985/library/core/src/slice/iter/macros.rs
0x1eb923 16 0 0 0 0 0 0 0 0 16 10
fe=/tmp/botlish-post-structural-fn-1/native-audit/src/runtime/ops.rs
0x1eb925 16 16
0x1eb929 16
0x1eb92c 16
0x1eb92f 16 0 16
cfn=botlish_native::runtime::ops::equal
calls=32 0x1e30a0 
0x1eb92f 1414 258 148 4 17 2 0 0 0 282 6 36 1
0x1eb934 16
0x1eb938 16
0x1eb93a 16 0 0 0 0 0 0 0 0 16
fi=/rustc/48a229ceaefd4985c50990b14116b6d856af0985/library/alloc/src/vec/mod.rs
0x1eb960 9 9 0 1
0x1eb964 9 9
0x1eb968 9 0 0 0 0 0 0 0 0 9 1
fi=/rustc/48a229ceaefd4985c50990b14116b6d856af0985/library/alloc/src/raw_vec/mod.rs
0x1eb974 9 9
fi=/rustc/48a229ceaefd4985c50990b14116b6d856af0985/library/core/src/ptr/mod.rs
0x1eb978 9 0 9 0 0 1
fi=/rustc/48a229ceaefd4985c50990b14116b6d856af0985/library/alloc/src/vec/mod.rs
0x1eb97c 9
0x1eb97f 9 0 9 1
0x1eb983 9 9
0x1eb987 9 9
fi=/rustc/48a229ceaefd4985c50990b14116b6d856af0985/library/core/src/ptr/non_null.rs
0x1eb98b 9
fi=/rustc/48a229ceaefd4985c50990b14116b6d856af0985/library/core/src/slice/iter/macros.rs
0x1eb98e 9 0 0 0 0 0 0 0 0 9 5
fi=/rustc/48a229ceaefd4985c50990b14116b6d856af0985/library/alloc/src/vec/mod.rs
0x1eb994 2 2
0x1eb998 2
fe=/tmp/botlish-post-structural-fn-1/native-audit/src/runtime/ops.rs
0x1eb9bd 2 2 0 1
0x1eb9c1 2 0 2
0x1eb9c5 2 2
0x1eb9c9 2 0 2
0x1eb9cd 2
0x1eb9d1 2
0x1eb9d4 2 2 2 0 1 0 0 0 0 0 0 2
cfi=/tmp/botlish-post-structural-fn-1/native-audit/src/runtime/vm.rs
cfn=<botlish_native::runtime::vm::Vm>::new_set
calls=4 0x2014d0 
0x1eb9d4 234 70 52 3 1 1 0 0 0 28 3 6
fi=/tmp/botlish-post-structural-fn-1/native-audit/src/runtime/metrics.rs
0x1eb9da 2 2
0x1eb9e1 2 0 0 0 0 0 0 0 0 2
fe=/tmp/botlish-post-structural-fn-1/native-audit/src/runtime/ops.rs
0x1eb9ea 2
0x1eb9ee 2 2
0x1eb9ef 2 2
0x1eb9f1 2 2
0x1eb9f3 2 2
0x1eb9f5 2 2
0x1eb9f7 2 2
0x1eb9f8 2 2

fn=rt_substr
0x1ec920 6803 0 6803
0x1ec921 6803
0x1ec924 6803 0 6803
0x1ec926 6803 0 6803
0x1ec928 6803 0 6803
0x1ec92a 6803 0 6803
0x1ec92c 6803 0 6803
0x1ec92d 6803
0x1ec934 6803
0x1ec937 6803 6803
0x1ec93b 6803 0 6803 0 0 1
fi=/tmp/botlish-post-structural-fn-1/native-audit/src/runtime/value.rs
0x1ec942 6803
0x1ec945 6803 0 6803
0x1ec949 6803 0 0 0 0 0 0 0 0 6803
0x1ec993 6803
0x1ec996 6803
0x1ec999 6803 0 0 0 0 0 0 0 0 6803
fe=/tmp/botlish-post-structural-fn-1/native-audit/src/runtime/ops.rs
0x1ec9a9 6803
0x1ec9ac 6803 0 0 0 0 0 0 0 0 6803
0x1ec9b2 6803
0x1ec9b5 6803
0x1ec9b8 6803
0x1ec9bb 6803
0x1ec9be 6803
0x1ec9c2 6803
0x1ec9c5 6803
0x1ec9c9 6803
0x1ec9cc 6803 0 0 0 0 0 0 0 0 6803
0x1ec9d2 6803 6803 0 0 1
0x1ec9d6 6803 0 0 0 0 0 0 0 0 6803 4
0x1ec9dc 4803 4803
0x1ec9e0 4803 4803
0x1ec9e4 4803
0x1ec9eb 4803
fi=/rustc/48a229ceaefd4985c50990b14116b6d856af0985/library/core/src/str/traits.rs
0x1ec9ee 4803 0 0 0 0 0 0 0 0 4803
0x1ec9f4 4803
0x1ec9f7 4803 0 0 0 0 0 0 0 0 4803
0x1ec9f9 4803
0x1ec9fc 4803 0 0 0 0 0 0 0 0 4803 401
fi=/rustc/48a229ceaefd4985c50990b14116b6d856af0985/library/core/src/num/mod.rs
0x1ec9fe 4402 4402
fi=/rustc/48a229ceaefd4985c50990b14116b6d856af0985/library/core/src/str/traits.rs
0x1eca03 4402 0 0 0 0 0 0 0 0 4402
0x1eca09 4803
0x1eca0c 4803 0 0 0 0 0 0 0 0 4803 401
fi=/rustc/48a229ceaefd4985c50990b14116b6d856af0985/library/core/src/num/mod.rs
0x1eca0e 4402 4402 0 0 2
0x1eca13 4402 0 0 0 0 0 0 0 0 4402
0x1eca19 4803
fi=/rustc/48a229ceaefd4985c50990b14116b6d856af0985/library/alloc/src/raw_vec/mod.rs
0x1eca1f 4803
0x1eca22 4803 0 0 0 0 0 0 0 0 4803
0x1eca24 4803
0x1eca27 4803 4803 4803 0 0 0 0 0 0 0 0 4803
cfi=???
cfn=__rustc::__rust_no_alloc_shim_is_unstable_v2
calls=9606 0x1a9190 
0x1eca27 19212 9606 4803
0x1eca2d 4803
fi=/rustc/48a229ceaefd4985c50990b14116b6d856af0985/library/alloc/src/alloc.rs
0x1eca33 4803
0x1eca38 4803
0x1eca3b 4803 4803 4803 0 0 0 0 0 0 0 0 4803
cfi=???
cfn=__rustc::__rust_alloc
calls=9606 0x1a9150 
0x1eca3b 504010 117231 64293 8 5218 5 0 0 4 87196 1837 4803
fi=/rustc/48a229ceaefd4985c50990b14116b6d856af0985/library/alloc/src/raw_vec/mod.rs
0x1eca41 4803
0x1eca44 4803 0 0 0 0 0 0 0 0 4803
fe=/tmp/botlish-post-structural-fn-1/native-audit/src/runtime/ops.rs
0x1eca4a 4803
0x1eca4d 4803
fi=/rustc/48a229ceaefd4985c50990b14116b6d856af0985/library/core/src/ptr/mod.rs
0x1eca50 4803
0x1eca53 4803
0x1eca56 4803
0x1eca59 4803 4803 4803 0 0 0 0 0 0 0 0 4803
cob=/usr/lib/x86_64-linux-gnu/libc.so.6
cfi=./string/../sysdeps/x86_64/multiarch/memmove-vec-unaligned-erms.S
cfn=__memcpy_avx_unaligned_erms
calls=9606 0x188d80 
0x1eca59 76848 9606 4803 0 0 0 0 0 0 28818 2
0x1eca5f 4803 4803
fi=/rustc/48a229ceaefd4985c50990b14116b6d856af0985/library/alloc/src/string.rs
0x1eca63 4803 0 4803
0x1eca6a 4803 0 4803
0x1eca71 4803 0 4803
0x1eca78 4803
fe=/tmp/botlish-post-structural-fn-1/native-audit/src/runtime/ops.rs
0x1eca7f 4803
0x1eca82 4803
0x1eca85 4803
0x1eca8a 4803 4803 4803 0 1 0 0 0 0 0 0 4803 1
cfi=/tmp/botlish-post-structural-fn-1/native-audit/src/runtime/vm.rs
cfn=<botlish_native::runtime::vm::Vm>::new_str_known
calls=9606 0x2008a0 
0x1eca8a 990564 275659 227557 0 813 632 0 0 5 120748 1223 14409
fi=/tmp/botlish-post-structural-fn-1/native-audit/src/runtime/metrics.rs
0x1eca90 4803 4803
0x1eca98 4803 0 0 0 0 0 0 0 0 4803
fe=/tmp/botlish-post-structural-fn-1/native-audit/src/runtime/ops.rs
0x1ecda5 6803
0x1ecdac 6803 6803
0x1ecdad 6803 6803
0x1ecdaf 6803 6803
0x1ecdb1 6803 6803
0x1ecdb3 6803 6803
0x1ecdb5 6803 6803
0x1ecdb6 6803 6803
0x1ecdb7 2000 2000
0x1ecdbb 2000
0x1ecdbe 2000 2000 0 1
fi=/rustc/48a229ceaefd4985c50990b14116b6d856af0985/library/core/src/ptr/mut_ptr.rs
0x1ecdc2 2000
0x1ecdc6 2000
fi=/rustc/48a229ceaefd4985c50990b14116b6d856af0985/library/core/src/iter/traits/iterator.rs
0x1ecdc8 2000
0x1ecdcb 2000 0 0 0 0 0 0 0 0 2000 400
0x1ecdcd 1600
0x1ecdd0 1600
0x1ecde0 3600
fi=/rustc/48a229ceaefd4985c50990b14116b6d856af0985/library/core/src/str/iter.rs
0x1ecde4 3600
0x1ecde7 3600
0x1ecdea 3600
0x1ecded 3600
fi=/rustc/48a229ceaefd4985c50990b14116b6d856af0985/library/core/src/iter/traits/iterator.rs
0x1ecdf0 3600
0x1ecdf3 3600 0 0 0 0 0 0 0 0 3600 1200
fi=/rustc/48a229ceaefd4985c50990b14116b6d856af0985/library/core/src/str/iter.rs
0x1ecde4 400
0x1ecde7 400
0x1ecdea 400
0x1ecded 400
fi=/rustc/48a229ceaefd4985c50990b14116b6d856af0985/library/core/src/iter/traits/iterator.rs
0x1ecdf0 400
0x1ecdf3 400 0 0 0 0 0 0 0 0 400 400
fi=/rustc/48a229ceaefd4985c50990b14116b6d856af0985/library/core/src/ptr/non_null.rs
0x1ecdf5 4000
fi=/rustc/48a229ceaefd4985c50990b14116b6d856af0985/library/core/src/slice/iter/macros.rs
0x1ecdf8 4000 0 0 0 0 0 0 0 0 4000
fi=/rustc/48a229ceaefd4985c50990b14116b6d856af0985/library/core/src/str/validations.rs
0x1ecdfa 4000 4000
0x1ecdfe 4000
0x1ece01 4000 0 0 0 0 0 0 0 0 4000 1600
0x1ece03 400
0x1ece07 400 0 0 0 0 0 0 0 0 400
0x1ece1a 400
0x1ece1e 400
0x1ece20 400 0 0 1
0x1ece23 400
fi=/rustc/48a229ceaefd4985c50990b14116b6d856af0985/library/core/src/ptr/non_null.rs
0x1ece26 400
fi=/rustc/48a229ceaefd4985c50990b14116b6d856af0985/library/core/src/slice/iter/macros.rs
0x1ece29 400 0 0 0 0 0 0 0 0 400
fi=/rustc/48a229ceaefd4985c50990b14116b6d856af0985/library/core/src/str/validations.rs
0x1ece23 1600
fi=/rustc/48a229ceaefd4985c50990b14116b6d856af0985/library/core/src/ptr/non_null.rs
0x1ece26 1600
fi=/rustc/48a229ceaefd4985c50990b14116b6d856af0985/library/core/src/slice/iter/macros.rs
0x1ece29 1600 0 0 0 0 0 0 0 0 1600
fi=/rustc/48a229ceaefd4985c50990b14116b6d856af0985/library/core/src/str/validations.rs
0x1ece2b 2000 2000 0 0 1
0x1ece2f 2000
0x1ece31 2000 0 0 0 0 0 0 0 0 2000 400
0x1ece33 400
0x1ece36 400
0x1ece39 400
0x1ece36 1600
0x1ece39 1600
fi=/tmp/botlish-post-structural-fn-1/native-audit/src/runtime/metrics.rs
0x1ece3e 2000 2000 0 1
0x1ece46 2000 0 0 0 0 0 0 0 0 2000
fi=/rustc/48a229ceaefd4985c50990b14116b6d856af0985/library/core/src/str/mod.rs
0x1ece57 2000
0x1ece5a 2000 0 0 0 0 0 0 0 0 2000 400
0x1ece5c 1600
0x1ece5f 1600 0 0 0 0 0 0 0 0 1600
fi=/rustc/48a229ceaefd4985c50990b14116b6d856af0985/library/core/src/num/mod.rs
0x1ece61 1600 1600
fi=/rustc/48a229ceaefd4985c50990b14116b6d856af0985/library/core/src/str/traits.rs
0x1ece66 1600 0 0 0 0 0 0 0 0 1600
fi=/rustc/48a229ceaefd4985c50990b14116b6d856af0985/library/core/src/ptr/const_ptr.rs
0x1ece82 2000 0 0 1
fi=/rustc/48a229ceaefd4985c50990b14116b6d856af0985/library/core/src/ptr/mut_ptr.rs
0x1ece85 2000
fi=/rustc/48a229ceaefd4985c50990b14116b6d856af0985/library/core/src/iter/adapters/take.rs
0x1ece88 2000 0 2000
0x1ece8f 2000 0 2000
0x1ece96 2000 0 2000
0x1ece9d 2000
0x1ecea1 2000
fi=/rustc/48a229ceaefd4985c50990b14116b6d856af0985/library/core/src/iter/traits/iterator.rs
0x1ecea8 2000 0 2000
cfi=/rustc/48a229ceaefd4985c50990b14116b6d856af0985/library/alloc/src/string.rs
cfn=<alloc::string::String as core::iter::traits::collect::FromIterator<char>>::from_iter::<core::iter::adapters::take::Take<core::str::iter::Chars>>
calls=4000 0x206de0 
0x1ecea8 523900 121150 93150 9 2007 0 0 0 0 63450 1701 6000
fi=/rustc/48a229ceaefd4985c50990b14116b6d856af0985/library/alloc/src/vec/mod.rs
0x1ecead 2000 2000
0x1eceb1 2000
fe=/tmp/botlish-post-structural-fn-1/native-audit/src/runtime/ops.rs
0x1eceb5 2000
0x1eceb8 2000 2000 2000 0 0 0 0 0 0 0 0 2000 1
cfi=/tmp/botlish-post-structural-fn-1/native-audit/src/runtime/vm.rs
cfn=<botlish_native::runtime::vm::Vm>::new_str
calls=4000 0x201660 
0x1eceb8 890650 210350 155150 9 227 251 0 0 0 125850 4961 12400
fi=/tmp/botlish-post-structural-fn-1/native-audit/src/runtime/metrics.rs
0x1ecebe 2000 2000 0 1
0x1ecec6 2000 0 0 0 0 0 0 0 0 2000
fe=/tmp/botlish-post-structural-fn-1/native-audit/src/runtime/ops.rs

fn=rt_int_mod
0x1e75d0 1 0 1 1
0x1e75d1 1
0x1e75d4 1 0 1
0x1e75d6 1 0 1
0x1e75d8 1 0 1
0x1e75da 1 0 1
0x1e75dc 1 0 1
0x1e75dd 1
0x1e75e4 1
0x1e75e7 1
0x1e75ea 1 0 1
fi=/tmp/botlish-post-structural-fn-1/native-audit/src/runtime/value.rs
0x1e75f1 1
0x1e75f5 1 0 0 0 0 0 0 0 0 1 1
0x1e7640 1 0 0 1
0x1e7643 1
0x1e7646 1 0 0 0 0 0 0 0 0 1
0x1e7675 1
fe=/tmp/botlish-post-structural-fn-1/native-audit/src/runtime/ops.rs
0x1e7678 1 0 0 0 0 0 0 0 0 1
0x1e767e 1 0 0 1
0x1e7681 1
0x1e7684 1
0x1e7688 1 0 0 0 0 0 0 0 0 1 1
0x1e7abf 1 0 0 1
0x1e7ac2 1
0x1e7ac4 1
0x1e7ac6 1
0x1e7ac9 1
0x1e7acc 1
0x1e7ad0 1
0x1e7ad3 1
0x1e7ad7 1
0x1e7ada 1
0x1e7add 1
fi=/rustc/48a229ceaefd4985c50990b14116b6d856af0985/library/core/src/ops/range.rs
0x1e7ae7 1
fi=/tmp/botlish-post-structural-fn-1/native-audit/src/runtime/vm.rs
0x1e7aea 1 0 0 0 0 0 0 0 0 1
fi=/tmp/botlish-post-structural-fn-1/native-audit/src/runtime/value.rs
0x1e7aec 1
0x1e7af4 1
fe=/tmp/botlish-post-structural-fn-1/native-audit/src/runtime/ops.rs
0x1e84d0 1 0 0 1
0x1e84d7 1 1
0x1e84d8 1 1
0x1e84da 1 1
0x1e84dc 1 1
0x1e84de 1 1
0x1e84e0 1 1
0x1e84e1 1 1

fn=rt_str_region_eq
0x1ec3d0 2000 0 2000 1
0x1ec3d1 2000
0x1ec3d4 2000 0 2000
0x1ec3d6 2000 0 2000
0x1ec3d8 2000 0 2000
0x1ec3d9 2000
0x1ec3dd 2000
fi=/tmp/botlish-post-structural-fn-1/native-audit/src/runtime/value.rs
0x1ec3e0 2000
0x1ec3e4 2000 0 0 0 0 0 0 0 0 2000
0x1ec3ea 2000
0x1ec3ed 2000 0 0 0 0 0 0 0 0 2000
0x1ec3f3 2000
0x1ec3f6 2000
fe=/tmp/botlish-post-structural-fn-1/native-audit/src/runtime/ops.rs
0x1ec3f9 2000
0x1ec3fc 2000
0x1ec3ff 2000 0 0 1
0x1ec404 2000 2000 0 0 1
0x1ec408 2000 0 0 0 0 0 0 0 0 2000
0x1ec40e 2000
0x1ec411 2000 2000
0x1ec415 2000 2000
0x1ec419 2000 2000
0x1ec41d 2000 0 0 0 0 0 0 0 0 2000
fi=/rustc/48a229ceaefd4985c50990b14116b6d856af0985/library/core/src/ptr/mut_ptr.rs
0x1ec45c 2000 0 0 1
0x1ec460 2000
fi=/rustc/48a229ceaefd4985c50990b14116b6d856af0985/library/core/src/iter/traits/iterator.rs
0x1ec462 2000
0x1ec465 2000 0 0 0 0 0 0 0 0 2000
0x1ec467 2000
0x1ec46a 2000
0x1ec470 7600
fi=/rustc/48a229ceaefd4985c50990b14116b6d856af0985/library/core/src/str/iter.rs
0x1ec474 7600
0x1ec477 7600
0x1ec47a 7600
0x1ec47d 7600
fi=/rustc/48a229ceaefd4985c50990b14116b6d856af0985/library/core/src/iter/traits/iterator.rs
0x1ec480 7600
0x1ec483 7600 0 0 0 0 0 0 0 0 7600 400
fi=/rustc/48a229ceaefd4985c50990b14116b6d856af0985/library/core/src/str/iter.rs
0x1ec474 3600
0x1ec477 3600
0x1ec47a 3600
0x1ec47d 3600
fi=/rustc/48a229ceaefd4985c50990b14116b6d856af0985/library/core/src/iter/traits/iterator.rs
0x1ec480 3600
0x1ec483 3600 0 0 0 0 0 0 0 0 3600 800
fi=/rustc/48a229ceaefd4985c50990b14116b6d856af0985/library/core/src/ptr/non_null.rs
0x1ec485 11200 0 0 1
fi=/rustc/48a229ceaefd4985c50990b14116b6d856af0985/library/core/src/slice/iter/macros.rs
0x1ec488 11200 0 0 0 0 0 0 0 0 11200
fi=/rustc/48a229ceaefd4985c50990b14116b6d856af0985/library/core/src/str/validations.rs
0x1ec48e 11200 11200
0x1ec492 11200
0x1ec495 11200 0 0 0 0 0 0 0 0 11200 4401
0x1ec497 3600
0x1ec49b 3600 0 0 0 0 0 0 0 0 3600 1202
0x1ec49d 1600
0x1ec4a1 1600
0x1ec4a4 1600
0x1ec4a8 1600
0x1ec4ac 1600
0x1ec4ae 2000
0x1ec4b2 2000
0x1ec4b7 2000
fi=/rustc/48a229ceaefd4985c50990b14116b6d856af0985/library/core/src/ptr/non_null.rs
0x1ec4ba 2000
fi=/rustc/48a229ceaefd4985c50990b14116b6d856af0985/library/core/src/slice/iter/macros.rs
0x1ec4bd 2000 0 0 0 0 0 0 0 0 2000
fi=/rustc/48a229ceaefd4985c50990b14116b6d856af0985/library/core/src/str/validations.rs
0x1ec4bf 2000 2000 0 1
0x1ec4c3 2000
0x1ec4c5 2000 0 0 0 0 0 0 0 0 2000
0x1ec4c7 1200
0x1ec4ca 1200
fi=/tmp/botlish-post-structural-fn-1/native-audit/src/runtime/metrics.rs
0x1ec4cd 1200 1200
0x1ec4d5 1200 0 0 0 0 0 0 0 0 1200 1
fi=/rustc/48a229ceaefd4985c50990b14116b6d856af0985/library/core/src/str/validations.rs
0x1ec4ca 800
fi=/tmp/botlish-post-structural-fn-1/native-audit/src/runtime/metrics.rs
0x1ec4cd 800 800
0x1ec4d5 800 0 0 0 0 0 0 0 0 800
fi=/rustc/48a229ceaefd4985c50990b14116b6d856af0985/library/core/src/str/mod.rs
0x1ec4e6 2000
0x1ec4e9 2000 0 0 0 0 0 0 0 0 2000
0x1ec4eb 2000
0x1ec4ee 2000 0 0 0 0 0 0 0 0 2000
fi=/rustc/48a229ceaefd4985c50990b14116b6d856af0985/library/core/src/num/mod.rs
0x1ec4f0 2000 2000
fi=/rustc/48a229ceaefd4985c50990b14116b6d856af0985/library/core/src/str/traits.rs
0x1ec4f5 2000 0 0 0 0 0 0 0 0 2000
fi=/rustc/48a229ceaefd4985c50990b14116b6d856af0985/library/core/src/ptr/const_ptr.rs
0x1ec523 2000 0 0 1
fi=/rustc/48a229ceaefd4985c50990b14116b6d856af0985/library/core/src/ptr/mut_ptr.rs
0x1ec526 2000
fi=/rustc/48a229ceaefd4985c50990b14116b6d856af0985/library/core/src/iter/adapters/take.rs
0x1ec529 2000 0 2000
0x1ec52d 2000 0 2000
0x1ec531 2000 0 2000
fe=/tmp/botlish-post-structural-fn-1/native-audit/src/runtime/ops.rs
0x1ec535 2000 2000
0x1ec539 2000 2000 0 0 1
fi=/rustc/48a229ceaefd4985c50990b14116b6d856af0985/library/core/src/ptr/mut_ptr.rs
0x1ec53d 2000
0x1ec540 2000
fi=/rustc/48a229ceaefd4985c50990b14116b6d856af0985/library/core/src/iter/traits/iterator.rs
0x1ec544 2000 0 2000
cfn=<core::iter::adapters::take::Take<core::str::iter::Chars> as core::iter::traits::iterator::Iterator>::eq_by::<core::str::iter::Chars, <core::iter::adapters::take::Take<core::str::iter::Chars> as core::iter::traits::iterator::Iterator>::eq<core::str::iter::Chars>::{closure#0}>
calls=4000 0x207080 
0x1ec544 91600 18400 4000 4 1 0 0 0 0 19200 700
fi=/tmp/botlish-post-structural-fn-1/native-audit/src/runtime/value.rs
0x1ec549 2000
0x1ec54c 2000
fe=/tmp/botlish-post-structural-fn-1/native-audit/src/runtime/ops.rs
0x1ec554 2000
0x1ec558 2000 2000
0x1ec559 2000 2000
0x1ec55b 2000 2000
0x1ec55d 2000 2000
0x1ec55e 2000 2000

fn=rt_list_new
0x1ea9a0 5 0 5 1
0x1ea9a1 5
0x1ea9a4 5 0 5
0x1ea9a6 5 0 5
0x1ea9a8 5 0 5
0x1ea9aa 5 0 5
0x1ea9ac 5 0 5
0x1ea9ad 5
fi=/rustc/48a229ceaefd4985c50990b14116b6d856af0985/library/core/src/num/uint_macros.rs
0x1ea9b1 5
0x1ea9b9 5
0x1ea9bc 5
0x1ea9c0 5 0 0 1
0x1ea9c3 5
0x1ea9cd 5
0x1ea9d0 5
fi=/rustc/48a229ceaefd4985c50990b14116b6d856af0985/library/core/src/intrinsics/mod.rs
0x1ea9d3 5
0x1ea9d5 5 0 0 0 0 0 0 0 0 5 3
fi=/rustc/48a229ceaefd4985c50990b14116b6d856af0985/library/alloc/src/raw_vec/mod.rs
0x1ea9e8 5
0x1ea9eb 5
0x1ea9ee 5
0x1ea9f1 5 0 0 0 0 0 0 0 0 5 2
0x1ea9f3 4
0x1ea9f6 4 4 4 0 1 1 0 0 0 0 0 4
cfi=???
cfn=__rustc::__rust_no_alloc_shim_is_unstable_v2
calls=8 0x1a9190 
0x1ea9f6 16 8 4
0x1ea9fc 4
fi=/rustc/48a229ceaefd4985c50990b14116b6d856af0985/library/alloc/src/alloc.rs
0x1eaa02 4
0x1eaa07 4
0x1eaa0a 4 4 4 0 0 0 0 0 0 0 0 4
cfi=???
cfn=__rustc::__rust_alloc
calls=8 0x1a9150 
0x1eaa0a 400 87 45 0 4 0 0 0 0 61 5 4
fi=/rustc/48a229ceaefd4985c50990b14116b6d856af0985/library/alloc/src/raw_vec/mod.rs
0x1eaa10 4
0x1eaa13 4 0 0 0 0 0 0 0 0 4 2
0x1eaa15 4
0x1eaa18 4
0x1eaa1b 4
0x1eaa1d 1
0x1eaa22 1
fi=/rustc/48a229ceaefd4985c50990b14116b6d856af0985/library/alloc/src/vec/mod.rs
0x1eaa24 1 0 1
0x1eaa28 1 0 1
0x1eaa2c 1 0 1
fi=/rustc/48a229ceaefd4985c50990b14116b6d856af0985/library/alloc/src/slice.rs
0x1eaa34 1
0x1eaa37 1 0 0 0 0 0 0 0 0 1
fi=/rustc/48a229ceaefd4985c50990b14116b6d856af0985/library/alloc/src/vec/mod.rs
0x1eaa24 4 0 4
0x1eaa28 4 0 4
0x1eaa2c 4 0 4
fi=/rustc/48a229ceaefd4985c50990b14116b6d856af0985/library/alloc/src/slice.rs
0x1eaa34 4
0x1eaa37 4 0 0 0 0 0 0 0 0 4
fi=/rustc/48a229ceaefd4985c50990b14116b6d856af0985/library/core/src/ptr/mod.rs
0x1eaa39 4
0x1eaa3c 4
0x1eaa3f 4
0x1eaa42 4 4 4 0 0 0 0 0 0 0 0 4
cob=/usr/lib/x86_64-linux-gnu/libc.so.6
cfi=./string/../sysdeps/x86_64/multiarch/memmove-vec-unaligned-erms.S
cfn=__memcpy_avx_unaligned_erms
calls=8 0x188d80 
0x1eaa42 57 15 10 0 1 1 0 0 0 11 5
fi=/rustc/48a229ceaefd4985c50990b14116b6d856af0985/library/alloc/src/vec/mod.rs
0x1eaa48 4 0 4
0x1eaa4c 4
fe=/tmp/botlish-post-structural-fn-1/native-audit/src/runtime/ops.rs
0x1eaa50 4
0x1eaa53 4 4 4 0 2 0 0 0 0 0 0 4
cfi=/tmp/botlish-post-structural-fn-1/native-audit/src/runtime/vm.rs
cfn=<botlish_native::runtime::vm::Vm>::new_list
calls=8 0x2017b0 
0x1eaa53 636 171 117 0 3 6 0 0 2 85 7 12
fi=/rustc/48a229ceaefd4985c50990b14116b6d856af0985/library/alloc/src/vec/mod.rs
0x1eaa4c 1
fe=/tmp/botlish-post-structural-fn-1/native-audit/src/runtime/ops.rs
0x1eaa50 1
0x1eaa53 1 1 1 0 0 0 0 0 0 0 0 1
cfi=/tmp/botlish-post-structural-fn-1/native-audit/src/runtime/vm.rs
cfn=<botlish_native::runtime::vm::Vm>::new_list
calls=2 0x2017b0 
0x1eaa53 117 35 26 0 1 2 0 0 0 14 1 3
fi=/tmp/botlish-post-structural-fn-1/native-audit/src/runtime/metrics.rs
0x1eaa59 5 5
0x1eaa61 5 0 0 0 0 0 0 0 0 5
fe=/tmp/botlish-post-structural-fn-1/native-audit/src/runtime/ops.rs
0x1eaa6a 5
0x1eaa6e 5 5
0x1eaa6f 5 5
0x1eaa71 5 5
0x1eaa73 5 5
0x1eaa75 5 5
0x1eaa77 5 5
0x1eaa78 5 5

fn=rt_str_len
0x1ea930 810 0 810
0x1ea931 810
0x1ea934 810
0x1ea938 810 810 0 0 3
0x1ea93c 810
fi=/rustc/48a229ceaefd4985c50990b14116b6d856af0985/library/core/src/ops/range.rs
0x1ea946 810
fi=/tmp/botlish-post-structural-fn-1/native-audit/src/runtime/vm.rs
0x1ea949 810 0 0 0 0 0 0 0 0 810 1
fi=/tmp/botlish-post-structural-fn-1/native-audit/src/runtime/value.rs
0x1ea94b 810
fe=/tmp/botlish-post-structural-fn-1/native-audit/src/runtime/ops.rs
0x1ea953 810
0x1ea957 810 810
0x1ea958 810 810

fn=rt_is_tcl_alnum
0x1ea440 6800 0 6800
0x1ea441 6800
0x1ea444 6800
0x1ea448 6800
0x1ea44b 6800
0x1ea44e 6800
0x1ea455 6800
0x1ea459 6800 0 6800
cfn=botlish_native::runtime::ops::one_scalar
calls=13600 0x1e1800 
0x1ea459 167200 54800 47600 3 0 0 0 0 0 20800 400
0x1ea45e 6800 6800
0x1ea462 6800 0 0 0 0 0 0 0 0 6800
0x1ea468 1200
0x1ea46c 1200 1200
0x1ea46d 1200 1200
0x1ea46e 6800 6800
fi=/home/markus/.cargo/registry/src/index.crates.io-1949cf8c6b5b557f/unicode-general-category-1.1.0/src/category.rs
0x1ea471 6800
0x1ea474 6800
0x1ea477 6800
0x1ea47e 6800 6800 0 0 1
0x1ea482 6800
0x1ea485 6800
0x1ea48c 6800 0 0 0 0 0 0 0 0 6800 1
0x1ea48e 6800
0x1ea495 6800 6800 0 0 3
0x1ea499 6800
0x1ea49e 6800
fe=/tmp/botlish-post-structural-fn-1/native-audit/src/runtime/ops.rs
0x1ea4a1 6800 0 0 0 0 0 0 0 0 6800
0x1ea4a3 6800
0x1ea4a8 6800 6800 6800
0x1ea4ab 6800 0 0 0 0 0 0 0 0 6800 1200
0x1ea4ad 5600
0x1ea4b2 5600
0x1ea4b6 5600 5600
0x1ea4b7 5600 5600

fn=botlish_native::runtime::ops::one_scalar
0x1e1800 6800 0 6800 1
0x1e1801 6800
0x1e1804 6800 0 6800
0x1e1806 6800 0 6800
0x1e1807 6800
0x1e180b 6800
0x1e180e 6800 0 6800
0x1e1812 6800 0 6800
0x1e181a 6800 6800
0x1e181f 6800 0 0 0 0 0 0 0 0 6800
fi=/rustc/48a229ceaefd4985c50990b14116b6d856af0985/library/core/src/ptr/non_null.rs
0x1e1821 6800 6800
fi=/rustc/48a229ceaefd4985c50990b14116b6d856af0985/library/core/src/slice/iter/macros.rs
0x1e1826 6800 0 0 0 0 0 0 0 0 6800
fe=/tmp/botlish-post-structural-fn-1/native-audit/src/runtime/ops.rs
0x1e182c 6800 6800
fi=/rustc/48a229ceaefd4985c50990b14116b6d856af0985/library/core/src/str/validations.rs
0x1e1830 6800 6800
0x1e1833 6800
0x1e1835 6800 0 0 0 0 0 0 0 0 6800 400
0x1e183b 400
0x1e183d 400
0x1e1840 400 400 0 1
0x1e1844 400
0x1e1847 400
0x1e1849 400 0 0 0 0 0 0 0 0 400
0x1e194b 400
0x1e194e 400
0x1e1950 400
0x1e1952 400
fe=/tmp/botlish-post-structural-fn-1/native-audit/src/runtime/ops.rs
0x1e195b 6800 0 6800 1
0x1e195e 6800
0x1e1960 6800 0 6800
0x1e1962 6800
0x1e1966 6800 6800
0x1e1967 6800 6800
0x1e1969 6800 6800
0x1e196a 6800 6800

fn=botlish_native::runtime::ops::region_one_scalar
0x1e2850 2000 0 2000 1
0x1e2851 2000
0x1e2854 2000 0 2000
0x1e2856 2000 0 2000
0x1e2857 2000
0x1e285b 2000
0x1e285e 2000 0 2000
0x1e2862 2000 0 2000
fi=/tmp/botlish-post-structural-fn-1/native-audit/src/runtime/value.rs
0x1e286a 2000
0x1e286c 2000 0 0 0 0 0 0 0 0 2000
0x1e2872 2000
0x1e2876 2000 0 0 0 0 0 0 0 0 2000
0x1e287c 2000
0x1e287f 2000 0 0 1
0x1e2882 2000
0x1e2885 2000
fe=/tmp/botlish-post-structural-fn-1/native-audit/src/runtime/ops.rs
0x1e2888 2000
0x1e288b 2000
0x1e288f 2000 0 0 0 0 0 0 0 0 2000
0x1e2891 2000 2000
0x1e2895 2000 0 0 0 0 0 0 0 0 2000
0x1e293d 2000 2000 0 1
0x1e2941 2000 2000
fi=/rustc/48a229ceaefd4985c50990b14116b6d856af0985/library/core/src/ptr/mut_ptr.rs
0x1e2945 2000
0x1e2949 2000
fi=/rustc/48a229ceaefd4985c50990b14116b6d856af0985/library/core/src/iter/traits/iterator.rs
0x1e294b 2000
0x1e294e 2000 0 0 0 0 0 0 0 0 2000
0x1e2954 2000
0x1e2957 2000
0x1e2960 9200
fi=/rustc/48a229ceaefd4985c50990b14116b6d856af0985/library/core/src/str/iter.rs
0x1e2964 9200
0x1e2967 9200
0x1e296a 9200
0x1e296d 9200
fi=/rustc/48a229ceaefd4985c50990b14116b6d856af0985/library/core/src/iter/traits/iterator.rs
0x1e2970 9200
0x1e2973 9200 0 0 0 0 0 0 0 0 9200 800
fi=/rustc/48a229ceaefd4985c50990b14116b6d856af0985/library/core/src/str/iter.rs
0x1e2964 6000
0x1e2967 6000
0x1e296a 6000
0x1e296d 6000
fi=/rustc/48a229ceaefd4985c50990b14116b6d856af0985/library/core/src/iter/traits/iterator.rs
0x1e2970 6000
0x1e2973 6000 0 0 0 0 0 0 0 0 6000 1200
fi=/rustc/48a229ceaefd4985c50990b14116b6d856af0985/library/core/src/ptr/non_null.rs
0x1e2979 15200
fi=/rustc/48a229ceaefd4985c50990b14116b6d856af0985/library/core/src/slice/iter/macros.rs
0x1e297c 15200 0 0 1 0 0 0 0 0 15200
fi=/rustc/48a229ceaefd4985c50990b14116b6d856af0985/library/core/src/str/validations.rs
0x1e2982 15200 15200
0x1e2986 15200
0x1e2989 15200 0 0 0 0 0 0 0 0 15200 6800
0x1e298b 6000
0x1e298f 6000 0 0 0 0 0 0 0 0 6000 2000
0x1e2991 4000
0x1e2995 4000
0x1e2998 4000
0x1e299c 4000
0x1e29a0 4000
0x1e29a2 2000
0x1e29a6 2000
fe=/tmp/botlish-post-structural-fn-1/native-audit/src/runtime/ops.rs
0x1e2a04 2000 0 0 1
fi=/rustc/48a229ceaefd4985c50990b14116b6d856af0985/library/core/src/ptr/non_null.rs
0x1e2a07 2000
fi=/rustc/48a229ceaefd4985c50990b14116b6d856af0985/library/core/src/slice/iter/macros.rs
0x1e2a0a 2000 0 0 0 0 0 0 0 0 2000
fi=/rustc/48a229ceaefd4985c50990b14116b6d856af0985/library/core/src/str/validations.rs
0x1e2a0c 2000 2000
0x1e2a10 2000
0x1e2a12 2000 0 0 0 0 0 0 0 0 2000
0x1e2a14 2000
0x1e2a16 2000
fi=/tmp/botlish-post-structural-fn-1/native-audit/src/runtime/metrics.rs
0x1e2a19 2000 2000
0x1e2a21 2000 0 0 0 0 0 0 0 0 2000 700
fi=/rustc/48a229ceaefd4985c50990b14116b6d856af0985/library/core/src/str/mod.rs
0x1e2a32 2000
0x1e2a35 2000 0 0 0 0 0 0 0 0 2000
0x1e2a37 2000
0x1e2a3a 2000 0 0 0 0 0 0 0 0 2000
fi=/rustc/48a229ceaefd4985c50990b14116b6d856af0985/library/core/src/num/mod.rs
0x1e2a3c 2000 2000
fi=/rustc/48a229ceaefd4985c50990b14116b6d856af0985/library/core/src/str/traits.rs
0x1e2a40 2000 0 0 1 0 0 0 0 0 2000
fi=/rustc/48a229ceaefd4985c50990b14116b6d856af0985/library/core/src/ptr/non_null.rs
0x1e2a66 2000
fi=/rustc/48a229ceaefd4985c50990b14116b6d856af0985/library/core/src/slice/iter/macros.rs
0x1e2a69 2000 0 0 0 0 0 0 0 0 2000
fi=/rustc/48a229ceaefd4985c50990b14116b6d856af0985/library/core/src/str/validations.rs
0x1e2a6f 2000 2000
0x1e2a73 2000
0x1e2a75 2000 0 0 0 0 0 0 0 0 2000
0x1e2a7c 2000
0x1e2a7e 2000 0 0 1
0x1e2a81 2000 2000
0x1e2a87 2000
0x1e2a8b 2000
0x1e2a8e 2000 0 0 0 0 0 0 0 0 2000
0x1e2a90 2000 2000
0x1e2a95 2000
0x1e2a99 2000
0x1e2a9c 2000
0x1e2a9f 2000
0x1e2aa2 2000 0 0 0 0 0 0 0 0 2000
0x1e2ac6 2000 0 0 1
0x1e2ac9 2000
fe=/tmp/botlish-post-structural-fn-1/native-audit/src/runtime/ops.rs
0x1e2acb 2000 0 2000
0x1e2ace 2000
0x1e2ad0 2000 0 2000
0x1e2ad2 2000
0x1e2ad6 2000 2000
0x1e2ad7 2000 2000
0x1e2ad9 2000 2000
0x1e2ada 2000 2000

fl=/tmp/botlish-post-structural-fn-1/native-audit/src/runtime/vm.rs
fn=botlish_native::runtime::vm::str_object
0x201940 2000 0 2000 1
0x201941 2000
0x201944 2000 0 2000
0x201946 2000 0 2000
0x201948 2000 0 2000
0x20194a 2000 0 2000
0x20194c 2000 0 2000
0x20194d 2000
0x201951 2000 0 2000
0x201954 2000
0x201957 2000
fi=/rustc/48a229ceaefd4985c50990b14116b6d856af0985/library/alloc/src/raw_vec/mod.rs
0x20195a 2000 2000
fi=/rustc/48a229ceaefd4985c50990b14116b6d856af0985/library/alloc/src/vec/mod.rs
0x20195e 2000 2000
fi=/rustc/48a229ceaefd4985c50990b14116b6d856af0985/library/core/src/slice/ascii.rs
0x201962 2000
0x201966 2000 0 0 0 0 0 0 0 0 2000
fi=/rustc/48a229ceaefd4985c50990b14116b6d856af0985/library/core/src/slice/mod.rs
0x20196c 2000
0x20196f 2000
0x201973 2000 0 0 0 0 0 0 0 0 2000
0x201991 2000 0 0 1
0x201994 2000
0x201997 2000
fi=/rustc/48a229ceaefd4985c50990b14116b6d856af0985/library/core/src/slice/iter/macros.rs
0x20199a 2000 0 0 0 0 0 0 0 0 2000
fi=/rustc/48a229ceaefd4985c50990b14116b6d856af0985/library/core/src/num/mod.rs
0x2019a0 2000 2000
fi=/rustc/48a229ceaefd4985c50990b14116b6d856af0985/library/core/src/slice/iter/macros.rs
0x2019a4 2000 0 0 0 0 0 0 0 0 2000
fi=/rustc/48a229ceaefd4985c50990b14116b6d856af0985/library/core/src/ptr/non_null.rs
0x2019aa 1600
fi=/rustc/48a229ceaefd4985c50990b14116b6d856af0985/library/core/src/slice/iter/macros.rs
0x2019ad 1600 0 0 0 0 0 0 0 0 1600
0x201aa4 1600 0 0 1
0x201aa7 1600
fi=/rustc/48a229ceaefd4985c50990b14116b6d856af0985/library/core/src/str/count.rs
0x201ab3 400
0x201ab7 400 0 0 0 0 0 0 0 0 400
0x201ab9 400
0x201abc 400
0x201abf 400 400 400 0 1 0 0 0 0 0 0 400
cfi=/rustc/48a229ceaefd4985c50990b14116b6d856af0985/library/core/src/ptr/non_null.rs
cfn=core::str::count::char_count_general_case
calls=801 0x70bdc0 
0x201abf 8800 1200 0 2 0 0 0 0 0 1600
0x201ac5 400
0x201ad3 400
0x201ad6 400
fi=/tmp/botlish-post-structural-fn-1/native-audit/src/runtime/value.rs
0x201ad9 400 0 400
0x201ade 400 0 400
fe=/tmp/botlish-post-structural-fn-1/native-audit/src/runtime/vm.rs
0x201ae6 400 400
fi=/rustc/48a229ceaefd4985c50990b14116b6d856af0985/library/alloc/src/vec/mod.rs
0x201aea 400
0x201aed 400 0 0 0 0 0 0 0 0 400
fi=/tmp/botlish-post-structural-fn-1/native-audit/src/runtime/value.rs
0x201ad9 1600 0 1600 1
0x201ade 1600 0 1600
fe=/tmp/botlish-post-structural-fn-1/native-audit/src/runtime/vm.rs
0x201ae6 1600 1600
fi=/rustc/48a229ceaefd4985c50990b14116b6d856af0985/library/alloc/src/vec/mod.rs
0x201aea 1600
0x201aed 1600 0 0 0 0 0 0 0 0 1600
0x201aef 2000 0 2000
fi=/rustc/48a229ceaefd4985c50990b14116b6d856af0985/library/alloc/src/raw_vec/mod.rs
0x201af3 2000
0x201af6 2000 0 0 0 0 0 0 0 0 2000
fi=/rustc/48a229ceaefd4985c50990b14116b6d856af0985/library/alloc/src/alloc.rs
0x201af8 2000
0x201afd 2000
0x201b00 2000
0x201b03 2000
0x201b06 2000 2000 2000 0 1 0 0 0 0 0 0 2000
cfi=???
cfn=__rustc::__rust_realloc
calls=4000 0x1a9170 
0x201b06 386000 74000 48000 1 224 0 0 0 0 60000 3157 2000
0x201b0c 2000
0x201b0f 2000
fi=/rustc/48a229ceaefd4985c50990b14116b6d856af0985/library/core/src/result.rs
0x201b12 2000
0x201b15 2000 2000
0x201b19 2000 0 0 0 0 0 0 0 0 2000
fe=/tmp/botlish-post-structural-fn-1/native-audit/src/runtime/vm.rs
0x201b48 2000 0 2000
0x201b4e 2000 2000
0x201b51 2000 0 2000
0x201b55 2000 0 2000
0x201b59 2000 0 2000
0x201b5d 2000 0 2000
0x201b61 2000 0 2000
0x201b65 2000
0x201b68 2000
0x201b6c 2000 2000
0x201b6d 2000 2000
0x201b6f 2000 2000
0x201b71 2000 2000
0x201b73 2000 2000
0x201b75 2000 2000
0x201b76 2000 2000

fn=<botlish_native::runtime::vm::Vm>::new_set
0x2014d0 2 0 2 1
0x2014d1 2
0x2014d4 2 0 2
0x2014d6 2 0 2
0x2014d8 2 0 2
0x2014da 2 0 2
0x2014dc 2 0 2
0x2014dd 2 0 2
0x2014de 2
fi=/rustc/48a229ceaefd4985c50990b14116b6d856af0985/library/alloc/src/vec/mod.rs
0x2014e1 2 2
fe=/tmp/botlish-post-structural-fn-1/native-audit/src/runtime/vm.rs
0x2014e5 2 2
0x2014e8 2 2
fi=/rustc/48a229ceaefd4985c50990b14116b6d856af0985/library/alloc/src/vec/mod.rs
0x2014ec 2
0x2014ef 2 0 0 0 0 0 0 0 0 2
fi=/rustc/48a229ceaefd4985c50990b14116b6d856af0985/library/alloc/src/raw_vec/mod.rs
0x201530 2 0 0 1
fi=/tmp/botlish-post-structural-fn-1/native-audit/src/runtime/heap.rs
0x201533 2 2
0x20153b 2
0x20153d 2 0 0 0 0 0 0 0 0 2 1
0x20153f 2 2
0x201546 2 2
fe=/tmp/botlish-post-structural-fn-1/native-audit/src/runtime/vm.rs
0x20154d 2 0 0 0 0 0 0 0 0 2
0x20154f 2
fi=/rustc/48a229ceaefd4985c50990b14116b6d856af0985/library/alloc/src/alloc.rs
0x20157f 2 2 2 0 0 0 0 0 0 0 0 2
cfi=???
cfn=__rustc::__rust_no_alloc_shim_is_unstable_v2
calls=4 0x1a9190 
0x20157f 8 4 2
0x201585 2
0x20158a 2
0x20158f 2 2 2 0 0 0 0 0 0 0 0 2
cfi=???
cfn=__rustc::__rust_alloc
calls=4 0x1a9150 
0x20158f 116 28 16 0 1 0 0 0 0 16 0 2
fi=/rustc/48a229ceaefd4985c50990b14116b6d856af0985/library/alloc/src/boxed.rs
0x201595 2
0x201598 2 0 0 0 0 0 0 0 0 2 2
0x20159e 2
0x2015a1 2 0 2
0x2015a4 2 0 2
0x2015ab 2 0 2
0x2015b2 2 0 2
fe=/tmp/botlish-post-structural-fn-1/native-audit/src/runtime/vm.rs
0x2015b6 2
fi=/rustc/48a229ceaefd4985c50990b14116b6d856af0985/library/alloc/src/boxed.rs
0x2015ba 2 0 2 0 0 1
fe=/tmp/botlish-post-structural-fn-1/native-audit/src/runtime/vm.rs
0x2015be 2 0 0 1
fi=/rustc/48a229ceaefd4985c50990b14116b6d856af0985/library/alloc/src/vec/mod.rs
0x2015c2 2 2
0x2015c9 2 2
0x2015cd 2 0 0 0 0 0 0 0 0 2
fi=/rustc/48a229ceaefd4985c50990b14116b6d856af0985/library/alloc/src/raw_vec/mod.rs
0x2015d9 2 2
fi=/rustc/48a229ceaefd4985c50990b14116b6d856af0985/library/core/src/ptr/mod.rs
0x2015dd 2 0 2
fi=/rustc/48a229ceaefd4985c50990b14116b6d856af0985/library/alloc/src/vec/mod.rs
0x2015e1 2
0x2015e4 2 0 2
fi=/tmp/botlish-post-structural-fn-1/native-audit/src/runtime/heap.rs
0x2015eb 2 0 2
fi=/tmp/botlish-post-structural-fn-1/native-audit/src/runtime/metrics.rs
0x2015f2 2 2
fe=/tmp/botlish-post-structural-fn-1/native-audit/src/runtime/vm.rs
0x2015fa 2 0 0 0 0 0 0 0 0 2
0x201622 2
0x201625 2
0x201629 2 2
0x20162a 2 2
0x20162c 2 2
0x20162e 2 2
0x201630 2 2
0x201632 2 2
0x201633 2 2

fn=<botlish_native::runtime::vm::Vm>::alloc::<botlish_native::runtime::value::StrObj>
0x1ff690 6804 0 6804
0x1ff691 6804
0x1ff694 6804 0 6804
0x1ff696 6804 0 6804
0x1ff698 6804 0 6804
0x1ff69a 6804 0 6804
0x1ff69c 6804 0 6804
0x1ff69d 6804 0 6804
0x1ff69e 6804 0 6804
0x1ff6a2 6804
0x1ff6a5 6804
fi=/tmp/botlish-post-structural-fn-1/native-audit/src/runtime/heap.rs
0x1ff6a8 6804 6804
0x1ff6af 6804
0x1ff6b1 6804 0 0 0 0 0 0 0 0 6804 1
0x1ff6b3 6804 6804
0x1ff6ba 6804 6804
fe=/tmp/botlish-post-structural-fn-1/native-audit/src/runtime/vm.rs
0x1ff6c1 6804 0 0 0 0 0 0 0 0 6804
0x1ff6ce 6804 6804
0x1ff6d3 6804 6804
fi=/rustc/48a229ceaefd4985c50990b14116b6d856af0985/library/alloc/src/alloc.rs
0x1ff6d8 6804 6804 6804 0 0 0 0 0 0 0 0 6804
cfi=???
cfn=__rustc::__rust_no_alloc_shim_is_unstable_v2
calls=13608 0x1a9190 
0x1ff6d8 27216 13608 6804
0x1ff6de 6804
0x1ff6e3 6804
0x1ff6e8 6804 6804 6804 0 0 0 0 0 0 0 0 6804
cfi=???
cfn=__rustc::__rust_alloc
calls=13608 0x1a9150 
0x1ff6e8 736178 165924 91013 0 813 7 0 0 5 123385 3024 6804
fi=/rustc/48a229ceaefd4985c50990b14116b6d856af0985/library/alloc/src/boxed.rs
0x1ff6ee 6804
0x1ff6f1 6804 0 0 0 0 0 0 0 0 6804
0x1ff6f7 6804
0x1ff6fa 6804 6804
0x1ff6ff 6804 0 6804 0 0 11
0x1ff703 6804 6804
0x1ff708 6804 0 6804
0x1ff70c 6804 0 6804
0x1ff710 6804 0 6804 0 0 14
0x1ff714 6804 6804
fe=/tmp/botlish-post-structural-fn-1/native-audit/src/runtime/vm.rs
0x1ff718 6804
fi=/rustc/48a229ceaefd4985c50990b14116b6d856af0985/library/alloc/src/vec/mod.rs
0x1ff71c 6804 6804
0x1ff723 6804 6804
0x1ff727 6804 0 0 0 0 0 0 0 0 6804 2
fi=/rustc/48a229ceaefd4985c50990b14116b6d856af0985/library/alloc/src/raw_vec/mod.rs
0x1ff733 6804 6804
fi=/rustc/48a229ceaefd4985c50990b14116b6d856af0985/library/core/src/ptr/mod.rs
0x1ff737 6804 0 6804 0 0 850
fi=/rustc/48a229ceaefd4985c50990b14116b6d856af0985/library/alloc/src/vec/mod.rs
0x1ff73b 6804
0x1ff73e 6804 0 6804
fi=/tmp/botlish-post-structural-fn-1/native-audit/src/runtime/heap.rs
0x1ff745 6804 0 6804
fi=/tmp/botlish-post-structural-fn-1/native-audit/src/runtime/metrics.rs
0x1ff74c 6804 6804
fe=/tmp/botlish-post-structural-fn-1/native-audit/src/runtime/vm.rs
0x1ff754 6804 0 0 0 0 0 0 0 0 6804 1
0x1ff77a 6804
0x1ff77d 6804
0x1ff781 6804 6804
0x1ff782 6804 6804
0x1ff784 6804 6804
0x1ff786 6804 6804
0x1ff788 6804 6804
0x1ff78a 6804 6804
0x1ff78b 6804 6804

fn=<botlish_native::runtime::vm::Vm>::new_str
0x201660 2000 0 2000 1
0x201661 2000
0x201664 2000 0 2000
0x201665 2000
0x20166c 2000
0x20166f 2000
0x201673 2000
0x201675 2000 2000 2000 0 1 0 0 0 0 0 0 2000
cfn=botlish_native::runtime::vm::str_object
calls=4000 0x201940 
0x201675 520400 103600 82400 7 226 0 0 0 0 77600 3157 4400
0x20167b 2000 2000
0x20167f 2000 0 2000 1
0x201683 2000
0x201687 2000 0 0 0 0 0 0 0 0 2000
0x201689 2000 2000
0x20168d 2000
0x201691 2000
0x201694 2000 0 2000
cfn=<botlish_native::runtime::vm::Vm>::alloc::<botlish_native::runtime::value::StrObj>
calls=4000 0x1ff690 
0x201694 330250 94750 62750 0 0 251 0 0 0 46250 1804 6000
0x201699 2000
0x2016a0 2000 2000
0x2016a1 2000 2000
0x2016a2 2000 2000

fn=<botlish_native::runtime::vm::Vm>::new_list
0x2017b0 12 0 12
0x2017b1 12
0x2017b4 12 0 12
0x2017b6 12 0 12
0x2017b8 12 0 12
0x2017ba 12 0 12
0x2017bc 12 0 12
0x2017bd 12 0 12
0x2017be 12
fi=/rustc/48a229ceaefd4985c50990b14116b6d856af0985/library/alloc/src/vec/mod.rs
0x2017c1 12 12
fe=/tmp/botlish-post-structural-fn-1/native-audit/src/runtime/vm.rs
0x2017c5 12 12
0x2017c8 12 12
fi=/rustc/48a229ceaefd4985c50990b14116b6d856af0985/library/alloc/src/vec/mod.rs
0x2017cc 12
0x2017cf 12 0 0 0 0 0 0 0 0 12 5
fi=/rustc/48a229ceaefd4985c50990b14116b6d856af0985/library/alloc/src/raw_vec/mod.rs
0x201810 12
fi=/tmp/botlish-post-structural-fn-1/native-audit/src/runtime/heap.rs
0x201813 12 12
0x20181b 12
0x20181d 12 0 0 0 0 0 0 0 0 12
0x20181f 12 12
0x201826 12 12
fe=/tmp/botlish-post-structural-fn-1/native-audit/src/runtime/vm.rs
0x20182d 12 0 0 0 0 0 0 0 0 12 1
0x20182f 12
fi=/rustc/48a229ceaefd4985c50990b14116b6d856af0985/library/alloc/src/alloc.rs
0x20185f 12 12 12 0 0 1 0 0 0 0 0 12
cfi=???
cfn=__rustc::__rust_no_alloc_shim_is_unstable_v2
calls=24 0x1a9190 
0x20185f 48 24 12
0x201865 12
0x20186a 12
0x20186f 12 12 12 0 0 0 0 0 0 0 0 12
cfi=???
cfn=__rustc::__rust_alloc
calls=24 0x1a9150 
0x20186f 1265 282 152 0 5 3 0 0 1 206 8 12
fi=/rustc/48a229ceaefd4985c50990b14116b6d856af0985/library/alloc/src/boxed.rs
0x201875 12
0x201878 12 0 0 0 0 0 0 0 0 12 2
0x20187e 12
0x201881 12 0 12
0x201884 12 0 12
0x20188b 12 0 12
0x201892 12 0 12
fe=/tmp/botlish-post-structural-fn-1/native-audit/src/runtime/vm.rs
0x201896 12
fi=/rustc/48a229ceaefd4985c50990b14116b6d856af0985/library/alloc/src/boxed.rs
0x20189a 12 0 12 0 0 2
fe=/tmp/botlish-post-structural-fn-1/native-audit/src/runtime/vm.rs
0x20189e 12
fi=/rustc/48a229ceaefd4985c50990b14116b6d856af0985/library/alloc/src/vec/mod.rs
0x2018a2 12 12
0x2018a9 12 12
0x2018ad 12 0 0 0 0 0 0 0 0 12 1
fi=/rustc/48a229ceaefd4985c50990b14116b6d856af0985/library/alloc/src/raw_vec/mod.rs
0x2018b9 12 12
fi=/rustc/48a229ceaefd4985c50990b14116b6d856af0985/library/core/src/ptr/mod.rs
0x2018bd 12 0 12 0 0 4 0 0 1
fi=/rustc/48a229ceaefd4985c50990b14116b6d856af0985/library/alloc/src/vec/mod.rs
0x2018c1 12
0x2018c4 12 0 12
fi=/tmp/botlish-post-structural-fn-1/native-audit/src/runtime/heap.rs
0x2018cb 12 0 12
fi=/tmp/botlish-post-structural-fn-1/native-audit/src/runtime/metrics.rs
0x2018d2 12 12
fe=/tmp/botlish-post-structural-fn-1/native-audit/src/runtime/vm.rs
0x2018da 12 0 0 0 0 0 0 0 0 12 2
0x201902 12
0x201905 12
0x201909 12 12
0x20190a 12 12
0x20190c 12 12
0x20190e 12 12
0x201910 12 12
0x201912 12 12
0x201913 12 12

fn=<botlish_native::runtime::vm::Vm>::new_str_known
0x2008a0 4804 0 4804
0x2008a1 4804
0x2008a4 4804 0 4804
0x2008a6 4804 0 4804
0x2008a8 4804 0 4804
0x2008aa 4804 0 4804
0x2008ac 4804 0 4804
0x2008ad 4804
0x2008b1 4804
0x2008b4 4804
0x2008b7 4804 0 4804 0 0 1
0x2008bb 4804
0x2008be 4804
0x2008c2 4804 0 0 0 0 0 0 0 0 4804
fi=/rustc/48a229ceaefd4985c50990b14116b6d856af0985/library/alloc/src/vec/mod.rs
0x2008c4 4804 4804
fi=/tmp/botlish-post-structural-fn-1/native-audit/src/runtime/value.rs
0x2008c8 4804 0 4804
0x2008cc 4804 0 4804
fe=/tmp/botlish-post-structural-fn-1/native-audit/src/runtime/vm.rs
0x2008d3 4804 4804
0x2008d6 4804 4804
fi=/rustc/48a229ceaefd4985c50990b14116b6d856af0985/library/alloc/src/vec/mod.rs
0x2008da 4804
0x2008dd 4804 0 0 0 0 0 0 0 0 4804 1
fi=/rustc/48a229ceaefd4985c50990b14116b6d856af0985/library/alloc/src/alloc.rs
0x2009c0 4804
fi=/rustc/48a229ceaefd4985c50990b14116b6d856af0985/library/alloc/src/vec/mod.rs
0x2009c3 4804
fe=/tmp/botlish-post-structural-fn-1/native-audit/src/runtime/vm.rs
0x200a32 4804 0 4804
0x200a38 4804 0 4804
0x200a3c 4804 0 4804
0x200a40 4804 0 4804
0x200a43 4804 0 4804
0x200a47 4804 0 4804
0x200a4b 4804
0x200a4f 4804
0x200a52 4804
0x200a55 4804 0 4804
cfn=<botlish_native::runtime::vm::Vm>::alloc::<botlish_native::runtime::value::StrObj>
calls=9608 0x1ff690 
0x200a55 793756 227666 150735 0 813 631 0 0 5 111155 1224 14412
0x200a5a 4804
0x200a5e 4804 4804
0x200a5f 4804 4804
0x200a61 4804 4804
0x200a63 4804 4804
0x200a65 4804 4804
0x200a67 4804 4804
0x200a68 4804 4804

fn=<botlish_native::runtime::vm::Vm>::alloc::<botlish_native::runtime::construct::StrPlanObj>
0x1ff8d0 2 0 2 1
0x1ff8d1 2
0x1ff8d4 2 0 2
0x1ff8d6 2 0 2
0x1ff8d8 2 0 2
0x1ff8da 2 0 2
0x1ff8dc 2 0 2
0x1ff8dd 2 0 2
0x1ff8de 2
0x1ff8e1 2
0x1ff8e4 2
fi=/tmp/botlish-post-structural-fn-1/native-audit/src/runtime/heap.rs
0x1ff8e7 2 2
0x1ff8ee 2
0x1ff8f0 2 0 0 0 0 0 0 0 0 2
0x1ff8f2 2 2
0x1ff8f9 2 2
fe=/tmp/botlish-post-structural-fn-1/native-audit/src/runtime/vm.rs
0x1ff900 2 0 0 1 0 0 0 0 0 2
0x1ff90d 2 2
0x1ff912 2 0 2
0x1ff916 2 2
fi=/rustc/48a229ceaefd4985c50990b14116b6d856af0985/library/alloc/src/alloc.rs
0x1ff91b 2 2 2 0 0 0 0 0 0 0 0 2
cfi=???
cfn=__rustc::__rust_no_alloc_shim_is_unstable_v2
calls=4 0x1a9190 
0x1ff91b 8 4 2
0x1ff921 2
0x1ff926 2
0x1ff92b 2 2 2 0 0 0 0 0 0 0 0 2
cfi=???
cfn=__rustc::__rust_alloc
calls=4 0x1a9150 
0x1ff92b 116 28 16 0 2 0 0 0 0 16 1 2
fi=/rustc/48a229ceaefd4985c50990b14116b6d856af0985/library/alloc/src/boxed.rs
0x1ff931 2
0x1ff934 2 0 0 0 0 0 0 0 0 2
0x1ff93a 2
0x1ff93d 2 2 0 1
0x1ff942 2 2
0x1ff948 2 2
0x1ff94e 2 2
0x1ff954 2 0 2 0 0 2
0x1ff958 2 0 2
0x1ff95c 2 0 2
0x1ff960 2 0 2
fe=/tmp/botlish-post-structural-fn-1/native-audit/src/runtime/vm.rs
0x1ff963 2
fi=/rustc/48a229ceaefd4985c50990b14116b6d856af0985/library/alloc/src/vec/mod.rs
0x1ff967 2 2
0x1ff96e 2 2
0x1ff972 2 0 0 0 0 0 0 0 0 2
fi=/rustc/48a229ceaefd4985c50990b14116b6d856af0985/library/alloc/src/raw_vec/mod.rs
0x1ff97e 2 2 0 1
fi=/rustc/48a229ceaefd4985c50990b14116b6d856af0985/library/core/src/ptr/mod.rs
0x1ff982 2 0 2
fi=/rustc/48a229ceaefd4985c50990b14116b6d856af0985/library/alloc/src/vec/mod.rs
0x1ff986 2
0x1ff989 2 0 2
fi=/tmp/botlish-post-structural-fn-1/native-audit/src/runtime/heap.rs
0x1ff990 2 0 2
fi=/tmp/botlish-post-structural-fn-1/native-audit/src/runtime/metrics.rs
0x1ff997 2 2
fe=/tmp/botlish-post-structural-fn-1/native-audit/src/runtime/vm.rs
0x1ff99f 2 0 0 0 0 0 0 0 0 2
0x1ff9c5 2 0 0 1
0x1ff9c8 2
0x1ff9cc 2 2
0x1ff9cd 2 2
0x1ff9cf 2 2
0x1ff9d1 2 2
0x1ff9d3 2 2
0x1ff9d5 2 2
0x1ff9d6 2 2

fl=/rustc/48a229ceaefd4985c50990b14116b6d856af0985/library/core/src/ptr/non_null.rs
fn=core::str::count::char_count_general_case
0x70bdc0 400 0 0 1
fi=/rustc/48a229ceaefd4985c50990b14116b6d856af0985/library/core/src/slice/iter/macros.rs
0x70bdc3 400 0 0 0 0 0 0 0 0 400
0x70bdc5 400
0x70bdc9 400 0 0 0 0 0 0 0 0 400
0x70bdcb 400
0x70bdcd 400
0x70bdcf 400
fi=/rustc/48a229ceaefd4985c50990b14116b6d856af0985/library/core/src/str/validations.rs
0x70be62 800 0 0 1
0x70be64 800 800
0x70be68 800
fi=/rustc/48a229ceaefd4985c50990b14116b6d856af0985/library/core/src/iter/traits/accum.rs
0x70be6b 800
fi=/rustc/48a229ceaefd4985c50990b14116b6d856af0985/library/core/src/num/uint_macros.rs
0x70be6e 800
fi=/rustc/48a229ceaefd4985c50990b14116b6d856af0985/library/core/src/slice/iter/macros.rs
0x70be71 800
0x70be74 800 0 0 0 0 0 0 0 0 800
fi=/rustc/48a229ceaefd4985c50990b14116b6d856af0985/library/core/src/str/count.rs
0x70be76 400 400
fe=/rustc/48a229ceaefd4985c50990b14116b6d856af0985/library/core/src/ptr/non_null.rs

fl=/rustc/48a229ceaefd4985c50990b14116b6d856af0985/library/std/src/sys/backtrace.rs
fn=std::sys::backtrace::__rust_begin_short_backtrace::<botlish_native::main::{closure#2}, i32>
fi=/tmp/botlish-post-structural-fn-1/native-audit/src/main.rs
cfi=/tmp/botlish-post-structural-fn-1/native-audit/src/main.rs
cfn=botlish_native::cli
calls=1 0x1838c0 
0x19cc4f 6808550 1401336 1075560 232 8349 934 0 0 11 1048672 38973 77005 6
fe=/rustc/48a229ceaefd4985c50990b14116b6d856af0985/library/std/src/sys/backtrace.rs

fl=/rustc/48a229ceaefd4985c50990b14116b6d856af0985/library/std/src/sys/thread/unix.rs
fn=<std::sys::thread::unix::Thread>::new::thread_start
fi=/rustc/48a229ceaefd4985c50990b14116b6d856af0985/library/alloc/src/boxed.rs
cfi=/rustc/48a229ceaefd4985c50990b14116b6d856af0985/library/core/src/ops/function.rs
cfn=<std::thread::lifecycle::spawn_unchecked<botlish_native::main::{closure#2}, i32>::{closure#1} as core::ops::function::FnOnce<()>>::call_once::{shim:vtable#0}
calls=1 0x19d280 
0x6f420b 6808550 1401336 1075560 232 8349 934 0 0 11 1048672 38973 77005 6
fe=/rustc/48a229ceaefd4985c50990b14116b6d856af0985/library/std/src/sys/thread/unix.rs

fl=/rustc/48a229ceaefd4985c50990b14116b6d856af0985/library/core/src/iter/traits/iterator.rs
fn=<core::iter::adapters::take::Take<core::str::iter::Chars> as core::iter::traits::iterator::Iterator>::eq_by::<core::str::iter::Chars, <core::iter::adapters::take::Take<core::str::iter::Chars> as core::iter::traits::iterator::Iterator>::eq<core::str::iter::Chars>::{closure#0}>
0x207080 2000 0 2000 1
0x207081 2000
0x207084 2000 0 2000
0x207085 2000 2000
fi=/rustc/48a229ceaefd4985c50990b14116b6d856af0985/library/core/src/iter/adapters/take.rs
0x207089 2000
0x20708c 2000 0 0 0 0 0 0 0 0 2000
fe=/rustc/48a229ceaefd4985c50990b14116b6d856af0985/library/core/src/iter/traits/iterator.rs
0x207092 2000 2000
0x207096 2000 2000
0x207099 2000
0x20709c 2000
fi=/rustc/48a229ceaefd4985c50990b14116b6d856af0985/library/core/src/ptr/non_null.rs
0x2070a0 2000
fi=/rustc/48a229ceaefd4985c50990b14116b6d856af0985/library/core/src/slice/iter/macros.rs
0x2070a3 2000 0 0 0 0 0 0 0 0 2000
0x2070a9 2000
fi=/rustc/48a229ceaefd4985c50990b14116b6d856af0985/library/core/src/str/validations.rs
0x2070ac 2000 2000
0x2070b0 2000
0x2070b3 2000 0 0 0 0 0 0 0 0 2000
0x2070b5 800
fi=/rustc/48a229ceaefd4985c50990b14116b6d856af0985/library/core/src/ptr/non_null.rs
0x2070b8 800
fi=/rustc/48a229ceaefd4985c50990b14116b6d856af0985/library/core/src/slice/iter/macros.rs
0x2070bb 800 0 0 1 0 0 0 0 0 800
fi=/rustc/48a229ceaefd4985c50990b14116b6d856af0985/library/core/src/str/validations.rs
0x2070d0 1200
0x2070d3 1200
0x2070d7 1200 1200
0x2070dc 1200
0x2070e0 1200
0x2070e4 1200 0 0 0 0 0 0 0 0 1200
0x2070e6 1200 1200
0x2070eb 1200
0x2070ef 1200
0x2070f3 1200
0x2070f6 1200
0x2070fa 1200 0 0 0 0 0 0 0 0 1200
0x20713d 1200 0 0 1
0x207141 1200
0x207145 1200
0x207148 1200
fi=/rustc/48a229ceaefd4985c50990b14116b6d856af0985/library/core/src/ptr/non_null.rs
0x20714b 1200
fi=/rustc/48a229ceaefd4985c50990b14116b6d856af0985/library/core/src/slice/iter/macros.rs
0x20714e 1200 0 0 0 0 0 0 0 0 1200
0x207154 1200
fi=/rustc/48a229ceaefd4985c50990b14116b6d856af0985/library/core/src/str/validations.rs
0x207160 1200 1200
0x207164 1200
0x207167 1200 0 0 0 0 0 0 0 0 1200
0x207160 800 800 0 1 1
0x207164 800
0x207167 800 0 0 0 0 0 0 0 0 800
0x207169 2000
fi=/rustc/48a229ceaefd4985c50990b14116b6d856af0985/library/core/src/iter/adapters/take.rs
0x20716c 2000
0x20716f 2000
0x207173 2000 0 0 0 0 0 0 0 0 2000
0x207179 2000
0x207219 2000
0x20721b 2000
0x20721e 2000 0 0 0 0 0 0 0 0 2000
0x207220 2000
0x207223 2000 0 0 0 0 0 0 0 0 2000
fi=/rustc/48a229ceaefd4985c50990b14116b6d856af0985/library/core/src/ptr/non_null.rs
0x207225 800
fi=/rustc/48a229ceaefd4985c50990b14116b6d856af0985/library/core/src/slice/iter/macros.rs
0x207228 800 0 0 0 0 0 0 0 0 800 700
fe=/rustc/48a229ceaefd4985c50990b14116b6d856af0985/library/core/src/iter/traits/iterator.rs
0x207235 1200 1200
0x207236 1200 1200
0x207237 1200 1200
0x207238 800
0x20723a 800 800
0x20723b 800 800
0x20723c 800 800

ob=/usr/lib/x86_64-linux-gnu/libc.so.6
fl=./nptl/./nptl/pthread_create.c
fn=start_thread
cob=/tmp/botlish-post-structural-fn-1/target/release/botlish-native
cfi=/rustc/48a229ceaefd4985c50990b14116b6d856af0985/library/std/src/sys/thread/unix.rs
cfn=<std::sys::thread::unix::Thread>::new::thread_start
calls=1 0x6f40c0 
0x9cb7e 6808550 1401336 1075560 232 8349 934 0 0 11 1048672 38973 77005 6

fl=./string/../sysdeps/x86_64/multiarch/memmove-vec-unaligned-erms.S
fn=__memcpy_avx_unaligned_erms
0x188d80 4825
0x188d84 4825
0x188d87 4825
0x188d8b 4825 0 0 0 0 0 0 0 0 4825 7
0x188d8d 9 9
0x188d91 9
0x188d95 9 0 0 0 0 0 0 0 0 9 3
0x188d9b 2 2
0x188da1 2 0 2
0x188da5 2 0 2
0x188dab 2
0x188dae 2 2
0x188db0 4816
0x188db3 4816 0 0 0 0 0 0 0 0 4816 2
0x188db5 4813
0x188db8 4813 0 0 0 0 0 0 0 0 4813 1
0x188dba 4812
0x188dbd 4812 0 0 0 0 0 0 0 0 4812 1
0x188dbf 4811
0x188dc2 4811 0 0 0 0 0 0 0 0 4811 2
0x188dc4 4809 4809 0 0 2
0x188dc6 4809 0 0 0 0 0 0 0 0 4809 1
0x188dc8 1 1
0x188dcd 1 0 1
0x188dd2 1 0 1
0x188dd4 1 1
0x188dd2 4808 0 4808
0x188dd4 4808 4808
0x188dd4 2 2
0x188dd5 1 1
0x188dd9 1 1
0x188ddb 1 0 1
0x188ddf 1 0 1
0x188de1 1 1
0x188de2 3 3
0x188de6 3 3
0x188dec 3 0 3
0x188df0 3 0 3 0 0 1
0x188df6 3 3
0x188e00 1 1
0x188e05 1 1
0x188e08 1 0 1
0x188e0b 1 0 1
0x188e10 1 1
0x188e11 1 1
0x188e17 1 1
0x188e1d 1 0 1
0x188e21 1 0 1
0x188e26 1 0 1 0 0 1
0x188e2c 1 0 1
0x188e32 1
0x188e35 1 1
0x188e40 7 7 0 0 1
0x188e47 7 0 0 0 0 0 0 0 0 7 2
0x188e4d 7
0x188e54 7 0 0 0 0 0 0 0 0 7
0x188e56 1 1
0x188e5b 1
0x188e62 1 0 0 0 0 0 0 0 0 1 1
0x188eb5 6
0x188eb8 6
0x188ebb 6
0x188ebe 6 0 0 1 0 0 0 0 0 6
0x188ec4 6 6 0 0 1
0x188ecb 6 0 0 0 0 0 0 0 0 6
0x188ed1 6
0x188ed5 6
0x188ed8 6
0x188edc 6
0x188ee2 6
0x188ee5 6 0 0 0 0 0 0 0 0 6
0x188eeb 6 6
0x188ef1 6 6
0x188ef7 6
0x188efa 6
0x188efe 6 6
0x188f04 6 6
0x188f0a 6
0x188f0d 6
0x188f10 6
0x188f13 6
0x188f18 6
0x188f20 6 6
0x188f24 6 6
0x188f29 6 6
0x188f2e 6 6
0x188f33 6
0x188f37 6 0 6 0 0 1
0x188f3b 6 0 6 0 0 1
0x188f40 6 0 6 0 0 1
0x188f45 6 0 6 0 0 1
0x188f4a 6
0x188f4e 6
0x188f51 6 0 0 0 0 0 0 0 0 6
0x188f20 18 18
0x188f24 18 18
0x188f29 18 18
0x188f2e 18 18
0x188f33 18
0x188f37 18 0 18 0 0 3
0x188f3b 18 0 18
0x188f40 18 0 18 0 0 3
0x188f45 18 0 18
0x188f4a 18
0x188f4e 18
0x188f51 18 0 0 0 0 0 0 0 0 18 2
0x188f53 6 0 6
0x188f58 6 0 6
0x188f5d 6 0 6
0x188f62 6 0 6
0x188f66 6 0 6
0x188f6a 6
0x188f6d 6 6

fl=./misc/../sysdeps/unix/sysv/linux/x86_64/clone.S
fn=clone
cfi=./nptl/./nptl/pthread_create.c
cfn=start_thread
calls=1 0x9c800 
0x129cc2 6808550 1401336 1075560 232 8349 934 0 0 11 1048672 38973 77005 6

fl=./string/../sysdeps/x86_64/multiarch/memcmp-avx2-movbe.S
fn=__memcmp_avx2_movbe
0x188620 6010
0x188624 6010
0x188628 6010 0 0 0 0 0 0 0 0 6010 3
0x188900 6010 0 0 1
0x188903 6010 0 0 0 0 0 0 0 0 6010
0x188980 6010 0 0 1 0 0 0 0 0 6010
0x188982 6010 6010 0 0 4
0x188985 6010 6010 0 0 1
0x188988 6010
0x18898a 6010 6010

fl=./malloc/./malloc/malloc.c
fn=alloc_perturb
0xa92d0 19 19
0xa92d6 19
0xa92d8 19 0 0 0 0 0 0 0 0 19
0xa92da 19 19

fn=_int_malloc
0xab650 1721 0 1721
0xab651 1721
0xab654 1721 0 1721 0 0 1
0xab656 1721 0 1721
0xab658 1721 0 1721
0xab65a 1721 0 1721
0xab65c 1721 0 1721
0xab65d 1721
0xab661 1721 1721
0xab66a 1721 0 1721 0 0 1
0xab66e 1721
0xab670 1721
0xab673 1721 0 0 0 0 0 0 0 0 1721
0xab679 1721
0xab67d 1721
0xab680 1721
0xab683 1721
0xab687 1721 0 0 0 0 0 0 0 0 1721 866
0xab68d 863
0xab691 863
0xab694 863 0 0 0 0 0 0 0 0 863
0xab69a 863 863
0xab6a1 863
0xab6a4 863 0 0 0 0 0 0 0 0 863
0xab6aa 863
0xab6ad 863
0xab6b1 863
0xab6b5 863
0xab6b8 863
0xab6bc 863
0xab6c0 863 863
0xab6c4 863
0xab6c7 863 0 0 0 0 0 0 0 0 863 4
0xab6cd 1702
0xab6d0 1702 0 0 0 0 0 0 0 0 1702
0xab6d6 1702
0xab6d9 1702 1702
0xab6e0 1702 0 0 0 0 0 0 0 0 1702 2
0xab6f9 1702 1702 0 0 658
0xab6fd 1702
0xab700 1702 0 0 1
0xab703 1702 0 0 0 0 0 0 0 0 1702
0xab709 1702 1702
0xab710 1702
0xab714 1702
0xab718 1702 1702
0xab71c 1702
0xab71f 1702 0 0 0 0 0 0 0 0 1702
0xab725 1702 1702
0xab72c 1702 0 0 0 0 0 0 0 0 1702
0xab732 1702 1702
0xab737 1702 1702
0xab73e 1702 0 0 1
0xab742 1702
0xab745 1702
0xab748 1702 0 0 0 0 0 0 0 0 1702
0xab766 11900 11900
0xab76a 11900 11900
0xab771 11900
0xab774 11900 0 11900
0xab778 11900
0xab77b 11900 0 11900
0xab77f 11900 0 11900
0xab783 11900 0 11900
0xab788 11900
0xab78b 11900 0 0 0 0 0 0 0 0 11900 1701
0xab791 11902 11902
0xab795 11902
0xab798 11902 0 0 0 0 0 0 0 0 11902
0xab79e 11900
0xab7a1 11900 0 0 0 0 0 0 0 0 11900 702
0xab7a7 11900 11900
0xab7ae 11900 0 0 0 0 0 0 0 0 11900
0xab7b0 11900
0xab83d 19 19 0 1
0xab844 19
0xab848 19
0xab84b 19
0xab84f 19 0 19 0 0 1
0xab853 19 19
0xab858 19 0 0 0 0 0 0 0 0 19 2
0xab85a 19 19
0xab861 19
0xab865 19 19
0xab86a 19
0xab86f 19 0 19
0xab877 19
0xab87a 19 0 0 0 0 0 0 0 0 19
0xab9c0 1702
0xab9c4 1702 0 0 0 0 0 0 0 0 1702
0xab9ca 1702
0xab9d0 1702
0xab9d3 1702 1702
0xab9dc 1702 0 0 0 0 0 0 0 0 1702
0xab9de 1702 0 1702
0xab9e3 1702
0xab9e6 1702 0 0 0 0 0 0 0 0 1702
0xab9f8 1702 0 0 1
0xab9fc 1702 1702 0 0 834
0xaba00 1702
0xaba03 1702
0xaba07 1702
0xaba0a 1702
0xaba0d 1702
0xaba10 1702 0 0 0 0 0 0 0 0 1702
0xaba12 1702
0xaba18 858
0xaba1b 858 0 0 0 0 0 0 0 0 858
0xaba21 858 858
0xaba28 858 0 0 0 0 0 0 0 0 858 250
0xaba3e 19 0 0 1
0xaba41 19 19 0 0 2
0xaba45 19
0xaba49 19
0xaba4c 19 0 0 0 0 0 0 0 0 19
0xabad8 11898
0xabadc 11898 0 0 0 0 0 0 0 0 11898
0xabae2 11898
0xabae8 11898
0xabaeb 11898 11898
0xabaf4 11898 0 0 0 0 0 0 0 0 11898
0xabae8 2
0xabaeb 2 2
0xabaf4 2 0 0 0 0 0 0 0 0 2
0xabaf6 11900 0 11900
0xabafb 11900
0xabafe 11900 0 0 0 0 0 0 0 0 11900 505
0xabb10 11900
0xabb14 11900 11900 0 0 6541
0xabb18 11900
0xabb1b 11900
0xabb1f 11900
0xabb22 11900
0xabb25 11900
0xabb28 11900 0 0 0 0 0 0 0 0 11900 404
0xabb2a 11898
0xabb30 858
0xabb32 858
0xabb37 858
0xabb3d 858
0xabb42 858
0xabb46 858 858
0xabb4a 858
0xabb4d 858 0 0 0 0 0 0 0 0 858 4
0xabb53 19
0xabb58 19
0xabb5c 19
0xabbc0 1702 1702
0xabbc6 1702
0xabbc8 1702 0 0 0 0 0 0 0 0 1702 2
0xabbca 1721 1721
0xabbce 1721 1721
0xabbd7 1721 0 0 0 0 0 0 0 0 1721
0xabbdd 1721
0xabbe1 1721
0xabbe4 1721 1721
0xabbe5 1721 1721
0xabbe7 1721 1721
0xabbe9 1721 1721
0xabbeb 1721 1721
0xabbed 1721 1721
0xabbee 1721 1721
0xabc10 11900 11900 0 1
0xabc14 11900
0xabc17 11900
0xabc1b 11900 11900
0xabc20 11900
0xabd79 19
0xabd7d 19
0xabd84 19 0 0 0 0 0 0 0 0 19
0xabda7 19
0xabdaa 19
0xabdb0 19
0xabdb3 19
0xabdb6 19
0xabdb9 19
0xabdbc 19
0xabdbf 19 0 0 1
0xabdc4 19
0xabdc8 19
0xabdcb 19 19 0 0 1
0xabdd3 19
0xabdd6 19
0xabdd8 19
0xabde0 19
0xabde3 19
0xabde5 19 0 0 0 0 0 0 0 0 19
0xabde7 19
0xabff8 19
0xabffc 19
0xabfff 19 0 0 1 0 0 0 0 0 19
0xac001 19
0xac003 19 19
0xac00b 19
0xac00d 19 0 0 0 0 0 0 0 0 19
0xac013 19
0xac017 19
0xac01b 19 0 0 0 0 0 0 0 0 19
0xac01d 19
0xac01f 19 19
0xac027 19
0xac029 19 0 0 0 0 0 0 0 0 19
0xac02f 19
0xac033 19
0xac037 19 0 0 0 0 0 0 0 0 19
0xac039 19
0xac03b 19 19 0 1
0xac043 19
0xac045 19 0 0 0 0 0 0 0 0 19
0xac04b 19
0xac04e 19 0 0 0 0 0 0 0 0 19 19
0xac060 19 19
0xac065 19 19 0 0 1
0xac069 19
0xac06d 19 19
0xac075 19 0 0 0 0 0 0 0 0 19
0xac07b 19
0xac07f 19 0 0 1
0xac082 19 0 0 0 0 0 0 0 0 19 2
0xac5b3 19
0xac5b6 19
0xac5b9 19 0 19
cfn=alloc_perturb
calls=8538 0xa92d0 
0xac5b9 76 38 0 0 0 0 0 0 0 19
0xac5be 19
0xac5c8 19 0 0 1
0xac5cc 19
0xac5cf 19
0xac5d6 19
0xac5d9 19 0 19
0xac5de 19
0xac5e1 19
0xac5e4 19
0xac5e7 19
0xac5eb 19
0xac5ef 19
0xac5f2 19
0xac5f6 19 0 19
0xac5fa 19 0 19 0 0 12 0 0 10
0xac5fe 19 0 0 1
0xac602 19

fn=calloc
0xae8a0 2 0 0 1
0xae8a4 2 0 2
0xae8a5 2
0xae8a8 2
0xae8ab 2 0 2
0xae8ad 2 0 2
0xae8af 2 0 2 0 0 1
0xae8b1 2 0 2
0xae8b3 2 0 2
0xae8b4 2
0xae8b8 2
0xae8bb 2
0xae8be 2 0 0 1
0xae8c1 2
0xae8c4 2 0 0 0 0 0 0 0 0 2
0xae8ca 2
0xae8cd 2
0xae8d0 2 0 0 0 0 0 0 0 0 2
0xae8d6 2 2
0xae8dd 2 0 0 0 0 0 0 0 0 2
0xae8e3 2 2
0xae8ea 2 2
0xae8ef 2 0 0 0 0 0 0 0 0 2 2
0xae8f5 2 2
0xae8fc 2 0 0 1 0 0 0 0 0 2
0xae902 2 2
0xae909 2 2
0xae90d 2
0xae910 2 0 0 0 0 0 0 0 0 2
0xae916 2
0xae918 2
0xae91d 2 0 2
0xae923 2 0 0 0 0 0 0 0 0 2
0xae929 2 2
0xae92e 2
0xae935 2 2
0xae939 2
0xae93d 2
0xae940 2 0 0 1 0 0 0 0 0 2
fi=./malloc/./malloc/arena.c
0xae942 2 2
0xae949 2
0xae951 2
0xae954 2
0xae957 2
0xae95e 2
0xae962 2
fe=./malloc/./malloc/malloc.c
0xae965 2 2
0xae969 2
0xae96c 2
0xae96f 2
0xae973 2
0xae976 2
0xae979 2 0 2 0 0 1
cfn=_int_malloc
calls=1064 0xab650 
0xae979 465 100 51 0 0 2 0 0 0 90 2
0xae97e 2 0 0 1
0xae981 2 0 0 0 0 0 0 0 0 2
0xae987 2 2
0xae98b 2
0xae98e 2
0xae991 2 0 0 0 0 0 0 0 0 2
0xae997 2
fi=./malloc/./malloc/arena.c
0xae99b 2
0xae99e 2 0 0 0 0 0 0 0 0 2
0xae9a4 2 2
0xae9ab 2
0xae9b3 2
0xae9b6 2
0xae9b9 2
0xae9c0 2 0 0 1
0xae9c4 2
fe=./malloc/./malloc/malloc.c
0xae9c7 2 2
0xae9ca 2 0 0 0 0 0 0 0 0 2
0xae9d0 2 2
0xae9d7 2 0 0 0 0 0 0 0 0 2
0xae9dd 2
0xae9e0 2 0 0 0 0 0 0 0 0 2 2
0xae9e6 2 2 2 0 0 0 0 0 0 2
0xae9ea 2
0xae9ed 2 0 0 0 0 0 0 0 0 2
0xaeaa1 2 0 0 1
0xaeaa5 2 2
0xaeaa6 2 2
0xaeaa8 2 2
0xaeaaa 2 2
0xaeaac 2 2
0xaeaae 2 2
0xaeaaf 2 2
0xaead1 2 2
0xaead5 2
0xaead8 2
0xaeadb 2
0xaeade 2 0 0 0 0 0 0 0 0 2
0xaeae0 2 2
0xaeae6 2
0xaeaea 2
0xaeaec 2 0 0 0 0 0 0 0 0 2
0xaeaee 2
0xaeaf1 2
0xaeaf4 2
0xaeaf8 2
0xaeafb 2
0xaeaff 2
0xaeb03 2
0xaeb07 2 0 0 0 0 0 0 0 0 2
0xaeb0d 2
0xaeb11 2 0 0 0 0 0 0 0 0 2
0xaeb17 2
0xaeb1b 2 0 2
0xaeb23 2 0 2
0xaeb26 2
0xaeb2a 2 0 0 0 0 0 0 0 0 2
0xaeb30 2 0 2
0xaeb34 2
0xaeb38 2 0 0 0 0 0 0 0 0 2 2

fn=_int_free
0xab250 2 0 2
0xab251 2
0xab254 2 0 2
0xab256 2 0 2
0xab258 2
0xab25b 2 0 2
0xab25c 2
0xab260 2 2
0xab264 2
0xab267 2
0xab26b 2
0xab26e 2
0xab271 2
0xab274 2 0 0 0 0 0 0 0 0 2
0xab27a 2
0xab27e 2 0 0 0 0 0 0 0 0 2 2
0xab284 2
0xab288 2 0 0 0 0 0 0 0 0 2
0xab28e 2
0xab291 2 0 0 0 0 0 0 0 0 2
0xab297 2
0xab29a 2 2
0xab2a1 2 2
0xab2a5 2
0xab2a8 2 0 0 0 0 0 0 0 0 2 2
0xab2aa 2
0xab2ae 2
0xab2b2 2 2
0xab2b9 2 0 0 0 0 0 0 0 0 2
0xab2bb 2 2
0xab2c2 2 2
0xab2c9 2
0xab2cd 2 2
0xab2d1 2 0 0 0 0 0 0 0 0 2
0xab2d7 2 2
0xab2dc 2
0xab2df 2
0xab2e2 2 0 0 0 0 0 0 0 0 2 1
0xab2e8 1 1
0xab2ef 1
0xab2f2 1 0 0 0 0 0 0 0 0 1
0xab2f8 1
0xab2fc 1 1
0xab300 1
0xab304 1 0 0 0 0 0 0 0 0 1
0xab30a 1
0xab30e 1 1
0xab315 1 0 0 0 0 0 0 0 0 1
0xab31b 1 1
0xab321 1
0xab325 1
0xab327 1 0 0 0 0 0 0 0 0 1
0xab32d 1 0 1
0xab334 1
0xab337 1
0xab33a 1
0xab33e 1 1
0xab345 1 1
0xab349 1 0 0 0 0 0 0 0 0 1
0xab363 1
0xab366 1 0 0 0 0 0 0 0 0 1
0xab368 1
0xab36c 1 0 0 0 0 0 0 0 0 1
0xab37d 2
0xab381 2 2
0xab382 2 2
0xab384 2 2
0xab386 2 2
0xab387 2 2
0xab3c0 1
0xab3c2 1
0xab3c6 1
0xab3ca 1
0xab3d0 1
0xab3d3 1
0xab3d6 1 0 1
0xab3da 1
0xab3dd 1 1
0xab3e6 1 0 0 0 0 0 0 0 0 1
0xab3e8 1 0 1
0xab3ed 1
0xab3f0 1 0 0 0 0 0 0 0 0 1
0xab3f9 1
0xab3fc 1 0 0 0 0 0 0 0 0 1
0xab428 1 1
0xab42f 1
0xab432 1 0 1
0xab436 1
0xab439 1
0xab43d 1 1
0xab445 1 0 1
0xab449 1 0 1
0xab451 1 0 1
0xab456 1

fn=free
0xade30 2
0xade34 2
0xade37 2 0 0 0 0 0 0 0 0 2 1
0xade3d 2 0 2
0xade3e 2
0xade41 2 0 2
0xade43 2
0xade47 2 0 2
0xade49 2 0 2
0xade4a 2
0xade4e 2 2
0xade55 2 2
0xade59 2 2
0xade5d 2
0xade5f 2 0 0 0 0 0 0 0 0 2
0xade61 2 2
0xade68 2 2
0xade6d 2 0 0 0 0 0 0 0 0 2
fi=./malloc/./malloc/arena.c
0xade73 2
0xade7a 2
0xade7c 2 0 0 0 0 0 0 0 0 2
0xade7e 2 2
0xade85 2
0xade8d 2
0xade90 2
0xade93 2
0xade9a 2
0xade9e 2
0xadea1 2 2
fe=./malloc/./malloc/malloc.c
0xadea4 2
0xadea7 2
0xadea9 2 0 2
cfn=_int_free
calls=67445 0xab250 
0xadea9 138 35 15 0 0 0 0 0 0 26 5
0xadeae 2 0 2
0xadeb2 2
0xadeb6 2 2
0xadeb7 2 2
0xadeb9 2 2
0xadebb 2 2
0xadebc 2 2

fn=_int_realloc
0xad030 2000 0 2000
0xad031 2000
0xad034 2000 0 2000
0xad036 2000 0 2000
0xad038 2000 0 2000
0xad03a 2000 0 2000
0xad03c 2000 0 2000
0xad03d 2000
0xad041 2000 2000
0xad045 2000
0xad049 2000 0 0 0 0 0 0 0 0 2000
0xad04f 2000
0xad052 2000 2000
0xad059 2000
0xad05c 2000
0xad05f 2000
0xad062 2000 0 0 0 0 0 0 0 0 2000
0xad068 2000
0xad06b 2000
0xad06f 2000
0xad072 2000 0 0 0 0 0 0 0 0 2000
0xad078 2000
0xad07c 2000 0 0 0 0 0 0 0 0 2000
0xad082 2000
0xad086 2000
0xad089 2000 2000
0xad08d 2000
0xad090 2000
0xad094 2000
0xad097 2000 0 0 0 0 0 0 0 0 2000
0xad09d 2000
0xad0a1 2000 0 0 0 0 0 0 0 0 2000
0xad0a7 2000
0xad0aa 2000 0 0 0 0 0 0 0 0 2000 2
0xad0ac 2000
0xad0b3 2000
0xad0b6 2000
0xad0b9 2000
0xad0bc 2000
0xad0bf 2000
0xad0c3 2000
0xad0c6 2000
0xad0ca 2000
0xad0cd 2000
0xad0d1 2000 0 0 0 0 0 0 0 0 2000
0xad0d7 2000
0xad0da 2000 0 2000
0xad0de 2000 0 2000
0xad0e3 2000
0xad0e7 2000
0xad0eb 2000
0xad0ee 2000 2000
0xad0ef 2000 2000
0xad0f1 2000 2000
0xad0f3 2000 2000
0xad0f5 2000 2000
0xad0f7 2000 2000
0xad0f8 2000 2000

fn=malloc
0xad750 13637
0xad754 13637 0 13637
0xad755 13637
0xad758 13637 0 13637 0 0 1
0xad75a 13637 0 13637
0xad75c 13637 0 13637 0 0 1
0xad75d 13637
0xad760 13637
0xad764 13637 13637
0xad76b 13637 0 0 0 0 0 0 0 0 13637
0xad771 13637
0xad774 13637 0 0 0 0 0 0 0 0 13637 1
0xad77a 13637
0xad77e 13637
0xad781 13637
0xad785 13637 0 0 0 0 0 0 0 0 13637 9
0xad787 6829
0xad78b 6829
0xad78f 6829
0xad793 6829 6829
0xad79a 6829 6829
0xad79f 6829
0xad7a2 6829 0 0 0 0 0 0 0 0 6829
0xad793 6808 6808
0xad79a 6808 6808
0xad79f 6808
0xad7a2 6808 0 0 0 0 0 0 0 0 6808
0xad7a8 13637 13637
0xad7af 13637 0 0 0 0 0 0 0 0 13637
0xad7b5 1719 1719
0xad7bc 1719 0 0 0 0 0 0 0 0 1719
0xad7c2 1719 1719
0xad7c9 1719 1719
0xad7cd 1719
0xad7d0 1719 0 0 0 0 0 0 0 0 1719
0xad7d6 1719
0xad7d8 1719
0xad7dd 1719 0 1719
0xad7e3 1719 0 0 0 0 0 0 0 0 1719 3
0xad7e9 1719
0xad7ec 1719
0xad7ef 1719 0 1719
cfn=_int_malloc
calls=18446 0xab650 
0xad7ef 639054 133040 73312 12 8037 13 0 0 10 124443 4461
0xad7f4 1719
0xad7f7 1719 0 0 0 0 0 0 0 0 1719 2
0xad7fd 1719
0xad7ff 1719 1719 1719 0 0 0 0 0 0 1719 2
0xad803 1719
0xad806 1719 0 0 0 0 0 0 0 0 1719
0xad80c 1719 1719
0xad810 1719
0xad813 1719 0 0 0 0 0 0 0 0 1719
fi=./malloc/./malloc/arena.c
0xad815 1719
0xad818 1719
0xad81f 1719 0 0 0 0 0 0 0 0 1719
0xad821 1719 1719
0xad828 1719
0xad830 1719
0xad833 1719
0xad836 1719
0xad83d 1719
fe=./malloc/./malloc/malloc.c
0xad841 1719
fi=./malloc/./malloc/arena.c
0xad845 1719
0xad848 1719 1719
fe=./malloc/./malloc/malloc.c
0xad84b 1719
0xad84e 1719 0 0 0 0 0 0 0 0 1719
0xad854 1719
0xad858 1719 1719
0xad859 1719 1719
0xad85b 1719 1719
0xad85d 1719 1719
0xad85e 1719 1719
0xad898 13637 13637
0xad89d 13637
0xad8a0 13637 0 0 0 0 0 0 0 0 13637 1711
0xad8a6 11918
0xad8ab 11918 11918 0 0 2
0xad8af 11918
0xad8b1 11918 0 0 0 0 0 0 0 0 11918
0xad8b7 11918
0xad8ba 11918
0xad8bd 11918
0xad8c1 11918 11918 0 0 15
0xad8c4 11918 0 11918
0xad8c8 11918 0 11918
0xad8cd 11918 0 11918
0xad8d5 11918
0xad8d9 11918 11918
0xad8da 11918 11918
0xad8dc 11918 11918
0xad8de 11918 11918
0xad8df 11918 11918

fn=realloc
0xae1a0 2000 0 0 1
0xae1a4 2000 0 2000
0xae1a5 2000
0xae1a8 2000 0 2000
0xae1aa 2000 0 2000
0xae1ac 2000 0 2000
0xae1ae 2000 0 2000
0xae1b0 2000
0xae1b3 2000 0 2000
0xae1b4 2000
0xae1b7 2000
0xae1bb 2000 2000
0xae1c2 2000 0 0 0 0 0 0 0 0 2000
0xae1c8 2000
0xae1cb 2000 0 0 0 0 0 0 0 0 2000 1200
0xae1f0 2000
0xae1f3 2000 0 0 0 0 0 0 0 0 2000
0xae1f5 2000 2000
0xae1f9 2000
0xae1fd 2000
0xae200 2000
0xae204 2000
0xae208 2000
0xae20c 2000 0 0 0 0 0 0 0 0 2000 2
0xae212 2000 2000 0 0 224
0xae218 2000 0 0 0 0 0 0 0 0 2000 2
0xae222 2000
0xae226 2000
0xae229 2000 2000
0xae22a 2000 2000
0xae22c 2000 2000
0xae22e 2000 2000
0xae230 2000 2000
0xae232 2000 2000
0xae233 2000 2000
0xae238 2000
0xae23c 2000
0xae23f 2000 0 0 0 0 0 0 0 0 2000 2
0xae241 2000
0xae244 2000
0xae248 2000 0 0 0 0 0 0 0 0 2000
0xae24a 2000 2000
0xae251 2000 2000
0xae256 2000 0 0 0 0 0 0 0 0 2000
fi=./malloc/./malloc/arena.c
0xae25c 2000
0xae263 2000
0xae267 2000 0 0 0 0 0 0 0 0 2000
fe=./malloc/./malloc/malloc.c
0xae26d 2000
0xae270 2000
0xae273 2000
0xae276 2000 0 0 0 0 0 0 0 0 2000 1
0xae27c 2000
0xae280 2000 0 0 0 0 0 0 0 0 2000
0xae286 2000
0xae289 2000 0 0 0 0 0 0 0 0 2000 798
0xae28f 2000
0xae294 2000
0xae297 2000
0xae29b 2000
0xae29f 2000
0xae2a4 2000
0xae2a8 2000
0xae2ac 2000 0 0 0 0 0 0 0 0 2000
0xae2b2 2000 2000
0xae2b9 2000 0 0 0 0 0 0 0 0 2000
0xae2bf 2000
0xae2c1 2000
0xae2c6 2000 0 2000
0xae2cb 2000 0 0 0 0 0 0 0 0 2000
0xae2d1 2000
0xae2d4 2000
0xae2d7 2000
0xae2da 2000
0xae2dd 2000 0 2000
0xae2e1 2000 0 2000
cfn=_int_realloc
calls=8294 0xad030 
0xae2e1 116000 20000 16000 0 0 0 0 0 0 16000 2
0xae2e6 2000 2000
0xae2ea 2000
0xae2ed 2000
0xae2ef 2000 2000 2000 0 0 0 0 0 0 2000
0xae2f2 2000
0xae2f5 2000 0 0 0 0 0 0 0 0 2000
0xae2fb 2000
0xae2fe 2000 0 0 0 0 0 0 0 0 2000 750
0xae304 2000 2000
0xae308 2000
0xae30a 2000 0 0 0 0 0 0 0 0 2000
fi=./malloc/./malloc/arena.c
0xae310 2000
0xae317 2000
0xae319 2000 0 0 0 0 0 0 0 0 2000
0xae31b 2000 2000
0xae322 2000
0xae32a 2000
0xae32d 2000
0xae330 2000
0xae337 2000
fe=./malloc/./malloc/malloc.c
0xae33b 2000
fi=./malloc/./malloc/arena.c
0xae33f 2000
0xae342 2000 2000
fe=./malloc/./malloc/malloc.c
0xae345 2000
0xae348 2000 0 0 0 0 0 0 0 0 2000
fi=./malloc/./malloc/arena.c
0xae3b0 2000 2000
0xae3b7 2000
0xae3bf 2000
0xae3c2 2000
0xae3c5 2000
0xae3cc 2000
0xae3d0 2000
0xae3d3 2000 2000
0xae3d6 2000
fe=./malloc/./malloc/malloc.c

ob=???
fl=???
fn=0x0000000008b745d0
0x8b745d0 4 0 4 1
0x8b745d1 4
0x8b745d4 4
0x8b745d8 4 0 4
0x8b745dc 4 0 4
0x8b745e1 4
0x8b745e4 4
0x8b745eb 4
0x8b745ee 4 0 0 0 0 0 0 0 0 4 1
0x8b74624 4 0 0 1
0x8b74627 4
0x8b7462d 4
0x8b74630 4 4 0 0 1
0x8b74638 4
0x8b7463f 4 0 0 1 0 0 0 0 0 4 1
0x8b74671 4
0x8b74676 4
0x8b7467d 4 4 0 1
0x8b74685 4
0x8b74689 4 0 0 0 0 0 0 0 0 4
0x8b7468f 4
0x8b74692 4 4
0x8b74696 4 4
0x8b7469b 4
0x8b7469f 4
0x8b746a2 4 4
0x8b746a3 4 4

fn=0x0000000008b74b38
0x8b74b38 800 0 800
0x8b74b39 800
0x8b74b3c 800
0x8b74b40 800 0 800
0x8b74b45 800 0 800
0x8b74b4a 800 0 800
0x8b74b4f 800 0 800
0x8b74b54 800
0x8b74b57 800 0 800
0x8b74b60 800 0 800
0x8b74b64 800
0x8b74b67 800
0x8b74b71 800
0x8b74b74 800
0x8b74b77 800 0 800
cob=/tmp/botlish-post-structural-fn-1/target/release/botlish-native
cfi=/tmp/botlish-post-structural-fn-1/native-audit/src/runtime/ops.rs
cfn=rt_str_len
calls=1600 0x1ea930 
0x8b74b77 8800 2400 800 0 2 0 0 0 0 800 1
0x8b74b79 800
0x8b74b7c 800 0 800
0x8b74b81 800
0x8b74b86 800 0 800
0x8b74b8f 800
0x8b74b92 800
0x8b74b95 800
0x8b74b98 800 0 800
cfn=0x0000000008b750b0
calls=1600 0x8b750b0 
0x8b74b98 5391291 1192207 913200 42 8272 886 0 0 9 817975 18925 76800 2
0x8b74b9d 800
0x8b74ba0 800
0x8b74ba3 800 0 0 0 0 0 0 0 0 800
0x8b74ba9 800 0 800
0x8b74bae 800
0x8b74bb5 800 0 0 0 0 0 0 0 0 800
0x8b74be7 800
0x8b74bec 800
0x8b74bf0 800 800 0 0 1
0x8b74bf8 800
0x8b74bfc 800 0 0 0 0 0 0 0 0 800
0x8b74c02 800
0x8b74c05 800
0x8b74c08 800
0x8b74c0e 800 0 0 0 0 0 0 0 0 800
0x8b74c3e 800
0x8b74c43 800
0x8b74c46 800 800
0x8b74c4e 800
0x8b74c52 800 0 0 0 0 0 0 0 0 800
0x8b74c58 400
0x8b74c5d 400
0x8b74c60 400
0x8b74c63 400
0x8b74c66 400 0 400
cfn=0x0000000008b74d89
calls=800 0x8b74d89 
0x8b74c66 33600 6000 7600 6 0 0 0 0 0 2400
0x8b74c6b 400
0x8b74c6e 400
0x8b74c71 400 0 0 0 0 0 0 0 0 400
0x8b74c77 400 400
0x8b74c7c 400 400
0x8b74c81 400
0x8b74c84 400 400
0x8b74c88 400 400
0x8b74c8f 400
0x8b74c99 400 0 400
cob=/tmp/botlish-post-structural-fn-1/target/release/botlish-native
cfi=/tmp/botlish-post-structural-fn-1/native-audit/src/runtime/ops.rs
cfn=rt_str_region_eq
calls=800 0x1ec3d0 
0x8b74c99 60400 10400 4000 9 3 0 0 0 0 13200 1551
0x8b74c9c 400
0x8b74ca0 400 0 0 0 0 0 0 0 0 400
0x8b74cb0 400 0 400
0x8b74cb9 400
0x8b74cc0 400 0 0 0 0 0 0 0 0 400
0x8b74cce 400
0x8b74cd1 400
0x8b74cd5 400
0x8b74cd8 400
0x8b74cdb 400
0x8b74cdd 400 0 0 0 0 0 0 0 0 400
0x8b74cfd 400 0 400
0x8b74d02 400
0x8b74d05 400
0x8b74d08 400
0x8b74d0b 400 0 400
cfn=0x0000000008b755f8
calls=800 0x8b755f8 
0x8b74d0b 1221200 179200 132000 38 7 0 0 0 0 202400 18263
0x8b74d10 400
0x8b74d13 400 0 0 0 0 0 0 0 0 400
0x8b74d3e 400
0x8b74d43 400
0x8b74d4d 800 800
0x8b74d52 800 800
0x8b74d57 800 800
0x8b74d5c 800 800
0x8b74d61 800
0x8b74d65 800
0x8b74d68 800 800
0x8b74d69 800 800

fn=0x0000000008b74000
0x8b74000 1 0 1 1
0x8b74001 1
0x8b74004 1
0x8b7400b 1 0 1
0x8b74013 1 0 1
0x8b7401b 1 0 1
0x8b74023 1 0 1
0x8b7402b 1 0 1
0x8b74033 1 0 1
0x8b7403c 1 0 1 1
0x8b74045 1 0 1
0x8b7404e 1 0 1
0x8b74057 1 0 1
0x8b74060 1 0 1
0x8b74069 1 0 1
0x8b74072 1 0 1
0x8b7407b 1 0 1 1
0x8b74084 1 0 1
0x8b7408d 1 0 1
0x8b74096 1 1 0 0 1
0x8b7409a 1 1 0 0 1
0x8b7409d 1 0 1
0x8b740a1 1 1
0x8b740a5 1 1
0x8b740a9 1 0 1
0x8b740ae 1 1
0x8b740b2 1 1
0x8b740b6 1 0 1
0x8b740bb 1 1
0x8b740bf 1 1 0 1
0x8b740c3 1 0 1
0x8b740c8 1 1
0x8b740cc 1 0 1 0 0 1
0x8b740d4 1 1
0x8b740d8 1 0 1
0x8b740dd 1
0x8b740e5 1 0 1
0x8b740ed 1 0 1
0x8b740f5 1 0 1
0x8b740fd 1 0 1 1
0x8b74105 1 0 1
0x8b7410d 1
0x8b74112 1
0x8b7411c 1
0x8b7411f 1 1
0x8b74127 1 0 1
cob=/tmp/botlish-post-structural-fn-1/target/release/botlish-native
cfi=/tmp/botlish-post-structural-fn-1/native-audit/src/runtime/ops.rs
cfn=rt_list_new
calls=2 0x1ea9a0 
0x8b74127 246 66 51 0 5 4 0 0 0 29 6 8
0x8b74129 1
0x8b7412c 1 0 0 0 0 0 0 0 0 1 1
0x8b74132 1 0 1
0x8b74136 1
0x8b74139 1 0 0 1
0x8b74143 1 1
0x8b7414b 1 0 1
cob=/tmp/botlish-post-structural-fn-1/target/release/botlish-native
cfi=/tmp/botlish-post-structural-fn-1/native-audit/src/runtime/ops.rs
cfn=rt_set_from_list
calls=2 0x1eb860 
0x8b7414b 1551 327 175 12 20 4 0 0 0 302 18 37 1
0x8b7414d 1 1
0x8b74155 1 1 0 0 1
0x8b74159 1 0 1 0 0 1
0x8b7415c 1 1
0x8b74160 1 1
0x8b74164 1 0 1
0x8b74168 1 0 1
0x8b74170 1 1
0x8b74174 1 1
0x8b74178 1 0 1
0x8b7417d 1 0 1 1
0x8b74185 1 1
0x8b74189 1 1
0x8b7418d 1 0 1
0x8b74192 1 0 1
0x8b7419a 1 1
0x8b7419e 1 1 0 0 1
0x8b741a2 1 0 1
0x8b741a7 1 0 1
0x8b741af 1 1
0x8b741b7 1 1
0x8b741bb 1 1
0x8b741bf 1 0 1 1
0x8b741c4 1 1
0x8b741cc 1 1
0x8b741d0 1 1
0x8b741d4 1 0 1
0x8b741d9 1 1
0x8b741e1 1 1
0x8b741e5 1 1
0x8b741e9 1 0 1
0x8b741ee 1 1
0x8b741f6 1 1
0x8b741fa 1 1
0x8b741fe 1 0 1 1
0x8b74203 1 1
0x8b7420b 1 1
0x8b7420f 1 1
0x8b74213 1 0 1
0x8b74218 1 1
0x8b74220 1 1
0x8b74224 1 1
0x8b74228 1 0 1
0x8b7422d 1 1
0x8b74235 1 1
0x8b74239 1 1
0x8b7423d 1 0 1 1
0x8b74242 1 1
0x8b7424a 1 1
0x8b7424e 1 1 0 0 1
0x8b74255 1 0 1
0x8b7425a 1 1
0x8b74262 1 1
0x8b74266 1 1
0x8b7426d 1 0 1
0x8b74272 1 1
0x8b7427a 1 1
0x8b7427e 1 1
0x8b74285 1 0 1
0x8b7428a 1 1
0x8b74292 1 1
0x8b74296 1 1
0x8b7429d 1 0 1
0x8b742a2 1 1
0x8b742aa 1 1
0x8b742ae 1 1
0x8b742b5 1 0 1
0x8b742ba 1
0x8b742c2 1 1
0x8b742ca 1 0 1
0x8b742d2 1 1
0x8b742da 1 0 1 0 0 1
0x8b742e2 1 1
0x8b742ea 1 0 1
0x8b742f2 1 1
0x8b742fa 1 0 1 1
0x8b74302 1 0 1
0x8b7430a 1 0 1
0x8b74312 1 0 1
0x8b7431a 1 0 1
0x8b74322 1 0 1
0x8b7432a 1 0 1 0 0 1
0x8b74332 1 0 1
0x8b7433a 1 0 1 1
0x8b74342 1 0 1
0x8b7434a 1 0 1
0x8b74352 1 0 1
0x8b7435a 1 0 1
0x8b74362 1
0x8b74367 1
0x8b74371 1 1
0x8b74379 1 0 1
cob=/tmp/botlish-post-structural-fn-1/target/release/botlish-native
cfi=/tmp/botlish-post-structural-fn-1/native-audit/src/runtime/ops.rs
cfn=rt_list_new
calls=2 0x1ea9a0 
0x8b74379 256 69 53 0 4 1 0 0 0 32 8 8
0x8b7437b 1
0x8b7437e 1 0 0 0 0 0 0 0 0 1 1
0x8b74384 1 1
0x8b7438c 1 1
0x8b74390 1 0 1
0x8b74394 1 0 1
0x8b7439c 1 0 1
0x8b743a5 1 0 1
0x8b743ae 1 0 1
0x8b743b7 1
0x8b743bf 1 0 1 1
0x8b743cb 1 0 1
0x8b743d7 1 0 1
0x8b743e3 1 0 1
0x8b743ef 1
0x8b743f4 1
0x8b743fe 1 0 1
cob=/tmp/botlish-post-structural-fn-1/target/release/botlish-native
cfi=/tmp/botlish-post-structural-fn-1/native-audit/src/runtime/ops.rs
cfn=rt_list_new
calls=2 0x1ea9a0 
0x8b743fe 246 66 51 0 1 1 0 0 0 29 0 8
0x8b74400 1 0 0 1
0x8b74403 1 0 0 0 0 0 0 0 0 1 1
0x8b74409 1 0 1
0x8b7440d 1
0x8b74410 1 1
0x8b74418 1 0 1
cfn=0x0000000008b746f8
calls=2 0x8b746f8 
0x8b74418 2717 630 493 21 7 4 0 0 0 363 44 48 1
0x8b7441d 1
0x8b74420 1 0 0 0 0 0 0 0 0 1
0x8b74426 1 1
0x8b7442e 1 1
0x8b74432 1 0 1 0 0 1
0x8b74436 1 1
0x8b7443a 1 1 0 1
0x8b74441 1 0 1
0x8b74445 1 0 1
cfn=0x0000000008b75b5d
calls=2 0x8b75b5d 
0x8b74445 7372 1744 1341 83 15 26 0 0 0 1045 141 87 1
0x8b7444a 1
0x8b7444d 1 0 0 0 0 0 0 0 0 1 1
0x8b74453 1 0 1
0x8b74457 1
0x8b7445a 1
0x8b7445f 1 0 1
0x8b74468 1
0x8b7446d 1 0 1
0x8b74476 1 1
0x8b7447e 1 1
0x8b74482 1 1
0x8b74489 1 0 1
0x8b7448e 1
0x8b74491 1 0 1
cfn=0x0000000008b7636d
calls=2 0x8b7636d 
0x8b74491 3542579 671907 509110 89 2253 251 0 0 0 541701 32883 26400 2
0x8b74496 1
0x8b74499 1
0x8b7449c 1 0 0 0 0 0 0 0 0 1
0x8b744a2 1 0 1
0x8b744a7 1
0x8b744ac 1 0 1
0x8b744b5 1
0x8b744ba 1 0 1 1
0x8b744c3 1 1 0 0 1
0x8b744cb 1 1
0x8b744cf 1 1 0 0 1
0x8b744d6 1 0 1
0x8b744db 1
0x8b744de 1 0 1
cfn=0x0000000008b7636d
calls=2 0x8b7636d 
0x8b744de 3252770 726314 564110 8 6034 635 0 0 9 505076 5859 50400
0x8b744e3 1
0x8b744e6 1 0 0 0 0 0 0 0 0 1
0x8b744ec 1 0 1
0x8b744f0 1
0x8b744f8 1 0 1 0 0 1
0x8b74500 1 0 1
0x8b74508 1
0x8b7450d 1
0x8b74517 1 1
0x8b7451f 1 0 1
cob=/tmp/botlish-post-structural-fn-1/target/release/botlish-native
cfi=/tmp/botlish-post-structural-fn-1/native-audit/src/runtime/ops.rs
cfn=rt_list_new
calls=2 0x1ea9a0 
0x8b7451f 581 128 77 2 1 2 0 0 2 87 9 8
0x8b74521 1
0x8b74524 1 0 0 0 0 0 0 0 0 1 1
0x8b74561 1 1 0 0 1
0x8b74569 1 1
0x8b74571 1 1
0x8b74579 1 1
0x8b74581 1 1
0x8b74589 1
0x8b74590 1
0x8b74593 1 1 0 0 1
0x8b74594 1 1

fn=0x0000000008b74a37
0x8b74a37 3 0 3 1
0x8b74a38 3
0x8b74a3b 3
0x8b74a3f 3 0 3 1
0x8b74a43 3 0 3
0x8b74a48 3
0x8b74a4b 3
0x8b74a4e 3
0x8b74a51 3
0x8b74a54 3 0 3
cfn=0x0000000008b749a3
calls=6 0x8b749a3 
0x8b74a54 34 6 3 2 0 0 0 0 0 5 3
0x8b74a59 3
0x8b74a5d 3 0 0 0 0 0 0 0 0 3
0x8b74a63 3
0x8b74a66 3
0x8b74a69 3 0 3
cfn=0x0000000008b749ed
calls=6 0x8b749ed 
0x8b74a69 32 6 3 0 0 0 0 0 0 5 1
0x8b74a6e 3
0x8b74a72 3 0 0 0 0 0 0 0 0 3
0x8b74a78 1
0x8b74a7d 1
0x8b74a82 2
0x8b74a87 2
0x8b74a91 3 3
0x8b74a95 3 3
0x8b74a9a 3
0x8b74a9e 3
0x8b74aa1 3 3
0x8b74aa2 3 3

fn=0x0000000008b75c22
0x8b75c22 1 0 1
0x8b75c23 1
0x8b75c26 1
0x8b75c2a 1 0 1
0x8b75c2f 1 0 1
0x8b75c34 1 0 1
0x8b75c39 1 0 1
0x8b75c3e 1 0 1
0x8b75c42 1
0x8b75c45 1 1
0x8b75c49 1
0x8b75c4c 1 1
0x8b75c50 1 0 1
0x8b75c55 1
0x8b75c58 1
0x8b75c5b 1 0 1
cfn=0x0000000008b75bbb
calls=2 0x8b75bbb 
0x8b75c5b 16 2 3 0 0 0 0 0 0 1
0x8b75c60 1
0x8b75c66 1 0 0 0 0 0 0 0 0 1
0x8b75c74 1
0x8b75c77 1 1
0x8b75c7b 1
0x8b75c7e 1
0x8b75c81 1
0x8b75c84 1 0 0 0 0 0 0 0 0 1 1
0x8b75caa 1 1
0x8b75cae 1 1
0x8b75cb2 1 0 1
0x8b75cb6 1
0x8b75cb9 1
0x8b75cbc 1 1
0x8b75cc0 1 1
0x8b75cc4 1
0x8b75cc7 1
0x8b75ccc 1
0x8b75cd6 1
0x8b75cd9 1 0 1
cob=/tmp/botlish-post-structural-fn-1/target/release/botlish-native
cfi=/tmp/botlish-post-structural-fn-1/native-audit/src/runtime/ops.rs
cfn=rt_int_mod
calls=2 0x1e75d0 
0x8b75cd9 45 7 7 5 0 0 0 0 0 5 2
0x8b75cdb 1
0x8b75cde 1 0 0 0 0 0 0 0 0 1
0x8b75ce4 1
0x8b75cea 1 0 0 0 0 0 0 0 0 1 1
0x8b75cfb 1
0x8b75cfe 1 1
0x8b75d02 1
0x8b75d05 1
0x8b75d08 1
0x8b75d0b 1
0x8b75d0e 1 0 0 0 0 0 0 0 0 1 1
0x8b75d34 1 1
0x8b75d38 1 1
0x8b75d3c 1 0 1
0x8b75d41 1
0x8b75d46 1 0 1
0x8b75d4f 1
0x8b75d52 1 0 1
0x8b75d57 1 0 1
0x8b75d60 1 0 1
0x8b75d65 1
0x8b75d6a 1
0x8b75d6f 1
0x8b75d79 1
0x8b75d7c 1 0 1
cob=/tmp/botlish-post-structural-fn-1/target/release/botlish-native
cfi=/tmp/botlish-post-structural-fn-1/native-audit/src/runtime/construct.rs
cfn=rt_construct
calls=2 0x1f1170 
0x8b75d7c 818 201 141 0 6 7 0 0 0 126 12 9
0x8b75d7f 1 0 0 1
0x8b75d82 1 0 0 0 0 0 0 0 0 1 1
0x8b75da8 1 1
0x8b75dad 1 1
0x8b75db2 1 1
0x8b75db7 1 1
0x8b75dbc 1
0x8b75dc0 1
0x8b75dc3 1 1
0x8b75dc4 1 1

fn=0x0000000008b75bbb
0x8b75bbb 1 0 1
0x8b75bbc 1
0x8b75bbf 1
0x8b75bc3 1 0 1
0x8b75bc7 1 0 1
0x8b75bd0 1
0x8b75bd7 1 0 0 0 0 0 0 0 0 1
0x8b75bf3 1
0x8b75bfa 1
0x8b75bfd 1
0x8b75c01 1
0x8b75c04 1
0x8b75c08 1
0x8b75c0c 1
0x8b75c0f 1 1
0x8b75c10 1 1

fn=0x0000000008b74e8f
0x8b74e8f 6800 0 6800
0x8b74e90 6800
0x8b74e93 6800
0x8b74e97 6800 0 6800
0x8b74e9c 6800 0 6800
0x8b74ea1 6800 0 6800
0x8b74ea6 6800
0x8b74ea9 6800 0 6800
0x8b74ead 6800 0 6800
0x8b74eb2 6800
0x8b74eb5 6800 0 6800
0x8b74ebe 6800
0x8b74ec5 6800 0 0 0 0 0 0 0 0 6800
0x8b74ed3 6800
0x8b74ed6 6800
0x8b74eda 6800
0x8b74edd 6800
0x8b74ee0 6800
0x8b74ee2 6800 0 0 0 0 0 0 0 0 6800
0x8b74f02 6800 0 6800
0x8b74f07 6800
0x8b74f11 6800
0x8b74f14 6800
0x8b74f17 6800
0x8b74f1a 6800 0 6800
cob=/tmp/botlish-post-structural-fn-1/target/release/botlish-native
cfi=/tmp/botlish-post-structural-fn-1/native-audit/src/runtime/ops.rs
cfn=rt_substr
calls=13600 0x1ec920 
0x8b74f1a 3593291 871407 647600 31 8267 886 0 0 9 529975 14921 58800 1
0x8b74f1c 6800
0x8b74f1f 6800 0 0 0 0 0 0 0 0 6800
0x8b74f40 6800 6800
0x8b74f45 6800 6800
0x8b74f4a 6800 6800
0x8b74f4f 6800
0x8b74f53 6800
0x8b74f56 6800 6800
0x8b74f57 6800 6800

fn=0x0000000008b755f8
0x8b755f8 400 0 400 1
0x8b755f9 400
0x8b755fc 400 0 0 1
0x8b75603 400 0 400
0x8b75608 400 0 400
0x8b7560d 400 0 400
0x8b75615 400 0 400
0x8b7561d 400 0 400
0x8b75625 400 0 400
0x8b7562e 400 0 400
0x8b75632 400 0 400
0x8b75637 400 0 400
0x8b7563c 400
0x8b7563f 400 0 400 1
0x8b75644 400
0x8b75647 400
0x8b7564a 400
0x8b7564d 400
0x8b75650 400
0x8b75653 400
0x8b75659 400 0 0 0 0 0 0 0 0 400
0x8b7564a 800
0x8b7564d 800
0x8b75650 800
0x8b75653 800
0x8b75659 800 0 0 0 0 0 0 0 0 800
0x8b75689 1200 0 0 1
0x8b7568c 1200
0x8b75691 1200
0x8b75694 1200
0x8b75697 1200 1200 0 0 1
0x8b7569f 1200
0x8b756a3 1200 0 0 0 0 0 0 0 0 1200 1
0x8b756dc 1200
0x8b756e1 1200
0x8b756e4 1200
0x8b756e7 1200
0x8b756ea 1200 0 1200
cfn=0x0000000008b74d89
calls=2400 0x8b74d89 
0x8b756ea 100800 18000 22800 0 0 0 0 0 0 7200
0x8b756ef 1200
0x8b756f2 1200
0x8b756f5 1200 0 0 0 0 0 0 0 0 1200
0x8b756fb 1200 1200
0x8b75700 1200 1200
0x8b75705 1200 1200
0x8b75709 1200 1200
0x8b7570c 1200
0x8b75716 1200
0x8b75719 1200 0 1200
cob=/tmp/botlish-post-structural-fn-1/target/release/botlish-native
cfi=/tmp/botlish-post-structural-fn-1/native-audit/src/runtime/ops.rs
cfn=rt_str_region_eq
calls=2400 0x1ec3d0 
0x8b75719 228400 35200 12000 1 0 0 0 0 0 48800 4353
0x8b7571b 1200
0x8b7571f 1200 0 0 0 0 0 0 0 0 1200 400
0x8b75725 800
0x8b7572a 800
0x8b7572d 800
0x8b75730 800
0x8b75733 800 0 800
cfn=0x0000000008b74d89
calls=1600 0x8b74d89 
0x8b75733 67200 12000 15200 0 0 0 0 0 0 4800
0x8b75738 800
0x8b7573b 800 0 800
0x8b75740 800 0 0 0 0 0 0 0 0 800
0x8b75746 800 800
0x8b7574b 800 0 800
0x8b75750 800 800
0x8b75755 800 0 800
0x8b7575a 800
0x8b75764 800 800
0x8b75769 800
0x8b7576c 800 0 800
cob=/tmp/botlish-post-structural-fn-1/target/release/botlish-native
cfi=/tmp/botlish-post-structural-fn-1/native-audit/src/runtime/ops.rs
cfn=rt_str_region_is_tcl_alnum
calls=1600 0x1ec5b0 
0x8b7576c 140800 20400 8000 10 3 0 0 0 0 29600 4352
0x8b7576e 800
0x8b75771 800 0 0 0 0 0 0 0 0 800
0x8b75777 800
0x8b7577b 800 0 0 1 0 0 0 0 0 800
0x8b757c5 800 0 0 1
0x8b757ca 800
0x8b757ce 800 0 0 0 0 0 0 0 0 800
0x8b757de 800
0x8b757e3 800
0x8b757e7 800 0 0 0 0 0 0 0 0 800
0x8b75820 400 0 0 1
0x8b75823 400
0x8b75826 400
0x8b75829 400
0x8b75830 400 0 0 0 0 0 0 0 0 400
0x8b75861 400 0 0 1
0x8b75866 400
0x8b75869 400
0x8b7586c 400 400
0x8b75874 400
0x8b75878 400 0 0 0 0 0 0 0 0 400
0x8b7587e 400 0 400 1
0x8b75887 400
0x8b7588a 400
0x8b75891 400 0 0 0 0 0 0 0 0 400
0x8b75897 400
0x8b7589a 400
0x8b7589d 400
0x8b758a1 400
0x8b758a4 400
0x8b758a8 400
0x8b758aa 400 0 0 0 0 0 0 0 0 400
0x8b758ca 400 0 400 1
0x8b758cf 400
0x8b758d4 400
0x8b758d7 400
0x8b758da 400 0 400
cfn=0x0000000008b74d89
calls=800 0x8b74d89 
0x8b758da 33600 6000 7600 0 0 0 0 0 0 2400
0x8b758df 400
0x8b758e2 400
0x8b758e5 400 0 0 0 0 0 0 0 0 400
0x8b758eb 400 400
0x8b758f0 400 400
0x8b758f5 400 400
0x8b758f9 400 400
0x8b758fc 400 0 0 1
0x8b75906 400
0x8b75909 400 0 400
cob=/tmp/botlish-post-structural-fn-1/target/release/botlish-native
cfi=/tmp/botlish-post-structural-fn-1/native-audit/src/runtime/ops.rs
cfn=rt_str_region_eq
calls=800 0x1ec3d0 
0x8b75909 78000 12000 4000 0 0 0 0 0 0 16400 1600
0x8b7590b 400
0x8b7590f 400 0 0 0 0 0 0 0 0 400
0x8b75915 400 0 400
0x8b7591e 400
0x8b75921 400
0x8b75928 400 0 0 0 0 0 0 0 0 400 5
0x8b7592e 400
0x8b75931 400
0x8b75935 400
0x8b75938 400
0x8b7593a 400 0 0 0 0 0 0 0 0 400 1
0x8b7595a 400 0 400 1
0x8b7595f 400
0x8b75962 400
0x8b75965 400
0x8b75968 400 0 400
cfn=0x0000000008b75430
calls=800 0x8b75430 
0x8b75968 469200 62400 47200 11 3 0 0 0 0 78800 7551
0x8b7596d 400
0x8b75970 400 0 0 0 0 0 0 0 0 400
0x8b759a7 400
0x8b759ab 400 0 0 0 0 0 0 0 0 400
0x8b759b1 800 0 0 1
0x8b759b6 800 0 800
0x8b759bf 800 0 0 1
0x8b759c2 800
0x8b759c9 800 0 0 0 0 0 0 0 0 800
0x8b759cf 800
0x8b759d2 800
0x8b759d5 800
0x8b759d9 800
0x8b759dc 800
0x8b759de 800 0 0 0 0 0 0 0 0 800
0x8b759e4 800
0x8b759e7 800
0x8b759ea 800
0x8b75a07 800 0 800 1
0x8b75a0c 800
0x8b75a0f 800
0x8b75a12 800
0x8b75a17 400
0x8b75a1c 400 400
0x8b75a21 400 400
0x8b75a26 400 400
0x8b75a2e 400 400
0x8b75a36 400 400
0x8b75a3e 400 0 0 1
0x8b75a45 400
0x8b75a48 400 400
0x8b75a49 400 400

fn=0x0000000008b75430
0x8b75430 400 0 400 1
0x8b75431 400
0x8b75434 400
0x8b75438 400 0 400
0x8b7543d 400 0 400 1
0x8b75442 400 0 400
0x8b75447 400 0 400
0x8b7544c 400
0x8b7544f 400 0 400
0x8b75453 400
0x8b75456 400 0 400
0x8b7545b 400
0x8b7545e 400 0 400
0x8b75463 400
0x8b75466 400
0x8b75469 400
0x8b7546c 400
0x8b7546f 400 0 400
cfn=0x0000000008b75268
calls=800 0x8b75268 
0x8b7546f 445600 59200 43200 6 2 0 0 0 0 76400 7551
0x8b75474 400
0x8b75477 400
0x8b7547a 400
0x8b7547d 400 0 0 1 0 0 0 0 0 400
0x8b754a3 400
0x8b754a6 400 0 400
0x8b754ab 400
0x8b754ae 400
0x8b754b1 400
0x8b754b7 400 0 0 0 0 0 0 0 0 400
0x8b754e7 400 0 0 1
0x8b754ec 400
0x8b754ef 400
0x8b754f2 400 400 0 0 1
0x8b754fa 400
0x8b754fe 400 0 0 1 0 0 0 0 0 400
0x8b75511 400
0x8b75514 400
0x8b75517 400
0x8b7551e 400 0 0 0 0 0 0 0 0 400
0x8b7552f 400
0x8b75532 400
0x8b75535 400
0x8b75538 400
0x8b7553b 400
0x8b7553e 400
0x8b75542 400
0x8b75544 400 0 0 0 0 0 0 0 0 400
0x8b75562 400
0x8b75569 400 0 0 0 0 0 0 0 0 400
0x8b7559b 400
0x8b755a0 400
0x8b755a4 400 400
0x8b755ac 400 400
0x8b755b1 400 400
0x8b755b6 400 400
0x8b755bb 400 400
0x8b755c0 400
0x8b755c4 400
0x8b755c7 400 400
0x8b755c8 400 400

fn=0x0000000008b76000
0x8b76000 3 0 3 1
0x8b76001 3
0x8b76004 3
0x8b76008 3 0 3
0x8b7600d 3 0 3
0x8b76012 3 0 3
0x8b76017 3
0x8b7601a 3 0 3
0x8b76023 3 0 3
0x8b7602c 3 0 3
0x8b76030 3
0x8b76033 3
0x8b7603d 3
0x8b76040 3 0 0 1
0x8b76043 3 0 3
cob=/tmp/botlish-post-structural-fn-1/target/release/botlish-native
cfi=/tmp/botlish-post-structural-fn-1/native-audit/src/runtime/ops.rs
cfn=rt_str_utf8_bytes
calls=6 0x1ec6f0 
0x8b76043 1145 281 190 3 0 1 0 0 0 174 13 21
0x8b76045 3
0x8b76048 3
0x8b7604b 3
0x8b7604e 3 0 0 0 0 0 0 0 0 3
0x8b76054 3
0x8b76057 3 0 3
0x8b7605b 3
0x8b76065 3
0x8b76068 3
0x8b7606b 3 0 3
cob=/tmp/botlish-post-structural-fn-1/target/release/botlish-native
cfi=/tmp/botlish-post-structural-fn-1/native-audit/src/runtime/ops.rs
cfn=rt_str_len
calls=6 0x1ea930 
0x8b7606b 33 9 3 0 0 0 0 0 0 3
0x8b7606d 3
0x8b76070 3
0x8b76074 3 0 0 0 0 0 0 0 0 3
0x8b760b1 3 0 0 1
0x8b760b4 3 3
0x8b760b8 3
0x8b760bb 3
0x8b760be 3 0 0 1 0 0 0 0 0 3
0x8b760ec 3
0x8b760ef 3 3
0x8b760f3 3 3
0x8b760f6 3
0x8b760f9 3 0 3
cfn=0x0000000008b75ad4
calls=6 0x8b75ad4 
0x8b760f9 536 97 91 7 0 0 0 0 0 62 9 4
0x8b760fe 3 0 0 1
0x8b76102 3 0 0 0 0 0 0 0 0 3
0x8b76108 1
0x8b7610d 1 0 1
0x8b76116 1
0x8b76119 1 1
0x8b7611d 1 1
0x8b76124 1 0 1
0x8b76129 1
0x8b7612c 1 0 1
cfn=0x0000000008b75dfc
calls=2 0x8b75dfc 
0x8b7612c 1593 378 276 23 6 7 0 0 0 233 39 12
0x8b76131 1
0x8b76134 1 0 0 0 0 0 0 0 0 1 1
0x8b76155 1
0x8b76158 1
0x8b7615b 1 1
0x8b76160 1 1
0x8b76165 1 1
0x8b7616a 1
0x8b7616e 1
0x8b76171 1 1
0x8b76172 1 1
0x8b76158 2 0 0 1
0x8b7615b 2 2
0x8b76160 2 2
0x8b76165 2 2
0x8b7616a 2
0x8b7616e 2
0x8b76171 2 2
0x8b76172 2 2

fn=0x0000000008b74ab4
0x8b74ab4 3 0 3
0x8b74ab5 3
0x8b74ab8 3
0x8b74abc 3 0 3
0x8b74ac0 3 0 3
0x8b74ac5 3
0x8b74ac8 3
0x8b74acb 3
0x8b74ace 3
0x8b74ad1 3 0 3
cfn=0x0000000008b74a37
calls=6 0x8b74a37 
0x8b74ad1 141 24 21 4 0 0 0 0 0 16 4
0x8b74ad6 3
0x8b74ada 3 0 0 0 0 0 0 0 0 3
0x8b74ae0 1
0x8b74ae3 1
0x8b74ae6 1 0 1
cfn=0x0000000008b74959
calls=2 0x8b74959 
0x8b74ae6 10 2 1 1 0 0 0 0 0 1
0x8b74aeb 1
0x8b74aef 1 0 0 0 0 0 0 0 0 1
0x8b74af5 1
0x8b74afa 1
0x8b74b09 2
0x8b74b0e 2 2
0x8b74b12 2 2
0x8b74b17 2
0x8b74b1b 2
0x8b74b1e 2 2
0x8b74b1f 2 2
0x8b74b0e 1 1
0x8b74b12 1 1
0x8b74b17 1
0x8b74b1b 1
0x8b74b1e 1 1
0x8b74b1f 1 1

fn=0x0000000008b75000
0x8b75000 6800 0 6800
0x8b75001 6800
0x8b75004 6800
0x8b75008 6800 0 6800
0x8b7500c 6800 0 6800
0x8b75011 6800
0x8b75014 6800
0x8b75017 6800
0x8b75021 6800
0x8b75024 6800
0x8b75027 6800 0 6800
cob=/tmp/botlish-post-structural-fn-1/target/release/botlish-native
cfi=/tmp/botlish-post-structural-fn-1/native-audit/src/runtime/ops.rs
cfn=rt_is_tcl_alnum
calls=13600 0x1ea440 
0x8b75027 370000 102400 68000 3 4 0 0 0 0 48000 1601
0x8b75029 6800
0x8b7502c 6800 0 0 0 0 0 0 0 0 6800
0x8b75047 6800 0 0 1
0x8b7504b 6800 0 0 0 0 0 0 0 0 6800
0x8b75051 1200
0x8b75054 1200 1200
0x8b75058 1200 1200
0x8b7505b 1200
0x8b75065 1200
0x8b75068 1200 0 1200
cob=/tmp/botlish-post-structural-fn-1/target/release/botlish-native
cfi=/tmp/botlish-post-structural-fn-1/native-audit/src/runtime/ops.rs
cfn=rt_set_contains
calls=2400 0x1eb7e0 
0x8b75068 758400 142800 74400 2 0 0 0 0 0 157200 2001 18000 1
0x8b7506a 1200
0x8b7506e 1200 0 0 0 0 0 0 0 0 1200
0x8b75074 400
0x8b75079 400
0x8b7507e 800
0x8b75083 800
0x8b75088 5600
0x8b7508d 5600 5600
0x8b75091 5600 5600
0x8b75096 5600
0x8b7509a 5600
0x8b7509d 5600 5600
0x8b7509e 5600 5600
0x8b7508d 1200 1200
0x8b75091 1200 1200
0x8b75096 1200
0x8b7509a 1200
0x8b7509d 1200 1200
0x8b7509e 1200 1200

fn=0x0000000008b75dfc
0x8b75dfc 1 0 1 1
0x8b75dfd 1
0x8b75e00 1 0 0 1
0x8b75e07 1 0 1
0x8b75e0c 1 0 1
0x8b75e11 1 0 1
0x8b75e16 1 0 1
0x8b75e1b 1 0 1
0x8b75e23 1 0 1
0x8b75e27 1 0 1
0x8b75e2c 1
0x8b75e2f 1
0x8b75e32 1
0x8b75e37 1 0 1
0x8b75e3c 1 0 0 1
0x8b75e46 1
0x8b75e49 1
0x8b75e4c 1 0 1
cob=/tmp/botlish-post-structural-fn-1/target/release/botlish-native
cfi=/tmp/botlish-post-structural-fn-1/native-audit/src/runtime/ops.rs
cfn=rt_str_len
calls=2 0x1ea930 
0x8b75e4c 11 3 1 0 0 0 0 0 0 1
0x8b75e3c 1
0x8b75e46 1
0x8b75e49 1
0x8b75e4c 1 0 1
cob=/tmp/botlish-post-structural-fn-1/target/release/botlish-native
cfi=/tmp/botlish-post-structural-fn-1/native-audit/src/runtime/ops.rs
cfn=rt_str_len
calls=2 0x1ea930 
0x8b75e4c 11 3 1 0 0 0 0 0 0 1
0x8b75e4e 2
0x8b75e51 2
0x8b75e54 2 0 0 0 0 0 0 0 0 2 1
0x8b75e5a 1 1
0x8b75e5e 1 1
0x8b75e62 1 0 1
0x8b75e67 1 1
0x8b75e6c 1
0x8b75e6f 1
0x8b75e72 1
0x8b75e76 1
0x8b75e79 1
0x8b75e7c 1 0 0 1 0 0 0 0 0 1 1
0x8b75eaf 1 1
0x8b75eb4 1 1
0x8b75eb8 1 0 1
0x8b75ebd 1
0x8b75ec0 1 0 1 1
cfn=0x0000000008b75c22
calls=2 0x8b75c22 
0x8b75ec0 950 226 167 6 6 7 0 0 0 138 18 9
0x8b75ec5 1
0x8b75ec8 1 0 0 0 0 0 0 0 0 1 1
0x8b75ece 1 0 1
0x8b75ed3 1
0x8b75ed6 1 0 1
0x8b75edf 1 1
0x8b75ee4 1 0 1
0x8b75ee9 1 0 1
0x8b75ef2 1 0 1
0x8b75ef7 1 0 1
0x8b75f00 1 0 0 1
0x8b75f03 1 0 1
0x8b75f08 1
0x8b75f0d 1
0x8b75f12 1
0x8b75f1c 1
0x8b75f1f 1
0x8b75f22 1 0 1
cob=/tmp/botlish-post-structural-fn-1/target/release/botlish-native
cfi=/tmp/botlish-post-structural-fn-1/native-audit/src/runtime/construct.rs
cfn=rt_construct
calls=2 0x1f1170 
0x8b75f22 541 132 82 11 0 0 0 0 0 88 17 3
0x8b75f24 1
0x8b75f27 1 0 0 0 0 0 0 0 0 1 1
0x8b75f58 1 0 1
0x8b75f5c 1 0 1
0x8b75f61 1
0x8b75f68 1
0x8b75f6b 1
0x8b75f6e 1 0 1
0x8b75f73 1
0x8b75f78 1 1
0x8b75f7d 1 1
0x8b75f82 1 1
0x8b75f87 1 1
0x8b75f8c 1 1
0x8b75f91 1 1
0x8b75f99 1
0x8b75fa0 1
0x8b75fa3 1 1
0x8b75fa4 1 1

fn=0x0000000008b75268
0x8b75268 400 0 400 1
0x8b75269 400
0x8b7526c 400
0x8b75270 400 0 400
0x8b75275 400 0 400
0x8b7527a 400 0 400
0x8b7527f 400 0 400
0x8b75284 400
0x8b75287 400
0x8b7528a 400 0 400
0x8b75293 400 0 400
0x8b75297 400 0 400
0x8b7529c 400
0x8b7529f 400 0 400
0x8b752a4 400
0x8b752a7 400
0x8b752aa 400
0x8b752ad 400
0x8b752b0 400
0x8b752b3 400
0x8b752b9 400 0 0 0 0 0 0 0 0 400
0x8b752ad 1200
0x8b752b0 1200
0x8b752b3 1200
0x8b752b9 1200 0 0 0 0 0 0 0 0 1200
0x8b752e9 1600
0x8b752ee 1600
0x8b752f1 1600
0x8b752f4 1600
0x8b752f7 1600 1600 0 0 1
0x8b752ff 1600 0 0 1
0x8b75303 1600 0 0 0 0 0 0 0 0 1600 400
0x8b75309 400
0x8b7530c 400 400
0x8b75311 400 400
0x8b75316 400 400
0x8b7531b 400 400
0x8b75320 400
0x8b75324 400
0x8b75327 400 400
0x8b75328 400 400
0x8b75329 1200
0x8b7532e 1200
0x8b75331 1200
0x8b75334 1200
0x8b75337 1200 0 1200
cfn=0x0000000008b74d89
calls=2400 0x8b74d89 
0x8b75337 100800 18000 22800 0 0 0 0 0 0 7200 1
0x8b7533c 1200
0x8b7533f 1200 0 0 1
0x8b75342 1200 0 0 0 0 0 0 0 0 1200
0x8b75348 1200 1200
0x8b7534d 1200 1200
0x8b75352 1200
0x8b7535c 1200
0x8b7535f 1200 0 1200
cob=/tmp/botlish-post-structural-fn-1/target/release/botlish-native
cfi=/tmp/botlish-post-structural-fn-1/native-audit/src/runtime/ops.rs
cfn=rt_str_region_is_tcl_alpha
calls=2400 0x1ec650 
0x8b7535f 279600 34800 12000 2 1 0 0 0 0 60000 7150
0x8b75361 1200
0x8b75364 1200 0 0 0 0 0 0 0 0 1200
0x8b7538a 1200
0x8b7538e 1200 0 0 0 0 0 0 0 0 1200
0x8b753b4 1200 0 1200
0x8b753bd 1200
0x8b753c0 1200 0 0 1
0x8b753c6 1200 0 0 0 0 0 0 0 0 1200
0x8b753cc 1200
0x8b753cf 1200
0x8b753d2 1200
0x8b753d6 1200
0x8b753d9 1200
0x8b753db 1200 0 0 0 0 0 0 0 0 1200
0x8b753f8 1200 0 1200
0x8b753fd 1200
0x8b75400 1200
0x8b75403 1200

fn=0x0000000008b761aa
0x8b761aa 1 0 1 1
0x8b761ab 1
0x8b761ae 1
0x8b761b5 1 0 1
0x8b761ba 1 0 1
0x8b761bf 1 0 1
0x8b761c4 1 0 1
0x8b761c9 1 0 1
0x8b761ce 1
0x8b761d1 1 0 1
0x8b761da 1 0 1
0x8b761e3 1 0 1
0x8b761e7 1 0 1
0x8b761ec 1
0x8b761ef 1
0x8b761f2 1
0x8b761f5 1
0x8b761fa 1
0x8b76204 1
0x8b76207 1
0x8b7620a 1 0 1
cob=/tmp/botlish-post-structural-fn-1/target/release/botlish-native
cfi=/tmp/botlish-post-structural-fn-1/native-audit/src/runtime/ops.rs
cfn=rt_str_len
calls=2 0x1ea930 
0x8b7620a 11 3 1 0 1 0 0 0 0 1
0x8b761fa 3
0x8b76204 3
0x8b76207 3
0x8b7620a 3 0 3
cob=/tmp/botlish-post-structural-fn-1/target/release/botlish-native
cfi=/tmp/botlish-post-structural-fn-1/native-audit/src/runtime/ops.rs
cfn=rt_str_len
calls=6 0x1ea930 
0x8b7620a 33 9 3 0 0 0 0 0 0 3
0x8b7620c 4
0x8b7620f 4
0x8b76212 4 0 0 0 0 0 0 0 0 4 1
0x8b76218 3
0x8b7621b 3
0x8b7621e 3
0x8b76222 3 0 3
0x8b76227 3
0x8b7622e 3
0x8b76231 3
0x8b76234 3
0x8b76238 3 0 3
0x8b7623d 3 0 0 1
0x8b76247 3
0x8b7624a 3
0x8b7624d 3 0 3
cob=/tmp/botlish-post-structural-fn-1/target/release/botlish-native
cfi=/tmp/botlish-post-structural-fn-1/native-audit/src/runtime/ops.rs
cfn=rt_substr
calls=6 0x1ec920 
0x8b7624d 932 250 201 0 3 3 0 0 0 127 9 24 1
0x8b7624f 3
0x8b76252 3 0 0 0 0 0 0 0 0 3
0x8b76258 3 0 3
0x8b7625d 3
0x8b76260 3
0x8b76263 3 0 3
cfn=0x0000000008b76000
calls=6 0x8b76000 
0x8b76263 3462 791 596 39 6 8 0 0 0 485 62 37
0x8b76268 3
0x8b7626b 3 0 0 0 0 0 0 0 0 3
0x8b76271 3 0 3
0x8b76276 3 0 3
0x8b7627f 3
0x8b76282 3 0 3
0x8b76287 3 0 3
0x8b76290 3 0 3
0x8b76295 3
0x8b7629a 3
0x8b7629f 3
0x8b762a9 3
0x8b762ac 3
0x8b762af 3 0 3
cob=/tmp/botlish-post-structural-fn-1/target/release/botlish-native
cfi=/tmp/botlish-post-structural-fn-1/native-audit/src/runtime/construct.rs
cfn=rt_construct
calls=6 0x1f1170 
0x8b762af 2073 499 336 33 4 15 0 0 0 331 47 15
0x8b762b1 3
0x8b762b4 3 0 0 0 0 0 0 0 0 3 2
0x8b762ba 3 0 3
0x8b762be 3 0 3
0x8b762c3 3
0x8b762c6 3
0x8b762c9 3
0x8b762ce 1
0x8b762d1 1
0x8b762d4 1
0x8b762d9 1 0 1
0x8b762e2 1 0 1
0x8b762e7 1
0x8b762ec 1
0x8b762f6 1
0x8b762f9 1 0 1
cob=/tmp/botlish-post-structural-fn-1/target/release/botlish-native
cfi=/tmp/botlish-post-structural-fn-1/native-audit/src/runtime/construct.rs
cfn=rt_construct
calls=2 0x1f1170 
0x8b762f9 660 181 143 7 0 0 0 0 0 83 19 11
0x8b762fb 1
0x8b762fe 1 0 0 1 0 0 0 0 0 1 1
0x8b7632c 1 1
0x8b76331 1 1
0x8b76336 1 1
0x8b7633b 1 1
0x8b76340 1 1 0 1
0x8b76345 1
0x8b7634c 1
0x8b7634f 1 1
0x8b76350 1 1

fn=0x0000000008b75ad4
0x8b75ad4 3 0 3
0x8b75ad5 3
0x8b75ad8 3
0x8b75adc 3 0 3
0x8b75ae0 3 0 3
0x8b75ae5 3
0x8b75ae8 3
0x8b75aeb 3
0x8b75aee 3 0 3
cfn=0x0000000008b74ab4
calls=6 0x8b74ab4 
0x8b75aee 214 38 35 5 0 0 0 0 0 21 4
0x8b75af3 3
0x8b75af7 3 0 0 0 0 0 0 0 0 3 1
0x8b75afd 1 1
0x8b75b01 1 1
0x8b75b05 1
0x8b75b0f 1
0x8b75b12 1
0x8b75b15 1 0 1
cob=/tmp/botlish-post-structural-fn-1/target/release/botlish-native
cfi=/tmp/botlish-post-structural-fn-1/native-audit/src/runtime/ops.rs
cfn=rt_set_contains
calls=2 0x1eb7e0 
0x8b75b15 259 45 43 2 0 0 0 0 0 37 4 4
0x8b75b17 1
0x8b75b1b 1 0 0 0 0 0 0 0 0 1
0x8b75b21 1
0x8b75b26 1
0x8b75b35 2
0x8b75b3a 2 2
0x8b75b3e 2 2
0x8b75b43 2
0x8b75b47 2
0x8b75b4a 2 2
0x8b75b4b 2 2
0x8b75b3a 1 1
0x8b75b3e 1 1
0x8b75b43 1
0x8b75b47 1
0x8b75b4a 1 1
0x8b75b4b 1 1

fn=0x0000000008b749ed
0x8b749ed 3 0 3
0x8b749ee 3
0x8b749f1 3
0x8b749f4 3
0x8b749f8 3 0 0 0 0 0 0 0 0 3 1
0x8b749fe 1
0x8b74a03 1
0x8b74a08 2
0x8b74a0c 2 0 0 0 0 0 0 0 0 2
0x8b74a1c 2
0x8b74a21 2
0x8b74a24 2 2
0x8b74a25 2 2
0x8b74a21 1
0x8b74a24 1 1
0x8b74a25 1 1

fn=0x0000000008b74959
0x8b74959 1 0 1 1
0x8b7495a 1
0x8b7495d 1
0x8b74960 1
0x8b74964 1 0 0 0 0 0 0 0 0 1
0x8b7496a 1
0x8b7496f 1
0x8b7498d 1
0x8b74990 1 1
0x8b74991 1 1

fn=0x0000000008b7636d
0x8b7636d 2 0 2
0x8b7636e 2
0x8b76371 2
0x8b76375 2 0 2
0x8b7637a 2 0 2
0x8b7637f 2 0 2
0x8b76384 2 0 2
0x8b76389 2 0 2
0x8b7638e 2
0x8b76391 2 0 2
0x8b7639a 2 0 2
0x8b7639e 2 0 2
0x8b763a3 2 0 2
0x8b763a8 2
0x8b763ab 2
0x8b763ae 2
0x8b763b1 2
0x8b763b4 2
0x8b763b7 2 0 0 0 0 0 0 0 0 2
0x8b763b4 800
0x8b763b7 800 0 0 0 0 0 0 0 0 800 2
0x8b763bd 800
0x8b763c0 800
0x8b763c3 800
0x8b763c6 800 0 800
cfn=0x0000000008b74b38
calls=1600 0x8b74b38 
0x8b763c6 6770091 1398207 1069200 95 8285 886 0 0 9 1042775 38740 76800 2
0x8b763cb 800
0x8b763ce 800 0 0 0 0 0 0 0 0 800
0x8b763f9 800
0x8b763fd 800 0 0 1 0 0 0 0 0 800
0x8b76403 400
0x8b76408 400 0 400
0x8b76411 400
0x8b76414 400
0x8b76419 400
0x8b7641e 400 0 400
0x8b76427 400
0x8b7642a 400
0x8b7642d 400
0x8b76430 400
0x8b76436 400 0 0 0 0 0 0 0 0 400
0x8b7642a 400
0x8b7642d 400
0x8b76430 400
0x8b76436 400 0 0 0 0 0 0 0 0 400
0x8b7643c 800
0x8b76440 800 0 0 1
0x8b76443 800
0x8b76446 800
0x8b76449 800
0x8b7644b 800 0 0 0 0 0 0 0 0 800
0x8b76460 800 0 800
0x8b76464 800 0 800
0x8b76469 800
0x8b7646c 800 0 800
0x8b76471 800
0x8b76475 800
0x8b76478 800
0x8b7647b 800
0x8b76480 2
0x8b76483 2 2
0x8b76488 2 2
0x8b7648d 2 2
0x8b76492 2 2
0x8b76497 2 2
0x8b7649c 2
0x8b764a0 2
0x8b764a3 2 2 0 0 2
0x8b764a4 2 2

fn=0x0000000008b75b5d
0x8b75b5d 1 0 1
0x8b75b5e 1
0x8b75b61 1
0x8b75b65 1 0 1
0x8b75b69 1
0x8b75b6e 1 0 1
0x8b75b77 1 1
0x8b75b7b 1 1 0 0 1
0x8b75b82 1 0 1
0x8b75b87 1 0 1
cfn=0x0000000008b761aa
calls=2 0x8b761aa 
0x8b75b87 7356 1740 1336 83 14 26 0 0 0 1044 141 87 1
0x8b75b8c 1
0x8b75b8f 1 0 0 0 0 0 0 0 0 1
0x8b75ba1 1
0x8b75ba5 1
0x8b75ba8 1 1
0x8b75ba9 1 1

fn=0x0000000008b746f8
0x8b746f8 1 0 1
0x8b746f9 1
0x8b746fc 1
0x8b74700 1 0 1
0x8b74705 1 0 1
0x8b7470a 1 0 1
0x8b7470f 1 0 1
0x8b74714 1 0 1
0x8b74719 1
0x8b7471c 1 0 1
0x8b74725 1 0 1
0x8b7472e 1 0 1
0x8b74732 1
0x8b7473c 1
0x8b7473f 1
0x8b74742 1 0 1
cob=/tmp/botlish-post-structural-fn-1/target/release/botlish-native
cfi=/tmp/botlish-post-structural-fn-1/native-audit/src/runtime/ops.rs
cfn=rt_str_len
calls=2 0x1ea930 
0x8b74742 11 3 1 0 0 0 0 0 0 1
0x8b74744 1 0 1
0x8b74749 1
0x8b7474c 1 0 1
0x8b74755 1
0x8b74758 1
0x8b74762 1
0x8b74765 1
0x8b74768 1 0 1
cob=/tmp/botlish-post-structural-fn-1/target/release/botlish-native
cfi=/tmp/botlish-post-structural-fn-1/native-audit/src/runtime/ops.rs
cfn=rt_list_new
calls=2 0x1ea9a0 
0x8b74768 158 44 36 0 1 2 0 0 0 18 2 4
0x8b7476a 1
0x8b7476d 1 0 0 0 0 0 0 0 0 1
0x8b74773 1 0 1
0x8b74778 1
0x8b7477d 1
0x8b74780 1 0 0 1
0x8b74783 1
0x8b74786 1
0x8b74789 1
0x8b7478c 1
0x8b7478f 1
0x8b74795 1 0 0 0 0 0 0 0 0 1
0x8b74786 4
0x8b74789 4
0x8b7478c 4
0x8b7478f 4
0x8b74795 4 0 0 0 0 0 0 0 0 4
0x8b747c5 5 0 0 1
0x8b747ca 5
0x8b747cd 5
0x8b747d0 5 5 0 0 1
0x8b747d8 5
0x8b747dc 5 0 0 0 0 0 0 0 0 5 1
0x8b747e2 1
0x8b747e5 1 0 1
0x8b747e9 1
0x8b747f3 1
0x8b747f6 1 0 1
cob=/tmp/botlish-post-structural-fn-1/target/release/botlish-native
cfi=/tmp/botlish-post-structural-fn-1/native-audit/src/runtime/ops.rs
cfn=rt_set_from_list
calls=2 0x1eb860 
0x8b747f6 668 153 116 1 1 0 0 0 0 93 18 13 1
0x8b747f8 1 1
0x8b747fd 1 1
0x8b74802 1 1
0x8b74807 1 1
0x8b7480c 1 1
0x8b74811 1
0x8b74815 1
0x8b74818 1 1
0x8b74819 1 1
0x8b7481a 4 0 0 1
0x8b7481d 4
0x8b74824 4 0 0 0 0 0 0 0 0 4
0x8b7482a 4 4
0x8b7482e 4
0x8b74831 4
0x8b74834 4
0x8b74837 4
0x8b7483a 4 0 0 0 0 0 0 0 0 4
0x8b74867 4 4 0 1
0x8b7486b 4 4
0x8b7486f 4
0x8b74872 4 0 4
cfn=0x0000000008b745a3
calls=8 0x8b745a3 
0x8b74872 60 16 12 1
0x8b74877 4
0x8b7487a 4
0x8b7487d 4 0 4 1
cfn=0x0000000008b745d0
calls=8 0x8b745d0 
0x8b7487d 108 24 12 4 1 0 0 0 0 12 2
0x8b74882 4
0x8b74885 4 0 0 0 0 0 0 0 0 4
0x8b7488b 4 0 4
0x8b74890 4
0x8b74893 4
0x8b7489d 4
0x8b748a0 4
0x8b748a3 4 0 4
cob=/tmp/botlish-post-structural-fn-1/target/release/botlish-native
cfi=/tmp/botlish-post-structural-fn-1/native-audit/src/runtime/ops.rs
cfn=rt_list_append
calls=8 0x1ea580 
0x8b748a3 1432 366 272 8 3 2 0 0 0 204 21 31
0x8b748a5 4
0x8b748a8 4 0 0 0 0 0 0 0 0 4
0x8b748d3 4 0 4 1
0x8b748d8 4
0x8b748db 4
0x8b748e0 4 0 4
0x8b748e9 4
0x8b748ec 4
0x8b748f3 4 0 0 0 0 0 0 0 0 4
0x8b748f9 4
0x8b748fc 4
0x8b748ff 4 0 0 1
0x8b74903 4
0x8b74906 4
0x8b74908 4 0 0 0 0 0 0 0 0 4
0x8b7490e 4
0x8b74911 4
0x8b74914 4
0x8b74931 4 0 4
0x8b74936 4
0x8b74939 4

fn=0x0000000008b745a3
0x8b745a3 4 0 4
0x8b745a4 4
0x8b745a7 4
0x8b745b1 4 0 4
cob=/tmp/botlish-post-structural-fn-1/target/release/botlish-native
cfi=/tmp/botlish-post-structural-fn-1/native-audit/src/runtime/ops.rs
cfn=rt_char_codepoint
calls=8 0x1e67c0 
0x8b745b1 32 8 4 1
0x8b745b4 4
0x8b745b7 4 4
0x8b745b8 4 4

fn=0x0000000008b749a3
0x8b749a3 3 0 3 1
0x8b749a4 3
0x8b749a7 3
0x8b749aa 3
0x8b749ae 3 0 0 0 0 0 0 0 0 3 3
0x8b749b4 1
0x8b749b9 1
0x8b749be 2 0 0 1
0x8b749c2 2 0 0 0 0 0 0 0 0 2
0x8b749c8 2
0x8b749cd 2
0x8b749d7 3
0x8b749da 3 3
0x8b749db 3 3

fn=0x0000000008b750b0
0x8b750b0 800 0 800 1
0x8b750b1 800
0x8b750b4 800
0x8b750b8 800 0 800
0x8b750bd 800 0 800 1
0x8b750c2 800 0 800
0x8b750c7 800 0 800
0x8b750cc 800
0x8b750cf 800
0x8b750d2 800 0 800
0x8b750db 800 0 800
0x8b750df 800 0 800
0x8b750e4 800
0x8b750e7 800 0 800
0x8b750ec 800
0x8b750ef 800
0x8b750f2 800
0x8b750f5 800
0x8b750f8 800
0x8b750fb 800 0 0 1
0x8b75101 800 0 0 0 0 0 0 0 0 800 1
0x8b750f5 6400
0x8b750f8 6400
0x8b750fb 6400
0x8b75101 6400 0 0 0 0 0 0 0 0 6400
0x8b75131 7200
0x8b75136 7200
0x8b75139 7200
0x8b7513c 7200
0x8b7513f 7200 7200 0 1 1
0x8b75147 7200
0x8b7514b 7200 0 0 0 0 0 0 0 0 7200 401
0x8b75151 400
0x8b75154 400 400
0x8b75159 400 400
0x8b7515e 400 400
0x8b75163 400 400
0x8b75168 400
0x8b7516c 400
0x8b7516f 400 400
0x8b75170 400 400
0x8b75171 6800
0x8b75174 6800
0x8b75177 6800
0x8b7517a 6800 0 6800
cfn=0x0000000008b74e8f
calls=13600 0x8b74e8f 
0x8b7517a 3824491 905407 708800 31 8267 886 0 0 9 550375 14921 58800 1
0x8b7517f 6800 0 0 1
0x8b75182 6800
0x8b75185 6800 0 0 0 0 0 0 0 0 6800
0x8b7518b 6800
0x8b7518e 6800 0 6800
cfn=0x0000000008b75000
calls=13600 0x8b75000 
0x8b7518e 1288800 274800 170800 6 4 0 0 0 0 220000 3602 18000 1
0x8b75193 6800
0x8b75196 6800 0 0 0 0 0 0 0 0 6800
0x8b751bc 6800
0x8b751c0 6800 0 0 0 0 0 0 0 0 6800
0x8b751c6 400
0x8b751c9 400 400
0x8b751ce 400 400
0x8b751d3 400 400
0x8b751d8 400 400
0x8b751dd 400
0x8b751e1 400
0x8b751e4 400 400
0x8b751e5 400 400
0x8b751e6 6400 0 6400
0x8b751ef 6400
0x8b751f2 6400
0x8b751f8 6400 0 0 0 0 0 0 0 0 6400
0x8b751fe 6400
0x8b75201 6400
0x8b75204 6400
0x8b75208 6400
0x8b7520b 6400
0x8b7520d 6400 0 0 0 0 0 0 0 0 6400
0x8b7522a 6400 0 6400
0x8b7522f 6400
0x8b75232 6400
0x8b75235 6400

fn=0x0000000008b74d89
0x8b74d89 4000 0 4000
0x8b74d8a 4000
0x8b74d8d 4000
0x8b74d91 4000 0 4000
0x8b74d96 4000 0 4000
0x8b74d9b 4000 0 4000
0x8b74da0 4000 0 4000
0x8b74da5 4000 0 4000
0x8b74daa 4000
0x8b74dad 4000
0x8b74db0 4000 0 4000
0x8b74db4 4000 0 4000
0x8b74db9 4000
0x8b74dbc 4000 0 4000 1
0x8b74dc5 4000
0x8b74dcc 4000 0 0 0 0 0 0 0 0 4000
0x8b74dda 4000
0x8b74ddd 4000
0x8b74de1 4000
0x8b74de4 4000
0x8b74de7 4000
0x8b74de9 4000 0 0 0 0 0 0 0 0 4000
0x8b74def 4000
0x8b74df2 4000
0x8b74e11 4000 0 0 1
0x8b74e1b 4000
0x8b74e1e 4000
0x8b74e21 4000
0x8b74e24 4000
0x8b74e27 4000 0 4000
cob=/tmp/botlish-post-structural-fn-1/target/release/botlish-native
cfi=/tmp/botlish-post-structural-fn-1/native-audit/src/runtime/ops.rs
cfn=rt_str_region_check
calls=8000 0x1ebfa0 
0x8b74e27 152000 32000 28000 3 0 0 0 0 0 12000 1
0x8b74e29 4000
0x8b74e2c 4000 0 0 0 0 0 0 0 0 4000
0x8b74e57 4000 0 0 1
0x8b74e5a 4000 0 4000
0x8b74e5d 4000
0x8b74e60 4000 0 4000
0x8b74e64 4000
0x8b74e67 4000 4000
0x8b74e6c 4000 4000
0x8b74e71 4000 4000
0x8b74e76 4000 4000
0x8b74e7b 4000 4000
0x8b74e80 4000
0x8b74e84 4000
0x8b74e87 4000 4000
0x8b74e88 4000 4000

totals: 6808550 1401336 1075560 232 8349 934 0 0 11 1048672 38973 77005 6
